#VRML V2.0 utf8
# SPH0641LU4H
# Knowles SPH0641LU4H-1 bottom-port MEMS PDM microphone, 3.50x2.65x0.98 mm
# Units: inches (KiCad 3D viewer convention, scale 1 1 1)
# Z-up, XY = KiCad footprint coordinates, z=0 PCB top
WorldInfo {
  title "SPH0641LU4H"
  info [ "Knowles SPH0641LU4H-1 bottom-port MEMS PDM microphone, 3.50x2.65x0.98 mm" ]
}
Group { children [
  # housing  material=dark_plastic
  Shape {
    appearance Appearance {
      material Material {
        diffuseColor 0.1000 0.1000 0.1200
        specularColor 0.2800 0.2800 0.3200
        shininess 0.220
        ambientIntensity 0.220
        emissiveColor 0 0 0
        transparency 0.000
      }
    }
    geometry IndexedFaceSet {
      solid TRUE
      creaseAngle 0.9
      coord Coordinate { point [
        -0.0462598 -0.1003937 0.0114173
        -0.0462598 -0.1003937 0.0366142
        0.0462598 -0.1003937 0.0366142
        0.0462598 -0.1003937 0.0114173
        -0.0462598 -0.1003937 0.0114173
        -0.0462598 -0.1003937 0.0366142
        -0.0465496 -0.1003866 0.0114173
        -0.0468387 -0.1003653 0.0114173
        -0.0471264 -0.1003298 0.0114173
        -0.0474120 -0.1002802 0.0114173
        -0.0476948 -0.1002167 0.0114173
        -0.0479741 -0.1001394 0.0114173
        -0.0482493 -0.1000485 0.0114173
        -0.0485198 -0.0999442 0.0114173
        -0.0487848 -0.0998267 0.0114173
        -0.0490437 -0.0996964 0.0114173
        -0.0492959 -0.0995535 0.0114173
        -0.0495408 -0.0993984 0.0114173
        -0.0497778 -0.0992315 0.0114173
        -0.0500063 -0.0990532 0.0114173
        -0.0502257 -0.0988639 0.0114173
        -0.0504357 -0.0986640 0.0114173
        -0.0506355 -0.0984541 0.0114173
        -0.0508249 -0.0982346 0.0114173
        -0.0510032 -0.0980061 0.0114173
        -0.0511701 -0.0977691 0.0114173
        -0.0513252 -0.0975242 0.0114173
        -0.0514680 -0.0972720 0.0114173
        -0.0515984 -0.0970131 0.0114173
        -0.0517158 -0.0967481 0.0114173
        -0.0518201 -0.0964777 0.0114173
        -0.0519111 -0.0962025 0.0114173
        -0.0519884 -0.0959231 0.0114173
        -0.0520519 -0.0956403 0.0114173
        -0.0521014 -0.0953547 0.0114173
        -0.0521369 -0.0950670 0.0114173
        -0.0521582 -0.0947780 0.0114173
        -0.0521654 -0.0944882 0.0114173
        -0.0521654 -0.0944882 0.0366142
        -0.0521582 -0.0947780 0.0366142
        -0.0521369 -0.0950670 0.0366142
        -0.0521014 -0.0953547 0.0366142
        -0.0520519 -0.0956403 0.0366142
        -0.0519884 -0.0959231 0.0366142
        -0.0519111 -0.0962025 0.0366142
        -0.0518201 -0.0964777 0.0366142
        -0.0517158 -0.0967481 0.0366142
        -0.0515984 -0.0970131 0.0366142
        -0.0514680 -0.0972720 0.0366142
        -0.0513252 -0.0975242 0.0366142
        -0.0511701 -0.0977691 0.0366142
        -0.0510032 -0.0980061 0.0366142
        -0.0508249 -0.0982346 0.0366142
        -0.0506355 -0.0984541 0.0366142
        -0.0504357 -0.0986640 0.0366142
        -0.0502257 -0.0988639 0.0366142
        -0.0500063 -0.0990532 0.0366142
        -0.0497778 -0.0992315 0.0366142
        -0.0495408 -0.0993984 0.0366142
        -0.0492959 -0.0995535 0.0366142
        -0.0490437 -0.0996964 0.0366142
        -0.0487848 -0.0998267 0.0366142
        -0.0485198 -0.0999442 0.0366142
        -0.0482493 -0.1000485 0.0366142
        -0.0479741 -0.1001394 0.0366142
        -0.0476948 -0.1002167 0.0366142
        -0.0474120 -0.1002802 0.0366142
        -0.0471264 -0.1003298 0.0366142
        -0.0468387 -0.1003653 0.0366142
        -0.0465496 -0.1003866 0.0366142
        -0.0462598 -0.1003937 0.0366142
        -0.0462598 -0.0984252 0.0385827
        0.0462598 -0.1003937 0.0366142
        0.0462598 -0.0984252 0.0385827
        -0.0462598 -0.1003937 0.0114173
        0.0462598 -0.1003937 0.0114173
        0.0465496 -0.1003866 0.0114173
        0.0468387 -0.1003653 0.0114173
        0.0471264 -0.1003298 0.0114173
        0.0474120 -0.1002802 0.0114173
        0.0476948 -0.1002167 0.0114173
        0.0479741 -0.1001394 0.0114173
        0.0482493 -0.1000485 0.0114173
        0.0485198 -0.0999442 0.0114173
        0.0487848 -0.0998267 0.0114173
        0.0490437 -0.0996964 0.0114173
        0.0492959 -0.0995535 0.0114173
        0.0495408 -0.0993984 0.0114173
        0.0497778 -0.0992315 0.0114173
        0.0500063 -0.0990532 0.0114173
        0.0502257 -0.0988639 0.0114173
        0.0504357 -0.0986640 0.0114173
        0.0506355 -0.0984541 0.0114173
        0.0508249 -0.0982346 0.0114173
        0.0510032 -0.0980061 0.0114173
        0.0511701 -0.0977691 0.0114173
        0.0513252 -0.0975242 0.0114173
        0.0514680 -0.0972720 0.0114173
        0.0515984 -0.0970131 0.0114173
        0.0517158 -0.0967481 0.0114173
        0.0518201 -0.0964777 0.0114173
        0.0519111 -0.0962025 0.0114173
        0.0519884 -0.0959231 0.0114173
        0.0520519 -0.0956403 0.0114173
        0.0521014 -0.0953547 0.0114173
        0.0521369 -0.0950670 0.0114173
        0.0521582 -0.0947780 0.0114173
        0.0521654 -0.0944882 0.0114173
        0.0521654 0.0314961 0.0114173
        0.0521582 0.0317858 0.0114173
        0.0521369 0.0320749 0.0114173
        0.0521014 0.0323626 0.0114173
        0.0520519 0.0326482 0.0114173
        0.0519884 0.0329310 0.0114173
        0.0519111 0.0332103 0.0114173
        0.0518201 0.0334856 0.0114173
        0.0517158 0.0337560 0.0114173
        0.0515984 0.0340210 0.0114173
        0.0514680 0.0342799 0.0114173
        0.0513252 0.0345321 0.0114173
        0.0511701 0.0347770 0.0114173
        0.0510032 0.0350140 0.0114173
        0.0508249 0.0352425 0.0114173
        0.0506355 0.0354620 0.0114173
        0.0504357 0.0356719 0.0114173
        0.0502257 0.0358718 0.0114173
        0.0500063 0.0360611 0.0114173
        0.0497778 0.0362394 0.0114173
        0.0495408 0.0364063 0.0114173
        0.0492959 0.0365614 0.0114173
        0.0490437 0.0367043 0.0114173
        0.0487848 0.0368346 0.0114173
        0.0485198 0.0369520 0.0114173
        0.0482493 0.0370564 0.0114173
        0.0479741 0.0371473 0.0114173
        0.0476948 0.0372246 0.0114173
        0.0474120 0.0372881 0.0114173
        0.0471264 0.0373377 0.0114173
        0.0468387 0.0373731 0.0114173
        0.0465496 0.0373945 0.0114173
        0.0462598 0.0374016 0.0114173
        -0.0462598 0.0374016 0.0114173
        -0.0465496 0.0373945 0.0114173
        -0.0468387 0.0373731 0.0114173
        -0.0471264 0.0373377 0.0114173
        -0.0474120 0.0372881 0.0114173
        -0.0476948 0.0372246 0.0114173
        -0.0479741 0.0371473 0.0114173
        -0.0482493 0.0370564 0.0114173
        -0.0485198 0.0369520 0.0114173
        -0.0487848 0.0368346 0.0114173
        -0.0490437 0.0367043 0.0114173
        -0.0492959 0.0365614 0.0114173
        -0.0495408 0.0364063 0.0114173
        -0.0497778 0.0362394 0.0114173
        -0.0500063 0.0360611 0.0114173
        -0.0502257 0.0358718 0.0114173
        -0.0504357 0.0356719 0.0114173
        -0.0506355 0.0354620 0.0114173
        -0.0508249 0.0352425 0.0114173
        -0.0510032 0.0350140 0.0114173
        -0.0511701 0.0347770 0.0114173
        -0.0513252 0.0345321 0.0114173
        -0.0514680 0.0342799 0.0114173
        -0.0515984 0.0340210 0.0114173
        -0.0517158 0.0337560 0.0114173
        -0.0518201 0.0334856 0.0114173
        -0.0519111 0.0332103 0.0114173
        -0.0519884 0.0329310 0.0114173
        -0.0520519 0.0326482 0.0114173
        -0.0521014 0.0323626 0.0114173
        -0.0521369 0.0320749 0.0114173
        -0.0521582 0.0317858 0.0114173
        -0.0521654 0.0314961 0.0114173
        -0.0521654 -0.0944882 0.0114173
        -0.0465496 -0.1003866 0.0114173
        -0.0468387 -0.1003653 0.0114173
        -0.0471264 -0.1003298 0.0114173
        -0.0474120 -0.1002802 0.0114173
        -0.0476948 -0.1002167 0.0114173
        -0.0479741 -0.1001394 0.0114173
        -0.0482493 -0.1000485 0.0114173
        -0.0485198 -0.0999442 0.0114173
        -0.0487848 -0.0998267 0.0114173
        -0.0490437 -0.0996964 0.0114173
        -0.0492959 -0.0995535 0.0114173
        -0.0495408 -0.0993984 0.0114173
        -0.0497778 -0.0992315 0.0114173
        -0.0500063 -0.0990532 0.0114173
        -0.0502257 -0.0988639 0.0114173
        -0.0504357 -0.0986640 0.0114173
        -0.0506355 -0.0984541 0.0114173
        -0.0508249 -0.0982346 0.0114173
        -0.0510032 -0.0980061 0.0114173
        -0.0511701 -0.0977691 0.0114173
        -0.0513252 -0.0975242 0.0114173
        -0.0514680 -0.0972720 0.0114173
        -0.0515984 -0.0970131 0.0114173
        -0.0517158 -0.0967481 0.0114173
        -0.0518201 -0.0964777 0.0114173
        -0.0519111 -0.0962025 0.0114173
        -0.0519884 -0.0959231 0.0114173
        -0.0520519 -0.0956403 0.0114173
        -0.0521014 -0.0953547 0.0114173
        -0.0521369 -0.0950670 0.0114173
        -0.0521582 -0.0947780 0.0114173
        0.0063976 0.0000000 0.0114173
        0.0063897 0.0003189 0.0114173
        0.0063658 0.0006370 0.0114173
        0.0063262 0.0009535 0.0114173
        0.0062708 0.0012677 0.0114173
        0.0061998 0.0015787 0.0114173
        0.0061134 0.0018857 0.0114173
        0.0060118 0.0021881 0.0114173
        0.0058953 0.0024851 0.0114173
        0.0057641 0.0027758 0.0114173
        0.0056185 0.0030597 0.0114173
        0.0054590 0.0033360 0.0114173
        0.0052860 0.0036039 0.0114173
        0.0050998 0.0038629 0.0114173
        0.0049009 0.0041123 0.0114173
        0.0046898 0.0043515 0.0114173
        0.0044671 0.0045799 0.0114173
        0.0042332 0.0047968 0.0114173
        0.0039889 0.0050019 0.0114173
        0.0037346 0.0051945 0.0114173
        0.0034710 0.0053742 0.0114173
        0.0031988 0.0055405 0.0114173
        0.0029187 0.0056931 0.0114173
        0.0026313 0.0058315 0.0114173
        0.0023373 0.0059554 0.0114173
        0.0020376 0.0060645 0.0114173
        0.0017327 0.0061585 0.0114173
        0.0014236 0.0062372 0.0114173
        0.0011109 0.0063004 0.0114173
        0.0007955 0.0063480 0.0114173
        0.0004781 0.0063797 0.0114173
        0.0001595 0.0063956 0.0114173
        -0.0001595 0.0063956 0.0114173
        -0.0004781 0.0063797 0.0114173
        -0.0007955 0.0063480 0.0114173
        -0.0011109 0.0063004 0.0114173
        -0.0014236 0.0062372 0.0114173
        -0.0017327 0.0061585 0.0114173
        -0.0020376 0.0060645 0.0114173
        -0.0023373 0.0059554 0.0114173
        -0.0026313 0.0058315 0.0114173
        -0.0029187 0.0056931 0.0114173
        -0.0031988 0.0055405 0.0114173
        -0.0034710 0.0053742 0.0114173
        -0.0037346 0.0051945 0.0114173
        -0.0039889 0.0050019 0.0114173
        -0.0042332 0.0047968 0.0114173
        -0.0044671 0.0045799 0.0114173
        -0.0046898 0.0043515 0.0114173
        -0.0049009 0.0041123 0.0114173
        -0.0050998 0.0038629 0.0114173
        -0.0052860 0.0036039 0.0114173
        -0.0054590 0.0033360 0.0114173
        -0.0056185 0.0030597 0.0114173
        -0.0057641 0.0027758 0.0114173
        -0.0058953 0.0024851 0.0114173
        -0.0060118 0.0021881 0.0114173
        -0.0061134 0.0018857 0.0114173
        -0.0061998 0.0015787 0.0114173
        -0.0062708 0.0012677 0.0114173
        -0.0063262 0.0009535 0.0114173
        -0.0063658 0.0006370 0.0114173
        -0.0063897 0.0003189 0.0114173
        -0.0063976 -0.0000000 0.0114173
        -0.0063897 -0.0003189 0.0114173
        -0.0063658 -0.0006370 0.0114173
        -0.0063262 -0.0009535 0.0114173
        -0.0062708 -0.0012677 0.0114173
        -0.0061998 -0.0015787 0.0114173
        -0.0061134 -0.0018857 0.0114173
        -0.0060118 -0.0021881 0.0114173
        -0.0058953 -0.0024851 0.0114173
        -0.0057641 -0.0027758 0.0114173
        -0.0056185 -0.0030597 0.0114173
        -0.0054590 -0.0033360 0.0114173
        -0.0052860 -0.0036039 0.0114173
        -0.0050998 -0.0038629 0.0114173
        -0.0049009 -0.0041123 0.0114173
        -0.0046898 -0.0043515 0.0114173
        -0.0044671 -0.0045799 0.0114173
        -0.0042332 -0.0047968 0.0114173
        -0.0039889 -0.0050019 0.0114173
        -0.0037346 -0.0051945 0.0114173
        -0.0034710 -0.0053742 0.0114173
        -0.0031988 -0.0055405 0.0114173
        -0.0029187 -0.0056931 0.0114173
        -0.0026313 -0.0058315 0.0114173
        -0.0023373 -0.0059554 0.0114173
        -0.0020376 -0.0060645 0.0114173
        -0.0017327 -0.0061585 0.0114173
        -0.0014236 -0.0062372 0.0114173
        -0.0011109 -0.0063004 0.0114173
        -0.0007955 -0.0063480 0.0114173
        -0.0004781 -0.0063797 0.0114173
        -0.0001595 -0.0063956 0.0114173
        0.0001595 -0.0063956 0.0114173
        0.0004781 -0.0063797 0.0114173
        0.0007955 -0.0063480 0.0114173
        0.0011109 -0.0063004 0.0114173
        0.0014236 -0.0062372 0.0114173
        0.0017327 -0.0061585 0.0114173
        0.0020376 -0.0060645 0.0114173
        0.0023373 -0.0059554 0.0114173
        0.0026313 -0.0058315 0.0114173
        0.0029187 -0.0056931 0.0114173
        0.0031988 -0.0055405 0.0114173
        0.0034710 -0.0053742 0.0114173
        0.0037346 -0.0051945 0.0114173
        0.0039889 -0.0050019 0.0114173
        0.0042332 -0.0047968 0.0114173
        0.0044671 -0.0045799 0.0114173
        0.0046898 -0.0043515 0.0114173
        0.0049009 -0.0041123 0.0114173
        0.0050998 -0.0038629 0.0114173
        0.0052860 -0.0036039 0.0114173
        0.0054590 -0.0033360 0.0114173
        0.0056185 -0.0030597 0.0114173
        0.0057641 -0.0027758 0.0114173
        0.0058953 -0.0024851 0.0114173
        0.0060118 -0.0021881 0.0114173
        0.0061134 -0.0018857 0.0114173
        0.0061998 -0.0015787 0.0114173
        0.0062708 -0.0012677 0.0114173
        0.0063262 -0.0009535 0.0114173
        0.0063658 -0.0006370 0.0114173
        0.0063897 -0.0003189 0.0114173
        0.0462598 -0.1003937 0.0114173
        0.0462598 -0.1003937 0.0366142
        0.0465496 -0.1003866 0.0114173
        0.0468387 -0.1003653 0.0114173
        0.0471264 -0.1003298 0.0114173
        0.0474120 -0.1002802 0.0114173
        0.0476948 -0.1002167 0.0114173
        0.0479741 -0.1001394 0.0114173
        0.0482493 -0.1000485 0.0114173
        0.0485198 -0.0999442 0.0114173
        0.0487848 -0.0998267 0.0114173
        0.0490437 -0.0996964 0.0114173
        0.0492959 -0.0995535 0.0114173
        0.0495408 -0.0993984 0.0114173
        0.0497778 -0.0992315 0.0114173
        0.0500063 -0.0990532 0.0114173
        0.0502257 -0.0988639 0.0114173
        0.0504357 -0.0986640 0.0114173
        0.0506355 -0.0984541 0.0114173
        0.0508249 -0.0982346 0.0114173
        0.0510032 -0.0980061 0.0114173
        0.0511701 -0.0977691 0.0114173
        0.0513252 -0.0975242 0.0114173
        0.0514680 -0.0972720 0.0114173
        0.0515984 -0.0970131 0.0114173
        0.0517158 -0.0967481 0.0114173
        0.0518201 -0.0964777 0.0114173
        0.0519111 -0.0962025 0.0114173
        0.0519884 -0.0959231 0.0114173
        0.0520519 -0.0956403 0.0114173
        0.0521014 -0.0953547 0.0114173
        0.0521369 -0.0950670 0.0114173
        0.0521582 -0.0947780 0.0114173
        0.0521654 -0.0944882 0.0114173
        0.0521654 -0.0944882 0.0366142
        0.0465496 -0.1003866 0.0366142
        0.0468387 -0.1003653 0.0366142
        0.0471264 -0.1003298 0.0366142
        0.0474120 -0.1002802 0.0366142
        0.0476948 -0.1002167 0.0366142
        0.0479741 -0.1001394 0.0366142
        0.0482493 -0.1000485 0.0366142
        0.0485198 -0.0999442 0.0366142
        0.0487848 -0.0998267 0.0366142
        0.0490437 -0.0996964 0.0366142
        0.0492959 -0.0995535 0.0366142
        0.0495408 -0.0993984 0.0366142
        0.0497778 -0.0992315 0.0366142
        0.0500063 -0.0990532 0.0366142
        0.0502257 -0.0988639 0.0366142
        0.0504357 -0.0986640 0.0366142
        0.0506355 -0.0984541 0.0366142
        0.0508249 -0.0982346 0.0366142
        0.0510032 -0.0980061 0.0366142
        0.0511701 -0.0977691 0.0366142
        0.0513252 -0.0975242 0.0366142
        0.0514680 -0.0972720 0.0366142
        0.0515984 -0.0970131 0.0366142
        0.0517158 -0.0967481 0.0366142
        0.0518201 -0.0964777 0.0366142
        0.0519111 -0.0962025 0.0366142
        0.0519884 -0.0959231 0.0366142
        0.0520519 -0.0956403 0.0366142
        0.0521014 -0.0953547 0.0366142
        0.0521369 -0.0950670 0.0366142
        0.0521582 -0.0947780 0.0366142
        -0.0521654 -0.0944882 0.0366142
        -0.0501969 -0.0944882 0.0385827
        -0.0521582 -0.0947780 0.0366142
        -0.0521369 -0.0950670 0.0366142
        -0.0521014 -0.0953547 0.0366142
        -0.0520519 -0.0956403 0.0366142
        -0.0519884 -0.0959231 0.0366142
        -0.0519111 -0.0962025 0.0366142
        -0.0518201 -0.0964777 0.0366142
        -0.0517158 -0.0967481 0.0366142
        -0.0515984 -0.0970131 0.0366142
        -0.0514680 -0.0972720 0.0366142
        -0.0513252 -0.0975242 0.0366142
        -0.0511701 -0.0977691 0.0366142
        -0.0510032 -0.0980061 0.0366142
        -0.0508249 -0.0982346 0.0366142
        -0.0506355 -0.0984541 0.0366142
        -0.0504357 -0.0986640 0.0366142
        -0.0502257 -0.0988639 0.0366142
        -0.0500063 -0.0990532 0.0366142
        -0.0497778 -0.0992315 0.0366142
        -0.0495408 -0.0993984 0.0366142
        -0.0492959 -0.0995535 0.0366142
        -0.0490437 -0.0996964 0.0366142
        -0.0487848 -0.0998267 0.0366142
        -0.0485198 -0.0999442 0.0366142
        -0.0482493 -0.1000485 0.0366142
        -0.0479741 -0.1001394 0.0366142
        -0.0476948 -0.1002167 0.0366142
        -0.0474120 -0.1002802 0.0366142
        -0.0471264 -0.1003298 0.0366142
        -0.0468387 -0.1003653 0.0366142
        -0.0465496 -0.1003866 0.0366142
        -0.0462598 -0.1003937 0.0366142
        -0.0462598 -0.0984252 0.0385827
        -0.0501921 -0.0946814 0.0385827
        -0.0501779 -0.0948741 0.0385827
        -0.0501542 -0.0950659 0.0385827
        -0.0501212 -0.0952563 0.0385827
        -0.0500789 -0.0954448 0.0385827
        -0.0500273 -0.0956310 0.0385827
        -0.0499667 -0.0958145 0.0385827
        -0.0498972 -0.0959948 0.0385827
        -0.0498189 -0.0961715 0.0385827
        -0.0497320 -0.0963441 0.0385827
        -0.0496367 -0.0965122 0.0385827
        -0.0495333 -0.0966755 0.0385827
        -0.0494221 -0.0968335 0.0385827
        -0.0493032 -0.0969858 0.0385827
        -0.0491770 -0.0971321 0.0385827
        -0.0490437 -0.0972721 0.0385827
        -0.0489038 -0.0974053 0.0385827
        -0.0487575 -0.0975315 0.0385827
        -0.0486051 -0.0976504 0.0385827
        -0.0484471 -0.0977617 0.0385827
        -0.0482839 -0.0978651 0.0385827
        -0.0481157 -0.0979603 0.0385827
        -0.0479431 -0.0980472 0.0385827
        -0.0477665 -0.0981255 0.0385827
        -0.0475862 -0.0981951 0.0385827
        -0.0474027 -0.0982557 0.0385827
        -0.0472165 -0.0983072 0.0385827
        -0.0470279 -0.0983495 0.0385827
        -0.0468375 -0.0983826 0.0385827
        -0.0466457 -0.0984062 0.0385827
        -0.0464530 -0.0984205 0.0385827
        -0.0516472 -0.0950188 0.0371063
        -0.0515692 -0.0955443 0.0371063
        -0.0511574 -0.0949706 0.0375984
        -0.0514401 -0.0960596 0.0371063
        -0.0510865 -0.0954483 0.0375984
        -0.0506676 -0.0949223 0.0380906
        -0.0512612 -0.0965598 0.0371063
        -0.0509692 -0.0959168 0.0375984
        -0.0506039 -0.0953523 0.0380906
        -0.0510340 -0.0970400 0.0371063
        -0.0508065 -0.0963715 0.0375984
        -0.0504983 -0.0957739 0.0380906
        -0.0507609 -0.0974957 0.0371063
        -0.0506000 -0.0968081 0.0375984
        -0.0503518 -0.0961831 0.0380906
        -0.0504444 -0.0979224 0.0371063
        -0.0503517 -0.0972223 0.0375984
        -0.0501660 -0.0965761 0.0380906
        -0.0500877 -0.0983160 0.0371063
        -0.0500640 -0.0976102 0.0375984
        -0.0499425 -0.0969489 0.0380906
        -0.0496941 -0.0986728 0.0371063
        -0.0497397 -0.0979680 0.0375984
        -0.0496836 -0.0972980 0.0380906
        -0.0492674 -0.0989893 0.0371063
        -0.0493819 -0.0982924 0.0375984
        -0.0493917 -0.0976201 0.0380906
        -0.0488117 -0.0992624 0.0371063
        -0.0489939 -0.0985801 0.0375984
        -0.0490697 -0.0979120 0.0380906
        -0.0483315 -0.0994895 0.0371063
        -0.0485797 -0.0988284 0.0375984
        -0.0487205 -0.0981709 0.0380906
        -0.0478313 -0.0996685 0.0371063
        -0.0481431 -0.0990348 0.0375984
        -0.0483477 -0.0983943 0.0380906
        -0.0473159 -0.0997976 0.0371063
        -0.0476884 -0.0991975 0.0375984
        -0.0479548 -0.0985802 0.0380906
        -0.0467904 -0.0998755 0.0371063
        -0.0472199 -0.0993149 0.0375984
        -0.0475456 -0.0987266 0.0380906
        -0.0467422 -0.0993858 0.0375984
        -0.0471239 -0.0988322 0.0380906
        -0.0466940 -0.0988960 0.0380906
        -0.0521654 0.0314961 0.0114173
        -0.0521654 0.0314961 0.0366142
        -0.0521654 -0.0944882 0.0366142
        -0.0521654 -0.0944882 0.0114173
        -0.0462598 -0.0984252 0.0385827
        0.0462598 -0.0984252 0.0385827
        0.0464530 -0.0984205 0.0385827
        0.0466457 -0.0984062 0.0385827
        0.0468375 -0.0983826 0.0385827
        0.0470279 -0.0983495 0.0385827
        0.0472165 -0.0983072 0.0385827
        0.0474027 -0.0982557 0.0385827
        0.0475862 -0.0981951 0.0385827
        0.0477665 -0.0981255 0.0385827
        0.0479431 -0.0980472 0.0385827
        0.0481157 -0.0979603 0.0385827
        0.0482839 -0.0978651 0.0385827
        0.0484471 -0.0977617 0.0385827
        0.0486051 -0.0976504 0.0385827
        0.0487575 -0.0975315 0.0385827
        0.0489038 -0.0974053 0.0385827
        0.0490437 -0.0972721 0.0385827
        0.0491770 -0.0971321 0.0385827
        0.0493032 -0.0969858 0.0385827
        0.0494221 -0.0968335 0.0385827
        0.0495333 -0.0966755 0.0385827
        0.0496367 -0.0965122 0.0385827
        0.0497320 -0.0963441 0.0385827
        0.0498189 -0.0961715 0.0385827
        0.0498972 -0.0959948 0.0385827
        0.0499667 -0.0958145 0.0385827
        0.0500273 -0.0956310 0.0385827
        0.0500789 -0.0954448 0.0385827
        0.0501212 -0.0952563 0.0385827
        0.0501542 -0.0950659 0.0385827
        0.0501779 -0.0948741 0.0385827
        0.0501921 -0.0946814 0.0385827
        0.0501969 -0.0944882 0.0385827
        0.0501969 0.0314961 0.0385827
        0.0501921 0.0316892 0.0385827
        0.0501779 0.0318820 0.0385827
        0.0501542 0.0320737 0.0385827
        0.0501212 0.0322641 0.0385827
        0.0500789 0.0324527 0.0385827
        0.0500273 0.0326389 0.0385827
        0.0499667 0.0328224 0.0385827
        0.0498972 0.0330027 0.0385827
        0.0498189 0.0331794 0.0385827
        0.0497320 0.0333520 0.0385827
        0.0496367 0.0335201 0.0385827
        0.0495333 0.0336833 0.0385827
        0.0494221 0.0338413 0.0385827
        0.0493032 0.0339937 0.0385827
        0.0491770 0.0341400 0.0385827
        0.0490437 0.0342799 0.0385827
        0.0489038 0.0344132 0.0385827
        0.0487575 0.0345394 0.0385827
        0.0486051 0.0346583 0.0385827
        0.0484471 0.0347696 0.0385827
        0.0482839 0.0348729 0.0385827
        0.0481157 0.0349682 0.0385827
        0.0479431 0.0350551 0.0385827
        0.0477665 0.0351334 0.0385827
        0.0475862 0.0352029 0.0385827
        0.0474027 0.0352635 0.0385827
        0.0472165 0.0353151 0.0385827
        0.0470279 0.0353574 0.0385827
        0.0468375 0.0353905 0.0385827
        0.0466457 0.0354141 0.0385827
        0.0464530 0.0354283 0.0385827
        0.0462598 0.0354331 0.0385827
        -0.0462598 0.0354331 0.0385827
        -0.0464530 0.0354283 0.0385827
        -0.0466457 0.0354141 0.0385827
        -0.0468375 0.0353905 0.0385827
        -0.0470279 0.0353574 0.0385827
        -0.0472165 0.0353151 0.0385827
        -0.0474027 0.0352635 0.0385827
        -0.0475862 0.0352029 0.0385827
        -0.0477665 0.0351334 0.0385827
        -0.0479431 0.0350551 0.0385827
        -0.0481157 0.0349682 0.0385827
        -0.0482839 0.0348729 0.0385827
        -0.0484471 0.0347696 0.0385827
        -0.0486051 0.0346583 0.0385827
        -0.0487575 0.0345394 0.0385827
        -0.0489038 0.0344132 0.0385827
        -0.0490437 0.0342799 0.0385827
        -0.0491770 0.0341400 0.0385827
        -0.0493032 0.0339937 0.0385827
        -0.0494221 0.0338413 0.0385827
        -0.0495333 0.0336833 0.0385827
        -0.0496367 0.0335201 0.0385827
        -0.0497320 0.0333520 0.0385827
        -0.0498189 0.0331794 0.0385827
        -0.0498972 0.0330027 0.0385827
        -0.0499667 0.0328224 0.0385827
        -0.0500273 0.0326389 0.0385827
        -0.0500789 0.0324527 0.0385827
        -0.0501212 0.0322641 0.0385827
        -0.0501542 0.0320737 0.0385827
        -0.0501779 0.0318820 0.0385827
        -0.0501921 0.0316892 0.0385827
        -0.0501969 0.0314961 0.0385827
        -0.0501969 -0.0944882 0.0385827
        -0.0501921 -0.0946814 0.0385827
        -0.0501779 -0.0948741 0.0385827
        -0.0501542 -0.0950659 0.0385827
        -0.0501212 -0.0952563 0.0385827
        -0.0500789 -0.0954448 0.0385827
        -0.0500273 -0.0956310 0.0385827
        -0.0499667 -0.0958145 0.0385827
        -0.0498972 -0.0959948 0.0385827
        -0.0498189 -0.0961715 0.0385827
        -0.0497320 -0.0963441 0.0385827
        -0.0496367 -0.0965122 0.0385827
        -0.0495333 -0.0966755 0.0385827
        -0.0494221 -0.0968335 0.0385827
        -0.0493032 -0.0969858 0.0385827
        -0.0491770 -0.0971321 0.0385827
        -0.0490437 -0.0972721 0.0385827
        -0.0489038 -0.0974053 0.0385827
        -0.0487575 -0.0975315 0.0385827
        -0.0486051 -0.0976504 0.0385827
        -0.0484471 -0.0977617 0.0385827
        -0.0482839 -0.0978651 0.0385827
        -0.0481157 -0.0979603 0.0385827
        -0.0479431 -0.0980472 0.0385827
        -0.0477665 -0.0981255 0.0385827
        -0.0475862 -0.0981951 0.0385827
        -0.0474027 -0.0982557 0.0385827
        -0.0472165 -0.0983072 0.0385827
        -0.0470279 -0.0983495 0.0385827
        -0.0468375 -0.0983826 0.0385827
        -0.0466457 -0.0984062 0.0385827
        -0.0464530 -0.0984205 0.0385827
        -0.0342520 -0.0874016 0.0385827
        -0.0342583 -0.0876567 0.0385827
        -0.0342774 -0.0879112 0.0385827
        -0.0343091 -0.0881644 0.0385827
        -0.0343534 -0.0884157 0.0385827
        -0.0344102 -0.0886645 0.0385827
        -0.0344794 -0.0889102 0.0385827
        -0.0345606 -0.0891521 0.0385827
        -0.0346539 -0.0893896 0.0385827
        -0.0347588 -0.0896222 0.0385827
        -0.0348752 -0.0898493 0.0385827
        -0.0350028 -0.0900703 0.0385827
        -0.0351413 -0.0902847 0.0385827
        -0.0352903 -0.0904919 0.0385827
        -0.0354494 -0.0906914 0.0385827
        -0.0356182 -0.0908828 0.0385827
        -0.0357964 -0.0910655 0.0385827
        -0.0359835 -0.0912390 0.0385827
        -0.0361790 -0.0914031 0.0385827
        -0.0363824 -0.0915572 0.0385827
        -0.0365933 -0.0917009 0.0385827
        -0.0368110 -0.0918340 0.0385827
        -0.0370351 -0.0919560 0.0385827
        -0.0372651 -0.0920668 0.0385827
        -0.0375002 -0.0921659 0.0385827
        -0.0377400 -0.0922532 0.0385827
        -0.0379839 -0.0923284 0.0385827
        -0.0382312 -0.0923914 0.0385827
        -0.0384813 -0.0924419 0.0385827
        -0.0387337 -0.0924800 0.0385827
        -0.0389876 -0.0925054 0.0385827
        -0.0392425 -0.0925181 0.0385827
        -0.0394977 -0.0925181 0.0385827
        -0.0397526 -0.0925054 0.0385827
        -0.0400065 -0.0924800 0.0385827
        -0.0402588 -0.0924419 0.0385827
        -0.0405090 -0.0923914 0.0385827
        -0.0407563 -0.0923284 0.0385827
        -0.0410001 -0.0922532 0.0385827
        -0.0412399 -0.0921659 0.0385827
        -0.0414751 -0.0920668 0.0385827
        -0.0417050 -0.0919560 0.0385827
        -0.0419291 -0.0918340 0.0385827
        -0.0421469 -0.0917009 0.0385827
        -0.0423577 -0.0915572 0.0385827
        -0.0425612 -0.0914031 0.0385827
        -0.0427567 -0.0912390 0.0385827
        -0.0429437 -0.0910655 0.0385827
        -0.0431219 -0.0908828 0.0385827
        -0.0432908 -0.0906914 0.0385827
        -0.0434499 -0.0904919 0.0385827
        -0.0435989 -0.0902847 0.0385827
        -0.0437373 -0.0900703 0.0385827
        -0.0438649 -0.0898493 0.0385827
        -0.0439813 -0.0896222 0.0385827
        -0.0440863 -0.0893896 0.0385827
        -0.0441795 -0.0891521 0.0385827
        -0.0442608 -0.0889102 0.0385827
        -0.0443299 -0.0886645 0.0385827
        -0.0443867 -0.0884157 0.0385827
        -0.0444310 -0.0881644 0.0385827
        -0.0444628 -0.0879112 0.0385827
        -0.0444818 -0.0876567 0.0385827
        -0.0444882 -0.0874016 0.0385827
        -0.0444818 -0.0871465 0.0385827
        -0.0444628 -0.0868920 0.0385827
        -0.0444310 -0.0866388 0.0385827
        -0.0443867 -0.0863874 0.0385827
        -0.0443299 -0.0861386 0.0385827
        -0.0442608 -0.0858930 0.0385827
        -0.0441795 -0.0856511 0.0385827
        -0.0440863 -0.0854135 0.0385827
        -0.0439813 -0.0851809 0.0385827
        -0.0438649 -0.0849538 0.0385827
        -0.0437373 -0.0847328 0.0385827
        -0.0435989 -0.0845184 0.0385827
        -0.0434499 -0.0843112 0.0385827
        -0.0432908 -0.0841117 0.0385827
        -0.0431219 -0.0839204 0.0385827
        -0.0429437 -0.0837377 0.0385827
        -0.0427567 -0.0835641 0.0385827
        -0.0425612 -0.0834001 0.0385827
        -0.0423577 -0.0832460 0.0385827
        -0.0421469 -0.0831022 0.0385827
        -0.0419291 -0.0829692 0.0385827
        -0.0417050 -0.0828471 0.0385827
        -0.0414751 -0.0827364 0.0385827
        -0.0412399 -0.0826373 0.0385827
        -0.0410001 -0.0825500 0.0385827
        -0.0407563 -0.0824748 0.0385827
        -0.0405090 -0.0824118 0.0385827
        -0.0402588 -0.0823612 0.0385827
        -0.0400065 -0.0823232 0.0385827
        -0.0397526 -0.0822978 0.0385827
        -0.0394977 -0.0822851 0.0385827
        -0.0392425 -0.0822851 0.0385827
        -0.0389876 -0.0822978 0.0385827
        -0.0387337 -0.0823232 0.0385827
        -0.0384813 -0.0823612 0.0385827
        -0.0382312 -0.0824118 0.0385827
        -0.0379839 -0.0824748 0.0385827
        -0.0377400 -0.0825500 0.0385827
        -0.0375002 -0.0826373 0.0385827
        -0.0372651 -0.0827364 0.0385827
        -0.0370351 -0.0828471 0.0385827
        -0.0368110 -0.0829692 0.0385827
        -0.0365933 -0.0831022 0.0385827
        -0.0363824 -0.0832460 0.0385827
        -0.0361790 -0.0834001 0.0385827
        -0.0359835 -0.0835641 0.0385827
        -0.0357964 -0.0837377 0.0385827
        -0.0356182 -0.0839204 0.0385827
        -0.0354494 -0.0841117 0.0385827
        -0.0352903 -0.0843112 0.0385827
        -0.0351413 -0.0845184 0.0385827
        -0.0350028 -0.0847328 0.0385827
        -0.0348752 -0.0849538 0.0385827
        -0.0347588 -0.0851809 0.0385827
        -0.0346539 -0.0854135 0.0385827
        -0.0345606 -0.0856511 0.0385827
        -0.0344794 -0.0858930 0.0385827
        -0.0344102 -0.0861386 0.0385827
        -0.0343534 -0.0863874 0.0385827
        -0.0343091 -0.0866388 0.0385827
        -0.0342774 -0.0868920 0.0385827
        -0.0342583 -0.0871465 0.0385827
        0.0462598 -0.1003937 0.0366142
        0.0462598 -0.0984252 0.0385827
        0.0465496 -0.1003866 0.0366142
        0.0468387 -0.1003653 0.0366142
        0.0471264 -0.1003298 0.0366142
        0.0474120 -0.1002802 0.0366142
        0.0476948 -0.1002167 0.0366142
        0.0479741 -0.1001394 0.0366142
        0.0482493 -0.1000485 0.0366142
        0.0485198 -0.0999442 0.0366142
        0.0487848 -0.0998267 0.0366142
        0.0490437 -0.0996964 0.0366142
        0.0492959 -0.0995535 0.0366142
        0.0495408 -0.0993984 0.0366142
        0.0497778 -0.0992315 0.0366142
        0.0500063 -0.0990532 0.0366142
        0.0502257 -0.0988639 0.0366142
        0.0504357 -0.0986640 0.0366142
        0.0506355 -0.0984541 0.0366142
        0.0508249 -0.0982346 0.0366142
        0.0510032 -0.0980061 0.0366142
        0.0511701 -0.0977691 0.0366142
        0.0513252 -0.0975242 0.0366142
        0.0514680 -0.0972720 0.0366142
        0.0515984 -0.0970131 0.0366142
        0.0517158 -0.0967481 0.0366142
        0.0518201 -0.0964777 0.0366142
        0.0519111 -0.0962025 0.0366142
        0.0519884 -0.0959231 0.0366142
        0.0520519 -0.0956403 0.0366142
        0.0521014 -0.0953547 0.0366142
        0.0521369 -0.0950670 0.0366142
        0.0521582 -0.0947780 0.0366142
        0.0521654 -0.0944882 0.0366142
        0.0501969 -0.0944882 0.0385827
        0.0464530 -0.0984205 0.0385827
        0.0466457 -0.0984062 0.0385827
        0.0468375 -0.0983826 0.0385827
        0.0470279 -0.0983495 0.0385827
        0.0472165 -0.0983072 0.0385827
        0.0474027 -0.0982557 0.0385827
        0.0475862 -0.0981951 0.0385827
        0.0477665 -0.0981255 0.0385827
        0.0479431 -0.0980472 0.0385827
        0.0481157 -0.0979603 0.0385827
        0.0482839 -0.0978651 0.0385827
        0.0484471 -0.0977617 0.0385827
        0.0486051 -0.0976504 0.0385827
        0.0487575 -0.0975315 0.0385827
        0.0489038 -0.0974053 0.0385827
        0.0490437 -0.0972721 0.0385827
        0.0491770 -0.0971321 0.0385827
        0.0493032 -0.0969858 0.0385827
        0.0494221 -0.0968335 0.0385827
        0.0495333 -0.0966755 0.0385827
        0.0496367 -0.0965122 0.0385827
        0.0497320 -0.0963441 0.0385827
        0.0498189 -0.0961715 0.0385827
        0.0498972 -0.0959948 0.0385827
        0.0499667 -0.0958145 0.0385827
        0.0500273 -0.0956310 0.0385827
        0.0500789 -0.0954448 0.0385827
        0.0501212 -0.0952563 0.0385827
        0.0501542 -0.0950659 0.0385827
        0.0501779 -0.0948741 0.0385827
        0.0501921 -0.0946814 0.0385827
        0.0467904 -0.0998755 0.0371063
        0.0473159 -0.0997976 0.0371063
        0.0467422 -0.0993858 0.0375984
        0.0478313 -0.0996685 0.0371063
        0.0472199 -0.0993149 0.0375984
        0.0466940 -0.0988960 0.0380906
        0.0483315 -0.0994895 0.0371063
        0.0476884 -0.0991975 0.0375984
        0.0471239 -0.0988322 0.0380906
        0.0488117 -0.0992624 0.0371063
        0.0481431 -0.0990348 0.0375984
        0.0475456 -0.0987266 0.0380906
        0.0492674 -0.0989893 0.0371063
        0.0485797 -0.0988284 0.0375984
        0.0479548 -0.0985802 0.0380906
        0.0496941 -0.0986728 0.0371063
        0.0489939 -0.0985801 0.0375984
        0.0483477 -0.0983943 0.0380906
        0.0500877 -0.0983160 0.0371063
        0.0493819 -0.0982924 0.0375984
        0.0487205 -0.0981709 0.0380906
        0.0504444 -0.0979224 0.0371063
        0.0497397 -0.0979680 0.0375984
        0.0490697 -0.0979120 0.0380906
        0.0507609 -0.0974957 0.0371063
        0.0500640 -0.0976102 0.0375984
        0.0493917 -0.0976201 0.0380906
        0.0510340 -0.0970400 0.0371063
        0.0503517 -0.0972223 0.0375984
        0.0496836 -0.0972980 0.0380906
        0.0512612 -0.0965598 0.0371063
        0.0506000 -0.0968081 0.0375984
        0.0499425 -0.0969489 0.0380906
        0.0514401 -0.0960596 0.0371063
        0.0508065 -0.0963715 0.0375984
        0.0501660 -0.0965761 0.0380906
        0.0515692 -0.0955443 0.0371063
        0.0509692 -0.0959168 0.0375984
        0.0503518 -0.0961831 0.0380906
        0.0516472 -0.0950188 0.0371063
        0.0510865 -0.0954483 0.0375984
        0.0504983 -0.0957739 0.0380906
        0.0511574 -0.0949706 0.0375984
        0.0506039 -0.0953523 0.0380906
        0.0506676 -0.0949223 0.0380906
        0.0521654 -0.0944882 0.0114173
        0.0521654 -0.0944882 0.0366142
        0.0521654 0.0314961 0.0366142
        0.0521654 0.0314961 0.0114173
        -0.0462598 0.0374016 0.0114173
        -0.0462598 0.0374016 0.0366142
        -0.0465496 0.0373945 0.0114173
        -0.0468387 0.0373731 0.0114173
        -0.0471264 0.0373377 0.0114173
        -0.0474120 0.0372881 0.0114173
        -0.0476948 0.0372246 0.0114173
        -0.0479741 0.0371473 0.0114173
        -0.0482493 0.0370564 0.0114173
        -0.0485198 0.0369520 0.0114173
        -0.0487848 0.0368346 0.0114173
        -0.0490437 0.0367043 0.0114173
        -0.0492959 0.0365614 0.0114173
        -0.0495408 0.0364063 0.0114173
        -0.0497778 0.0362394 0.0114173
        -0.0500063 0.0360611 0.0114173
        -0.0502257 0.0358718 0.0114173
        -0.0504357 0.0356719 0.0114173
        -0.0506355 0.0354620 0.0114173
        -0.0508249 0.0352425 0.0114173
        -0.0510032 0.0350140 0.0114173
        -0.0511701 0.0347770 0.0114173
        -0.0513252 0.0345321 0.0114173
        -0.0514680 0.0342799 0.0114173
        -0.0515984 0.0340210 0.0114173
        -0.0517158 0.0337560 0.0114173
        -0.0518201 0.0334856 0.0114173
        -0.0519111 0.0332103 0.0114173
        -0.0519884 0.0329310 0.0114173
        -0.0520519 0.0326482 0.0114173
        -0.0521014 0.0323626 0.0114173
        -0.0521369 0.0320749 0.0114173
        -0.0521582 0.0317858 0.0114173
        -0.0521654 0.0314961 0.0114173
        -0.0521654 0.0314961 0.0366142
        -0.0465496 0.0373945 0.0366142
        -0.0468387 0.0373731 0.0366142
        -0.0471264 0.0373377 0.0366142
        -0.0474120 0.0372881 0.0366142
        -0.0476948 0.0372246 0.0366142
        -0.0479741 0.0371473 0.0366142
        -0.0482493 0.0370564 0.0366142
        -0.0485198 0.0369520 0.0366142
        -0.0487848 0.0368346 0.0366142
        -0.0490437 0.0367043 0.0366142
        -0.0492959 0.0365614 0.0366142
        -0.0495408 0.0364063 0.0366142
        -0.0497778 0.0362394 0.0366142
        -0.0500063 0.0360611 0.0366142
        -0.0502257 0.0358718 0.0366142
        -0.0504357 0.0356719 0.0366142
        -0.0506355 0.0354620 0.0366142
        -0.0508249 0.0352425 0.0366142
        -0.0510032 0.0350140 0.0366142
        -0.0511701 0.0347770 0.0366142
        -0.0513252 0.0345321 0.0366142
        -0.0514680 0.0342799 0.0366142
        -0.0515984 0.0340210 0.0366142
        -0.0517158 0.0337560 0.0366142
        -0.0518201 0.0334856 0.0366142
        -0.0519111 0.0332103 0.0366142
        -0.0519884 0.0329310 0.0366142
        -0.0520519 0.0326482 0.0366142
        -0.0521014 0.0323626 0.0366142
        -0.0521369 0.0320749 0.0366142
        -0.0521582 0.0317858 0.0366142
        0.0521654 0.0314961 0.0114173
        0.0521654 0.0314961 0.0366142
        0.0521582 0.0317858 0.0114173
        0.0521369 0.0320749 0.0114173
        0.0521014 0.0323626 0.0114173
        0.0520519 0.0326482 0.0114173
        0.0519884 0.0329310 0.0114173
        0.0519111 0.0332103 0.0114173
        0.0518201 0.0334856 0.0114173
        0.0517158 0.0337560 0.0114173
        0.0515984 0.0340210 0.0114173
        0.0514680 0.0342799 0.0114173
        0.0513252 0.0345321 0.0114173
        0.0511701 0.0347770 0.0114173
        0.0510032 0.0350140 0.0114173
        0.0508249 0.0352425 0.0114173
        0.0506355 0.0354620 0.0114173
        0.0504357 0.0356719 0.0114173
        0.0502257 0.0358718 0.0114173
        0.0500063 0.0360611 0.0114173
        0.0497778 0.0362394 0.0114173
        0.0495408 0.0364063 0.0114173
        0.0492959 0.0365614 0.0114173
        0.0490437 0.0367043 0.0114173
        0.0487848 0.0368346 0.0114173
        0.0485198 0.0369520 0.0114173
        0.0482493 0.0370564 0.0114173
        0.0479741 0.0371473 0.0114173
        0.0476948 0.0372246 0.0114173
        0.0474120 0.0372881 0.0114173
        0.0471264 0.0373377 0.0114173
        0.0468387 0.0373731 0.0114173
        0.0465496 0.0373945 0.0114173
        0.0462598 0.0374016 0.0114173
        0.0462598 0.0374016 0.0366142
        0.0521582 0.0317858 0.0366142
        0.0521369 0.0320749 0.0366142
        0.0521014 0.0323626 0.0366142
        0.0520519 0.0326482 0.0366142
        0.0519884 0.0329310 0.0366142
        0.0519111 0.0332103 0.0366142
        0.0518201 0.0334856 0.0366142
        0.0517158 0.0337560 0.0366142
        0.0515984 0.0340210 0.0366142
        0.0514680 0.0342799 0.0366142
        0.0513252 0.0345321 0.0366142
        0.0511701 0.0347770 0.0366142
        0.0510032 0.0350140 0.0366142
        0.0508249 0.0352425 0.0366142
        0.0506355 0.0354620 0.0366142
        0.0504357 0.0356719 0.0366142
        0.0502257 0.0358718 0.0366142
        0.0500063 0.0360611 0.0366142
        0.0497778 0.0362394 0.0366142
        0.0495408 0.0364063 0.0366142
        0.0492959 0.0365614 0.0366142
        0.0490437 0.0367043 0.0366142
        0.0487848 0.0368346 0.0366142
        0.0485198 0.0369520 0.0366142
        0.0482493 0.0370564 0.0366142
        0.0479741 0.0371473 0.0366142
        0.0476948 0.0372246 0.0366142
        0.0474120 0.0372881 0.0366142
        0.0471264 0.0373377 0.0366142
        0.0468387 0.0373731 0.0366142
        0.0465496 0.0373945 0.0366142
        0.0462598 0.0374016 0.0114173
        0.0462598 0.0374016 0.0366142
        -0.0462598 0.0374016 0.0366142
        -0.0462598 0.0374016 0.0114173
        0.0063976 0.0000000 0.0114173
        0.0063976 0.0000000 0.0279528
        0.0063897 0.0003189 0.0279528
        0.0063658 0.0006370 0.0279528
        0.0063262 0.0009535 0.0279528
        0.0062708 0.0012677 0.0279528
        0.0061998 0.0015787 0.0279528
        0.0061134 0.0018857 0.0279528
        0.0060118 0.0021881 0.0279528
        0.0058953 0.0024851 0.0279528
        0.0057641 0.0027758 0.0279528
        0.0056185 0.0030597 0.0279528
        0.0054590 0.0033360 0.0279528
        0.0052860 0.0036039 0.0279528
        0.0050998 0.0038629 0.0279528
        0.0049009 0.0041123 0.0279528
        0.0046898 0.0043515 0.0279528
        0.0044671 0.0045799 0.0279528
        0.0042332 0.0047968 0.0279528
        0.0039889 0.0050019 0.0279528
        0.0037346 0.0051945 0.0279528
        0.0034710 0.0053742 0.0279528
        0.0031988 0.0055405 0.0279528
        0.0029187 0.0056931 0.0279528
        0.0026313 0.0058315 0.0279528
        0.0023373 0.0059554 0.0279528
        0.0020376 0.0060645 0.0279528
        0.0017327 0.0061585 0.0279528
        0.0014236 0.0062372 0.0279528
        0.0011109 0.0063004 0.0279528
        0.0007955 0.0063480 0.0279528
        0.0004781 0.0063797 0.0279528
        0.0001595 0.0063956 0.0279528
        -0.0001595 0.0063956 0.0279528
        -0.0004781 0.0063797 0.0279528
        -0.0007955 0.0063480 0.0279528
        -0.0011109 0.0063004 0.0279528
        -0.0014236 0.0062372 0.0279528
        -0.0017327 0.0061585 0.0279528
        -0.0020376 0.0060645 0.0279528
        -0.0023373 0.0059554 0.0279528
        -0.0026313 0.0058315 0.0279528
        -0.0029187 0.0056931 0.0279528
        -0.0031988 0.0055405 0.0279528
        -0.0034710 0.0053742 0.0279528
        -0.0037346 0.0051945 0.0279528
        -0.0039889 0.0050019 0.0279528
        -0.0042332 0.0047968 0.0279528
        -0.0044671 0.0045799 0.0279528
        -0.0046898 0.0043515 0.0279528
        -0.0049009 0.0041123 0.0279528
        -0.0050998 0.0038629 0.0279528
        -0.0052860 0.0036039 0.0279528
        -0.0054590 0.0033360 0.0279528
        -0.0056185 0.0030597 0.0279528
        -0.0057641 0.0027758 0.0279528
        -0.0058953 0.0024851 0.0279528
        -0.0060118 0.0021881 0.0279528
        -0.0061134 0.0018857 0.0279528
        -0.0061998 0.0015787 0.0279528
        -0.0062708 0.0012677 0.0279528
        -0.0063262 0.0009535 0.0279528
        -0.0063658 0.0006370 0.0279528
        -0.0063897 0.0003189 0.0279528
        -0.0063976 -0.0000000 0.0279528
        -0.0063897 -0.0003189 0.0279528
        -0.0063658 -0.0006370 0.0279528
        -0.0063262 -0.0009535 0.0279528
        -0.0062708 -0.0012677 0.0279528
        -0.0061998 -0.0015787 0.0279528
        -0.0061134 -0.0018857 0.0279528
        -0.0060118 -0.0021881 0.0279528
        -0.0058953 -0.0024851 0.0279528
        -0.0057641 -0.0027758 0.0279528
        -0.0056185 -0.0030597 0.0279528
        -0.0054590 -0.0033360 0.0279528
        -0.0052860 -0.0036039 0.0279528
        -0.0050998 -0.0038629 0.0279528
        -0.0049009 -0.0041123 0.0279528
        -0.0046898 -0.0043515 0.0279528
        -0.0044671 -0.0045799 0.0279528
        -0.0042332 -0.0047968 0.0279528
        -0.0039889 -0.0050019 0.0279528
        -0.0037346 -0.0051945 0.0279528
        -0.0034710 -0.0053742 0.0279528
        -0.0031988 -0.0055405 0.0279528
        -0.0029187 -0.0056931 0.0279528
        -0.0026313 -0.0058315 0.0279528
        -0.0023373 -0.0059554 0.0279528
        -0.0020376 -0.0060645 0.0279528
        -0.0017327 -0.0061585 0.0279528
        -0.0014236 -0.0062372 0.0279528
        -0.0011109 -0.0063004 0.0279528
        -0.0007955 -0.0063480 0.0279528
        -0.0004781 -0.0063797 0.0279528
        -0.0001595 -0.0063956 0.0279528
        0.0001595 -0.0063956 0.0279528
        0.0004781 -0.0063797 0.0279528
        0.0007955 -0.0063480 0.0279528
        0.0011109 -0.0063004 0.0279528
        0.0014236 -0.0062372 0.0279528
        0.0017327 -0.0061585 0.0279528
        0.0020376 -0.0060645 0.0279528
        0.0023373 -0.0059554 0.0279528
        0.0026313 -0.0058315 0.0279528
        0.0029187 -0.0056931 0.0279528
        0.0031988 -0.0055405 0.0279528
        0.0034710 -0.0053742 0.0279528
        0.0037346 -0.0051945 0.0279528
        0.0039889 -0.0050019 0.0279528
        0.0042332 -0.0047968 0.0279528
        0.0044671 -0.0045799 0.0279528
        0.0046898 -0.0043515 0.0279528
        0.0049009 -0.0041123 0.0279528
        0.0050998 -0.0038629 0.0279528
        0.0052860 -0.0036039 0.0279528
        0.0054590 -0.0033360 0.0279528
        0.0056185 -0.0030597 0.0279528
        0.0057641 -0.0027758 0.0279528
        0.0058953 -0.0024851 0.0279528
        0.0060118 -0.0021881 0.0279528
        0.0061134 -0.0018857 0.0279528
        0.0061998 -0.0015787 0.0279528
        0.0062708 -0.0012677 0.0279528
        0.0063262 -0.0009535 0.0279528
        0.0063658 -0.0006370 0.0279528
        0.0063897 -0.0003189 0.0279528
        0.0063976 0.0000000 0.0279528
        0.0063976 0.0000000 0.0114173
        0.0063897 0.0003189 0.0114173
        0.0063658 0.0006370 0.0114173
        0.0063262 0.0009535 0.0114173
        0.0062708 0.0012677 0.0114173
        0.0061998 0.0015787 0.0114173
        0.0061134 0.0018857 0.0114173
        0.0060118 0.0021881 0.0114173
        0.0058953 0.0024851 0.0114173
        0.0057641 0.0027758 0.0114173
        0.0056185 0.0030597 0.0114173
        0.0054590 0.0033360 0.0114173
        0.0052860 0.0036039 0.0114173
        0.0050998 0.0038629 0.0114173
        0.0049009 0.0041123 0.0114173
        0.0046898 0.0043515 0.0114173
        0.0044671 0.0045799 0.0114173
        0.0042332 0.0047968 0.0114173
        0.0039889 0.0050019 0.0114173
        0.0037346 0.0051945 0.0114173
        0.0034710 0.0053742 0.0114173
        0.0031988 0.0055405 0.0114173
        0.0029187 0.0056931 0.0114173
        0.0026313 0.0058315 0.0114173
        0.0023373 0.0059554 0.0114173
        0.0020376 0.0060645 0.0114173
        0.0017327 0.0061585 0.0114173
        0.0014236 0.0062372 0.0114173
        0.0011109 0.0063004 0.0114173
        0.0007955 0.0063480 0.0114173
        0.0004781 0.0063797 0.0114173
        0.0001595 0.0063956 0.0114173
        -0.0001595 0.0063956 0.0114173
        -0.0004781 0.0063797 0.0114173
        -0.0007955 0.0063480 0.0114173
        -0.0011109 0.0063004 0.0114173
        -0.0014236 0.0062372 0.0114173
        -0.0017327 0.0061585 0.0114173
        -0.0020376 0.0060645 0.0114173
        -0.0023373 0.0059554 0.0114173
        -0.0026313 0.0058315 0.0114173
        -0.0029187 0.0056931 0.0114173
        -0.0031988 0.0055405 0.0114173
        -0.0034710 0.0053742 0.0114173
        -0.0037346 0.0051945 0.0114173
        -0.0039889 0.0050019 0.0114173
        -0.0042332 0.0047968 0.0114173
        -0.0044671 0.0045799 0.0114173
        -0.0046898 0.0043515 0.0114173
        -0.0049009 0.0041123 0.0114173
        -0.0050998 0.0038629 0.0114173
        -0.0052860 0.0036039 0.0114173
        -0.0054590 0.0033360 0.0114173
        -0.0056185 0.0030597 0.0114173
        -0.0057641 0.0027758 0.0114173
        -0.0058953 0.0024851 0.0114173
        -0.0060118 0.0021881 0.0114173
        -0.0061134 0.0018857 0.0114173
        -0.0061998 0.0015787 0.0114173
        -0.0062708 0.0012677 0.0114173
        -0.0063262 0.0009535 0.0114173
        -0.0063658 0.0006370 0.0114173
        -0.0063897 0.0003189 0.0114173
        -0.0063976 -0.0000000 0.0114173
        -0.0063897 -0.0003189 0.0114173
        -0.0063658 -0.0006370 0.0114173
        -0.0063262 -0.0009535 0.0114173
        -0.0062708 -0.0012677 0.0114173
        -0.0061998 -0.0015787 0.0114173
        -0.0061134 -0.0018857 0.0114173
        -0.0060118 -0.0021881 0.0114173
        -0.0058953 -0.0024851 0.0114173
        -0.0057641 -0.0027758 0.0114173
        -0.0056185 -0.0030597 0.0114173
        -0.0054590 -0.0033360 0.0114173
        -0.0052860 -0.0036039 0.0114173
        -0.0050998 -0.0038629 0.0114173
        -0.0049009 -0.0041123 0.0114173
        -0.0046898 -0.0043515 0.0114173
        -0.0044671 -0.0045799 0.0114173
        -0.0042332 -0.0047968 0.0114173
        -0.0039889 -0.0050019 0.0114173
        -0.0037346 -0.0051945 0.0114173
        -0.0034710 -0.0053742 0.0114173
        -0.0031988 -0.0055405 0.0114173
        -0.0029187 -0.0056931 0.0114173
        -0.0026313 -0.0058315 0.0114173
        -0.0023373 -0.0059554 0.0114173
        -0.0020376 -0.0060645 0.0114173
        -0.0017327 -0.0061585 0.0114173
        -0.0014236 -0.0062372 0.0114173
        -0.0011109 -0.0063004 0.0114173
        -0.0007955 -0.0063480 0.0114173
        -0.0004781 -0.0063797 0.0114173
        -0.0001595 -0.0063956 0.0114173
        0.0001595 -0.0063956 0.0114173
        0.0004781 -0.0063797 0.0114173
        0.0007955 -0.0063480 0.0114173
        0.0011109 -0.0063004 0.0114173
        0.0014236 -0.0062372 0.0114173
        0.0017327 -0.0061585 0.0114173
        0.0020376 -0.0060645 0.0114173
        0.0023373 -0.0059554 0.0114173
        0.0026313 -0.0058315 0.0114173
        0.0029187 -0.0056931 0.0114173
        0.0031988 -0.0055405 0.0114173
        0.0034710 -0.0053742 0.0114173
        0.0037346 -0.0051945 0.0114173
        0.0039889 -0.0050019 0.0114173
        0.0042332 -0.0047968 0.0114173
        0.0044671 -0.0045799 0.0114173
        0.0046898 -0.0043515 0.0114173
        0.0049009 -0.0041123 0.0114173
        0.0050998 -0.0038629 0.0114173
        0.0052860 -0.0036039 0.0114173
        0.0054590 -0.0033360 0.0114173
        0.0056185 -0.0030597 0.0114173
        0.0057641 -0.0027758 0.0114173
        0.0058953 -0.0024851 0.0114173
        0.0060118 -0.0021881 0.0114173
        0.0061134 -0.0018857 0.0114173
        0.0061998 -0.0015787 0.0114173
        0.0062708 -0.0012677 0.0114173
        0.0063262 -0.0009535 0.0114173
        0.0063658 -0.0006370 0.0114173
        0.0063897 -0.0003189 0.0114173
        -0.0521654 0.0314961 0.0366142
        -0.0501969 0.0314961 0.0385827
        -0.0521654 -0.0944882 0.0366142
        -0.0501969 -0.0944882 0.0385827
        0.0521654 -0.0944882 0.0366142
        0.0501969 -0.0944882 0.0385827
        0.0521654 0.0314961 0.0366142
        0.0501969 0.0314961 0.0385827
        -0.0462598 0.0374016 0.0366142
        -0.0462598 0.0354331 0.0385827
        -0.0465496 0.0373945 0.0366142
        -0.0468387 0.0373731 0.0366142
        -0.0471264 0.0373377 0.0366142
        -0.0474120 0.0372881 0.0366142
        -0.0476948 0.0372246 0.0366142
        -0.0479741 0.0371473 0.0366142
        -0.0482493 0.0370564 0.0366142
        -0.0485198 0.0369520 0.0366142
        -0.0487848 0.0368346 0.0366142
        -0.0490437 0.0367043 0.0366142
        -0.0492959 0.0365614 0.0366142
        -0.0495408 0.0364063 0.0366142
        -0.0497778 0.0362394 0.0366142
        -0.0500063 0.0360611 0.0366142
        -0.0502257 0.0358718 0.0366142
        -0.0504357 0.0356719 0.0366142
        -0.0506355 0.0354620 0.0366142
        -0.0508249 0.0352425 0.0366142
        -0.0510032 0.0350140 0.0366142
        -0.0511701 0.0347770 0.0366142
        -0.0513252 0.0345321 0.0366142
        -0.0514680 0.0342799 0.0366142
        -0.0515984 0.0340210 0.0366142
        -0.0517158 0.0337560 0.0366142
        -0.0518201 0.0334856 0.0366142
        -0.0519111 0.0332103 0.0366142
        -0.0519884 0.0329310 0.0366142
        -0.0520519 0.0326482 0.0366142
        -0.0521014 0.0323626 0.0366142
        -0.0521369 0.0320749 0.0366142
        -0.0521582 0.0317858 0.0366142
        -0.0521654 0.0314961 0.0366142
        -0.0501969 0.0314961 0.0385827
        -0.0464530 0.0354283 0.0385827
        -0.0466457 0.0354141 0.0385827
        -0.0468375 0.0353905 0.0385827
        -0.0470279 0.0353574 0.0385827
        -0.0472165 0.0353151 0.0385827
        -0.0474027 0.0352635 0.0385827
        -0.0475862 0.0352029 0.0385827
        -0.0477665 0.0351334 0.0385827
        -0.0479431 0.0350551 0.0385827
        -0.0481157 0.0349682 0.0385827
        -0.0482839 0.0348729 0.0385827
        -0.0484471 0.0347696 0.0385827
        -0.0486051 0.0346583 0.0385827
        -0.0487575 0.0345394 0.0385827
        -0.0489038 0.0344132 0.0385827
        -0.0490437 0.0342799 0.0385827
        -0.0491770 0.0341400 0.0385827
        -0.0493032 0.0339937 0.0385827
        -0.0494221 0.0338413 0.0385827
        -0.0495333 0.0336833 0.0385827
        -0.0496367 0.0335201 0.0385827
        -0.0497320 0.0333520 0.0385827
        -0.0498189 0.0331794 0.0385827
        -0.0498972 0.0330027 0.0385827
        -0.0499667 0.0328224 0.0385827
        -0.0500273 0.0326389 0.0385827
        -0.0500789 0.0324527 0.0385827
        -0.0501212 0.0322641 0.0385827
        -0.0501542 0.0320737 0.0385827
        -0.0501779 0.0318820 0.0385827
        -0.0501921 0.0316892 0.0385827
        -0.0467904 0.0368834 0.0371063
        -0.0473159 0.0368054 0.0371063
        -0.0467422 0.0363936 0.0375984
        -0.0478313 0.0366764 0.0371063
        -0.0472199 0.0363228 0.0375984
        -0.0466940 0.0359039 0.0380906
        -0.0483315 0.0364974 0.0371063
        -0.0476884 0.0362054 0.0375984
        -0.0471239 0.0358401 0.0380906
        -0.0488117 0.0362702 0.0371063
        -0.0481431 0.0360427 0.0375984
        -0.0475456 0.0357345 0.0380906
        -0.0492674 0.0359971 0.0371063
        -0.0485797 0.0358362 0.0375984
        -0.0479548 0.0355880 0.0380906
        -0.0496941 0.0356807 0.0371063
        -0.0489939 0.0355879 0.0375984
        -0.0483477 0.0354022 0.0380906
        -0.0500877 0.0353239 0.0371063
        -0.0493819 0.0353002 0.0375984
        -0.0487205 0.0351788 0.0380906
        -0.0504444 0.0349303 0.0371063
        -0.0497397 0.0349759 0.0375984
        -0.0490697 0.0349198 0.0380906
        -0.0507609 0.0345036 0.0371063
        -0.0500640 0.0346181 0.0375984
        -0.0493917 0.0346279 0.0380906
        -0.0510340 0.0340479 0.0371063
        -0.0503517 0.0342302 0.0375984
        -0.0496836 0.0343059 0.0380906
        -0.0512612 0.0335677 0.0371063
        -0.0506000 0.0338159 0.0375984
        -0.0499425 0.0339568 0.0380906
        -0.0514401 0.0330675 0.0371063
        -0.0508065 0.0333793 0.0375984
        -0.0501660 0.0335839 0.0380906
        -0.0515692 0.0325522 0.0371063
        -0.0509692 0.0329246 0.0375984
        -0.0503518 0.0331910 0.0380906
        -0.0516472 0.0320267 0.0371063
        -0.0510865 0.0324562 0.0375984
        -0.0504983 0.0327818 0.0380906
        -0.0511574 0.0319784 0.0375984
        -0.0506039 0.0323601 0.0380906
        -0.0506676 0.0319302 0.0380906
        0.0521654 0.0314961 0.0366142
        0.0501969 0.0314961 0.0385827
        0.0521582 0.0317858 0.0366142
        0.0521369 0.0320749 0.0366142
        0.0521014 0.0323626 0.0366142
        0.0520519 0.0326482 0.0366142
        0.0519884 0.0329310 0.0366142
        0.0519111 0.0332103 0.0366142
        0.0518201 0.0334856 0.0366142
        0.0517158 0.0337560 0.0366142
        0.0515984 0.0340210 0.0366142
        0.0514680 0.0342799 0.0366142
        0.0513252 0.0345321 0.0366142
        0.0511701 0.0347770 0.0366142
        0.0510032 0.0350140 0.0366142
        0.0508249 0.0352425 0.0366142
        0.0506355 0.0354620 0.0366142
        0.0504357 0.0356719 0.0366142
        0.0502257 0.0358718 0.0366142
        0.0500063 0.0360611 0.0366142
        0.0497778 0.0362394 0.0366142
        0.0495408 0.0364063 0.0366142
        0.0492959 0.0365614 0.0366142
        0.0490437 0.0367043 0.0366142
        0.0487848 0.0368346 0.0366142
        0.0485198 0.0369520 0.0366142
        0.0482493 0.0370564 0.0366142
        0.0479741 0.0371473 0.0366142
        0.0476948 0.0372246 0.0366142
        0.0474120 0.0372881 0.0366142
        0.0471264 0.0373377 0.0366142
        0.0468387 0.0373731 0.0366142
        0.0465496 0.0373945 0.0366142
        0.0462598 0.0374016 0.0366142
        0.0462598 0.0354331 0.0385827
        0.0501921 0.0316892 0.0385827
        0.0501779 0.0318820 0.0385827
        0.0501542 0.0320737 0.0385827
        0.0501212 0.0322641 0.0385827
        0.0500789 0.0324527 0.0385827
        0.0500273 0.0326389 0.0385827
        0.0499667 0.0328224 0.0385827
        0.0498972 0.0330027 0.0385827
        0.0498189 0.0331794 0.0385827
        0.0497320 0.0333520 0.0385827
        0.0496367 0.0335201 0.0385827
        0.0495333 0.0336833 0.0385827
        0.0494221 0.0338413 0.0385827
        0.0493032 0.0339937 0.0385827
        0.0491770 0.0341400 0.0385827
        0.0490437 0.0342799 0.0385827
        0.0489038 0.0344132 0.0385827
        0.0487575 0.0345394 0.0385827
        0.0486051 0.0346583 0.0385827
        0.0484471 0.0347696 0.0385827
        0.0482839 0.0348729 0.0385827
        0.0481157 0.0349682 0.0385827
        0.0479431 0.0350551 0.0385827
        0.0477665 0.0351334 0.0385827
        0.0475862 0.0352029 0.0385827
        0.0474027 0.0352635 0.0385827
        0.0472165 0.0353151 0.0385827
        0.0470279 0.0353574 0.0385827
        0.0468375 0.0353905 0.0385827
        0.0466457 0.0354141 0.0385827
        0.0464530 0.0354283 0.0385827
        0.0516472 0.0320267 0.0371063
        0.0515692 0.0325522 0.0371063
        0.0511574 0.0319784 0.0375984
        0.0514401 0.0330675 0.0371063
        0.0510865 0.0324562 0.0375984
        0.0506676 0.0319302 0.0380906
        0.0512612 0.0335677 0.0371063
        0.0509692 0.0329246 0.0375984
        0.0506039 0.0323601 0.0380906
        0.0510340 0.0340479 0.0371063
        0.0508065 0.0333793 0.0375984
        0.0504983 0.0327818 0.0380906
        0.0507609 0.0345036 0.0371063
        0.0506000 0.0338159 0.0375984
        0.0503518 0.0331910 0.0380906
        0.0504444 0.0349303 0.0371063
        0.0503517 0.0342302 0.0375984
        0.0501660 0.0335839 0.0380906
        0.0500877 0.0353239 0.0371063
        0.0500640 0.0346181 0.0375984
        0.0499425 0.0339568 0.0380906
        0.0496941 0.0356807 0.0371063
        0.0497397 0.0349759 0.0375984
        0.0496836 0.0343059 0.0380906
        0.0492674 0.0359971 0.0371063
        0.0493819 0.0353002 0.0375984
        0.0493917 0.0346279 0.0380906
        0.0488117 0.0362702 0.0371063
        0.0489939 0.0355879 0.0375984
        0.0490697 0.0349198 0.0380906
        0.0483315 0.0364974 0.0371063
        0.0485797 0.0358362 0.0375984
        0.0487205 0.0351788 0.0380906
        0.0478313 0.0366764 0.0371063
        0.0481431 0.0360427 0.0375984
        0.0483477 0.0354022 0.0380906
        0.0473159 0.0368054 0.0371063
        0.0476884 0.0362054 0.0375984
        0.0479548 0.0355880 0.0380906
        0.0467904 0.0368834 0.0371063
        0.0472199 0.0363228 0.0375984
        0.0475456 0.0357345 0.0380906
        0.0467422 0.0363936 0.0375984
        0.0471239 0.0358401 0.0380906
        0.0466940 0.0359039 0.0380906
        0.0462598 0.0374016 0.0366142
        0.0462598 0.0354331 0.0385827
        -0.0462598 0.0374016 0.0366142
        -0.0462598 0.0354331 0.0385827
        -0.0342520 -0.0874016 0.0374016
        -0.0342583 -0.0871465 0.0374016
        -0.0342774 -0.0868920 0.0374016
        -0.0343091 -0.0866388 0.0374016
        -0.0343534 -0.0863874 0.0374016
        -0.0344102 -0.0861386 0.0374016
        -0.0344794 -0.0858930 0.0374016
        -0.0345606 -0.0856511 0.0374016
        -0.0346539 -0.0854135 0.0374016
        -0.0347588 -0.0851809 0.0374016
        -0.0348752 -0.0849538 0.0374016
        -0.0350028 -0.0847328 0.0374016
        -0.0351413 -0.0845184 0.0374016
        -0.0352903 -0.0843112 0.0374016
        -0.0354494 -0.0841117 0.0374016
        -0.0356182 -0.0839204 0.0374016
        -0.0357964 -0.0837377 0.0374016
        -0.0359835 -0.0835641 0.0374016
        -0.0361790 -0.0834001 0.0374016
        -0.0363824 -0.0832460 0.0374016
        -0.0365933 -0.0831022 0.0374016
        -0.0368110 -0.0829692 0.0374016
        -0.0370351 -0.0828471 0.0374016
        -0.0372651 -0.0827364 0.0374016
        -0.0375002 -0.0826373 0.0374016
        -0.0377400 -0.0825500 0.0374016
        -0.0379839 -0.0824748 0.0374016
        -0.0382312 -0.0824118 0.0374016
        -0.0384813 -0.0823612 0.0374016
        -0.0387337 -0.0823232 0.0374016
        -0.0389876 -0.0822978 0.0374016
        -0.0392425 -0.0822851 0.0374016
        -0.0394977 -0.0822851 0.0374016
        -0.0397526 -0.0822978 0.0374016
        -0.0400065 -0.0823232 0.0374016
        -0.0402588 -0.0823612 0.0374016
        -0.0405090 -0.0824118 0.0374016
        -0.0407563 -0.0824748 0.0374016
        -0.0410001 -0.0825500 0.0374016
        -0.0412399 -0.0826373 0.0374016
        -0.0414751 -0.0827364 0.0374016
        -0.0417050 -0.0828471 0.0374016
        -0.0419291 -0.0829692 0.0374016
        -0.0421469 -0.0831022 0.0374016
        -0.0423577 -0.0832460 0.0374016
        -0.0425612 -0.0834001 0.0374016
        -0.0427567 -0.0835641 0.0374016
        -0.0429437 -0.0837377 0.0374016
        -0.0431219 -0.0839204 0.0374016
        -0.0432908 -0.0841117 0.0374016
        -0.0434499 -0.0843112 0.0374016
        -0.0435989 -0.0845184 0.0374016
        -0.0437373 -0.0847328 0.0374016
        -0.0438649 -0.0849538 0.0374016
        -0.0439813 -0.0851809 0.0374016
        -0.0440863 -0.0854135 0.0374016
        -0.0441795 -0.0856511 0.0374016
        -0.0442608 -0.0858930 0.0374016
        -0.0443299 -0.0861386 0.0374016
        -0.0443867 -0.0863874 0.0374016
        -0.0444310 -0.0866388 0.0374016
        -0.0444628 -0.0868920 0.0374016
        -0.0444818 -0.0871465 0.0374016
        -0.0444882 -0.0874016 0.0374016
        -0.0444818 -0.0876567 0.0374016
        -0.0444628 -0.0879112 0.0374016
        -0.0444310 -0.0881644 0.0374016
        -0.0443867 -0.0884157 0.0374016
        -0.0443299 -0.0886645 0.0374016
        -0.0442608 -0.0889102 0.0374016
        -0.0441795 -0.0891521 0.0374016
        -0.0440863 -0.0893896 0.0374016
        -0.0439813 -0.0896222 0.0374016
        -0.0438649 -0.0898493 0.0374016
        -0.0437373 -0.0900703 0.0374016
        -0.0435989 -0.0902847 0.0374016
        -0.0434499 -0.0904919 0.0374016
        -0.0432908 -0.0906914 0.0374016
        -0.0431219 -0.0908828 0.0374016
        -0.0429437 -0.0910655 0.0374016
        -0.0427567 -0.0912390 0.0374016
        -0.0425612 -0.0914031 0.0374016
        -0.0423577 -0.0915572 0.0374016
        -0.0421469 -0.0917009 0.0374016
        -0.0419291 -0.0918340 0.0374016
        -0.0417050 -0.0919560 0.0374016
        -0.0414751 -0.0920668 0.0374016
        -0.0412399 -0.0921659 0.0374016
        -0.0410001 -0.0922532 0.0374016
        -0.0407563 -0.0923284 0.0374016
        -0.0405090 -0.0923914 0.0374016
        -0.0402588 -0.0924419 0.0374016
        -0.0400065 -0.0924800 0.0374016
        -0.0397526 -0.0925054 0.0374016
        -0.0394977 -0.0925181 0.0374016
        -0.0392425 -0.0925181 0.0374016
        -0.0389876 -0.0925054 0.0374016
        -0.0387337 -0.0924800 0.0374016
        -0.0384813 -0.0924419 0.0374016
        -0.0382312 -0.0923914 0.0374016
        -0.0379839 -0.0923284 0.0374016
        -0.0377400 -0.0922532 0.0374016
        -0.0375002 -0.0921659 0.0374016
        -0.0372651 -0.0920668 0.0374016
        -0.0370351 -0.0919560 0.0374016
        -0.0368110 -0.0918340 0.0374016
        -0.0365933 -0.0917009 0.0374016
        -0.0363824 -0.0915572 0.0374016
        -0.0361790 -0.0914031 0.0374016
        -0.0359835 -0.0912390 0.0374016
        -0.0357964 -0.0910655 0.0374016
        -0.0356182 -0.0908828 0.0374016
        -0.0354494 -0.0906914 0.0374016
        -0.0352903 -0.0904919 0.0374016
        -0.0351413 -0.0902847 0.0374016
        -0.0350028 -0.0900703 0.0374016
        -0.0348752 -0.0898493 0.0374016
        -0.0347588 -0.0896222 0.0374016
        -0.0346539 -0.0893896 0.0374016
        -0.0345606 -0.0891521 0.0374016
        -0.0344794 -0.0889102 0.0374016
        -0.0344102 -0.0886645 0.0374016
        -0.0343534 -0.0884157 0.0374016
        -0.0343091 -0.0881644 0.0374016
        -0.0342774 -0.0879112 0.0374016
        -0.0342583 -0.0876567 0.0374016
        -0.0342520 -0.0874016 0.0374016
        -0.0342520 -0.0874016 0.0385827
        -0.0342520 -0.0874016 0.0385827
        -0.0342583 -0.0876567 0.0385827
        -0.0342774 -0.0879112 0.0385827
        -0.0343091 -0.0881644 0.0385827
        -0.0343534 -0.0884157 0.0385827
        -0.0344102 -0.0886645 0.0385827
        -0.0344794 -0.0889102 0.0385827
        -0.0345606 -0.0891521 0.0385827
        -0.0346539 -0.0893896 0.0385827
        -0.0347588 -0.0896222 0.0385827
        -0.0348752 -0.0898493 0.0385827
        -0.0350028 -0.0900703 0.0385827
        -0.0351413 -0.0902847 0.0385827
        -0.0352903 -0.0904919 0.0385827
        -0.0354494 -0.0906914 0.0385827
        -0.0356182 -0.0908828 0.0385827
        -0.0357964 -0.0910655 0.0385827
        -0.0359835 -0.0912390 0.0385827
        -0.0361790 -0.0914031 0.0385827
        -0.0363824 -0.0915572 0.0385827
        -0.0365933 -0.0917009 0.0385827
        -0.0368110 -0.0918340 0.0385827
        -0.0370351 -0.0919560 0.0385827
        -0.0372651 -0.0920668 0.0385827
        -0.0375002 -0.0921659 0.0385827
        -0.0377400 -0.0922532 0.0385827
        -0.0379839 -0.0923284 0.0385827
        -0.0382312 -0.0923914 0.0385827
        -0.0384813 -0.0924419 0.0385827
        -0.0387337 -0.0924800 0.0385827
        -0.0389876 -0.0925054 0.0385827
        -0.0392425 -0.0925181 0.0385827
        -0.0394977 -0.0925181 0.0385827
        -0.0397526 -0.0925054 0.0385827
        -0.0400065 -0.0924800 0.0385827
        -0.0402588 -0.0924419 0.0385827
        -0.0405090 -0.0923914 0.0385827
        -0.0407563 -0.0923284 0.0385827
        -0.0410001 -0.0922532 0.0385827
        -0.0412399 -0.0921659 0.0385827
        -0.0414751 -0.0920668 0.0385827
        -0.0417050 -0.0919560 0.0385827
        -0.0419291 -0.0918340 0.0385827
        -0.0421469 -0.0917009 0.0385827
        -0.0423577 -0.0915572 0.0385827
        -0.0425612 -0.0914031 0.0385827
        -0.0427567 -0.0912390 0.0385827
        -0.0429437 -0.0910655 0.0385827
        -0.0431219 -0.0908828 0.0385827
        -0.0432908 -0.0906914 0.0385827
        -0.0434499 -0.0904919 0.0385827
        -0.0435989 -0.0902847 0.0385827
        -0.0437373 -0.0900703 0.0385827
        -0.0438649 -0.0898493 0.0385827
        -0.0439813 -0.0896222 0.0385827
        -0.0440863 -0.0893896 0.0385827
        -0.0441795 -0.0891521 0.0385827
        -0.0442608 -0.0889102 0.0385827
        -0.0443299 -0.0886645 0.0385827
        -0.0443867 -0.0884157 0.0385827
        -0.0444310 -0.0881644 0.0385827
        -0.0444628 -0.0879112 0.0385827
        -0.0444818 -0.0876567 0.0385827
        -0.0444882 -0.0874016 0.0385827
        -0.0444818 -0.0871465 0.0385827
        -0.0444628 -0.0868920 0.0385827
        -0.0444310 -0.0866388 0.0385827
        -0.0443867 -0.0863874 0.0385827
        -0.0443299 -0.0861386 0.0385827
        -0.0442608 -0.0858930 0.0385827
        -0.0441795 -0.0856511 0.0385827
        -0.0440863 -0.0854135 0.0385827
        -0.0439813 -0.0851809 0.0385827
        -0.0438649 -0.0849538 0.0385827
        -0.0437373 -0.0847328 0.0385827
        -0.0435989 -0.0845184 0.0385827
        -0.0434499 -0.0843112 0.0385827
        -0.0432908 -0.0841117 0.0385827
        -0.0431219 -0.0839204 0.0385827
        -0.0429437 -0.0837377 0.0385827
        -0.0427567 -0.0835641 0.0385827
        -0.0425612 -0.0834001 0.0385827
        -0.0423577 -0.0832460 0.0385827
        -0.0421469 -0.0831022 0.0385827
        -0.0419291 -0.0829692 0.0385827
        -0.0417050 -0.0828471 0.0385827
        -0.0414751 -0.0827364 0.0385827
        -0.0412399 -0.0826373 0.0385827
        -0.0410001 -0.0825500 0.0385827
        -0.0407563 -0.0824748 0.0385827
        -0.0405090 -0.0824118 0.0385827
        -0.0402588 -0.0823612 0.0385827
        -0.0400065 -0.0823232 0.0385827
        -0.0397526 -0.0822978 0.0385827
        -0.0394977 -0.0822851 0.0385827
        -0.0392425 -0.0822851 0.0385827
        -0.0389876 -0.0822978 0.0385827
        -0.0387337 -0.0823232 0.0385827
        -0.0384813 -0.0823612 0.0385827
        -0.0382312 -0.0824118 0.0385827
        -0.0379839 -0.0824748 0.0385827
        -0.0377400 -0.0825500 0.0385827
        -0.0375002 -0.0826373 0.0385827
        -0.0372651 -0.0827364 0.0385827
        -0.0370351 -0.0828471 0.0385827
        -0.0368110 -0.0829692 0.0385827
        -0.0365933 -0.0831022 0.0385827
        -0.0363824 -0.0832460 0.0385827
        -0.0361790 -0.0834001 0.0385827
        -0.0359835 -0.0835641 0.0385827
        -0.0357964 -0.0837377 0.0385827
        -0.0356182 -0.0839204 0.0385827
        -0.0354494 -0.0841117 0.0385827
        -0.0352903 -0.0843112 0.0385827
        -0.0351413 -0.0845184 0.0385827
        -0.0350028 -0.0847328 0.0385827
        -0.0348752 -0.0849538 0.0385827
        -0.0347588 -0.0851809 0.0385827
        -0.0346539 -0.0854135 0.0385827
        -0.0345606 -0.0856511 0.0385827
        -0.0344794 -0.0858930 0.0385827
        -0.0344102 -0.0861386 0.0385827
        -0.0343534 -0.0863874 0.0385827
        -0.0343091 -0.0866388 0.0385827
        -0.0342774 -0.0868920 0.0385827
        -0.0342583 -0.0871465 0.0385827
        0.0063976 0.0000000 0.0279528
        0.0063897 0.0003189 0.0279528
        0.0063658 0.0006370 0.0279528
        0.0063262 0.0009535 0.0279528
        0.0062708 0.0012677 0.0279528
        0.0061998 0.0015787 0.0279528
        0.0061134 0.0018857 0.0279528
        0.0060118 0.0021881 0.0279528
        0.0058953 0.0024851 0.0279528
        0.0057641 0.0027758 0.0279528
        0.0056185 0.0030597 0.0279528
        0.0054590 0.0033360 0.0279528
        0.0052860 0.0036039 0.0279528
        0.0050998 0.0038629 0.0279528
        0.0049009 0.0041123 0.0279528
        0.0046898 0.0043515 0.0279528
        0.0044671 0.0045799 0.0279528
        0.0042332 0.0047968 0.0279528
        0.0039889 0.0050019 0.0279528
        0.0037346 0.0051945 0.0279528
        0.0034710 0.0053742 0.0279528
        0.0031988 0.0055405 0.0279528
        0.0029187 0.0056931 0.0279528
        0.0026313 0.0058315 0.0279528
        0.0023373 0.0059554 0.0279528
        0.0020376 0.0060645 0.0279528
        0.0017327 0.0061585 0.0279528
        0.0014236 0.0062372 0.0279528
        0.0011109 0.0063004 0.0279528
        0.0007955 0.0063480 0.0279528
        0.0004781 0.0063797 0.0279528
        0.0001595 0.0063956 0.0279528
        -0.0001595 0.0063956 0.0279528
        -0.0004781 0.0063797 0.0279528
        -0.0007955 0.0063480 0.0279528
        -0.0011109 0.0063004 0.0279528
        -0.0014236 0.0062372 0.0279528
        -0.0017327 0.0061585 0.0279528
        -0.0020376 0.0060645 0.0279528
        -0.0023373 0.0059554 0.0279528
        -0.0026313 0.0058315 0.0279528
        -0.0029187 0.0056931 0.0279528
        -0.0031988 0.0055405 0.0279528
        -0.0034710 0.0053742 0.0279528
        -0.0037346 0.0051945 0.0279528
        -0.0039889 0.0050019 0.0279528
        -0.0042332 0.0047968 0.0279528
        -0.0044671 0.0045799 0.0279528
        -0.0046898 0.0043515 0.0279528
        -0.0049009 0.0041123 0.0279528
        -0.0050998 0.0038629 0.0279528
        -0.0052860 0.0036039 0.0279528
        -0.0054590 0.0033360 0.0279528
        -0.0056185 0.0030597 0.0279528
        -0.0057641 0.0027758 0.0279528
        -0.0058953 0.0024851 0.0279528
        -0.0060118 0.0021881 0.0279528
        -0.0061134 0.0018857 0.0279528
        -0.0061998 0.0015787 0.0279528
        -0.0062708 0.0012677 0.0279528
        -0.0063262 0.0009535 0.0279528
        -0.0063658 0.0006370 0.0279528
        -0.0063897 0.0003189 0.0279528
        -0.0063976 -0.0000000 0.0279528
        -0.0063897 -0.0003189 0.0279528
        -0.0063658 -0.0006370 0.0279528
        -0.0063262 -0.0009535 0.0279528
        -0.0062708 -0.0012677 0.0279528
        -0.0061998 -0.0015787 0.0279528
        -0.0061134 -0.0018857 0.0279528
        -0.0060118 -0.0021881 0.0279528
        -0.0058953 -0.0024851 0.0279528
        -0.0057641 -0.0027758 0.0279528
        -0.0056185 -0.0030597 0.0279528
        -0.0054590 -0.0033360 0.0279528
        -0.0052860 -0.0036039 0.0279528
        -0.0050998 -0.0038629 0.0279528
        -0.0049009 -0.0041123 0.0279528
        -0.0046898 -0.0043515 0.0279528
        -0.0044671 -0.0045799 0.0279528
        -0.0042332 -0.0047968 0.0279528
        -0.0039889 -0.0050019 0.0279528
        -0.0037346 -0.0051945 0.0279528
        -0.0034710 -0.0053742 0.0279528
        -0.0031988 -0.0055405 0.0279528
        -0.0029187 -0.0056931 0.0279528
        -0.0026313 -0.0058315 0.0279528
        -0.0023373 -0.0059554 0.0279528
        -0.0020376 -0.0060645 0.0279528
        -0.0017327 -0.0061585 0.0279528
        -0.0014236 -0.0062372 0.0279528
        -0.0011109 -0.0063004 0.0279528
        -0.0007955 -0.0063480 0.0279528
        -0.0004781 -0.0063797 0.0279528
        -0.0001595 -0.0063956 0.0279528
        0.0001595 -0.0063956 0.0279528
        0.0004781 -0.0063797 0.0279528
        0.0007955 -0.0063480 0.0279528
        0.0011109 -0.0063004 0.0279528
        0.0014236 -0.0062372 0.0279528
        0.0017327 -0.0061585 0.0279528
        0.0020376 -0.0060645 0.0279528
        0.0023373 -0.0059554 0.0279528
        0.0026313 -0.0058315 0.0279528
        0.0029187 -0.0056931 0.0279528
        0.0031988 -0.0055405 0.0279528
        0.0034710 -0.0053742 0.0279528
        0.0037346 -0.0051945 0.0279528
        0.0039889 -0.0050019 0.0279528
        0.0042332 -0.0047968 0.0279528
        0.0044671 -0.0045799 0.0279528
        0.0046898 -0.0043515 0.0279528
        0.0049009 -0.0041123 0.0279528
        0.0050998 -0.0038629 0.0279528
        0.0052860 -0.0036039 0.0279528
        0.0054590 -0.0033360 0.0279528
        0.0056185 -0.0030597 0.0279528
        0.0057641 -0.0027758 0.0279528
        0.0058953 -0.0024851 0.0279528
        0.0060118 -0.0021881 0.0279528
        0.0061134 -0.0018857 0.0279528
        0.0061998 -0.0015787 0.0279528
        0.0062708 -0.0012677 0.0279528
        0.0063262 -0.0009535 0.0279528
        0.0063658 -0.0006370 0.0279528
        0.0063897 -0.0003189 0.0279528
        -0.0342520 -0.0874016 0.0374016
        -0.0342583 -0.0871465 0.0374016
        -0.0342774 -0.0868920 0.0374016
        -0.0343091 -0.0866388 0.0374016
        -0.0343534 -0.0863874 0.0374016
        -0.0344102 -0.0861386 0.0374016
        -0.0344794 -0.0858930 0.0374016
        -0.0345606 -0.0856511 0.0374016
        -0.0346539 -0.0854135 0.0374016
        -0.0347588 -0.0851809 0.0374016
        -0.0348752 -0.0849538 0.0374016
        -0.0350028 -0.0847328 0.0374016
        -0.0351413 -0.0845184 0.0374016
        -0.0352903 -0.0843112 0.0374016
        -0.0354494 -0.0841117 0.0374016
        -0.0356182 -0.0839204 0.0374016
        -0.0357964 -0.0837377 0.0374016
        -0.0359835 -0.0835641 0.0374016
        -0.0361790 -0.0834001 0.0374016
        -0.0363824 -0.0832460 0.0374016
        -0.0365933 -0.0831022 0.0374016
        -0.0368110 -0.0829692 0.0374016
        -0.0370351 -0.0828471 0.0374016
        -0.0372651 -0.0827364 0.0374016
        -0.0375002 -0.0826373 0.0374016
        -0.0377400 -0.0825500 0.0374016
        -0.0379839 -0.0824748 0.0374016
        -0.0382312 -0.0824118 0.0374016
        -0.0384813 -0.0823612 0.0374016
        -0.0387337 -0.0823232 0.0374016
        -0.0389876 -0.0822978 0.0374016
        -0.0392425 -0.0822851 0.0374016
        -0.0394977 -0.0822851 0.0374016
        -0.0397526 -0.0822978 0.0374016
        -0.0400065 -0.0823232 0.0374016
        -0.0402588 -0.0823612 0.0374016
        -0.0405090 -0.0824118 0.0374016
        -0.0407563 -0.0824748 0.0374016
        -0.0410001 -0.0825500 0.0374016
        -0.0412399 -0.0826373 0.0374016
        -0.0414751 -0.0827364 0.0374016
        -0.0417050 -0.0828471 0.0374016
        -0.0419291 -0.0829692 0.0374016
        -0.0421469 -0.0831022 0.0374016
        -0.0423577 -0.0832460 0.0374016
        -0.0425612 -0.0834001 0.0374016
        -0.0427567 -0.0835641 0.0374016
        -0.0429437 -0.0837377 0.0374016
        -0.0431219 -0.0839204 0.0374016
        -0.0432908 -0.0841117 0.0374016
        -0.0434499 -0.0843112 0.0374016
        -0.0435989 -0.0845184 0.0374016
        -0.0437373 -0.0847328 0.0374016
        -0.0438649 -0.0849538 0.0374016
        -0.0439813 -0.0851809 0.0374016
        -0.0440863 -0.0854135 0.0374016
        -0.0441795 -0.0856511 0.0374016
        -0.0442608 -0.0858930 0.0374016
        -0.0443299 -0.0861386 0.0374016
        -0.0443867 -0.0863874 0.0374016
        -0.0444310 -0.0866388 0.0374016
        -0.0444628 -0.0868920 0.0374016
        -0.0444818 -0.0871465 0.0374016
        -0.0444882 -0.0874016 0.0374016
        -0.0444818 -0.0876567 0.0374016
        -0.0444628 -0.0879112 0.0374016
        -0.0444310 -0.0881644 0.0374016
        -0.0443867 -0.0884157 0.0374016
        -0.0443299 -0.0886645 0.0374016
        -0.0442608 -0.0889102 0.0374016
        -0.0441795 -0.0891521 0.0374016
        -0.0440863 -0.0893896 0.0374016
        -0.0439813 -0.0896222 0.0374016
        -0.0438649 -0.0898493 0.0374016
        -0.0437373 -0.0900703 0.0374016
        -0.0435989 -0.0902847 0.0374016
        -0.0434499 -0.0904919 0.0374016
        -0.0432908 -0.0906914 0.0374016
        -0.0431219 -0.0908828 0.0374016
        -0.0429437 -0.0910655 0.0374016
        -0.0427567 -0.0912390 0.0374016
        -0.0425612 -0.0914031 0.0374016
        -0.0423577 -0.0915572 0.0374016
        -0.0421469 -0.0917009 0.0374016
        -0.0419291 -0.0918340 0.0374016
        -0.0417050 -0.0919560 0.0374016
        -0.0414751 -0.0920668 0.0374016
        -0.0412399 -0.0921659 0.0374016
        -0.0410001 -0.0922532 0.0374016
        -0.0407563 -0.0923284 0.0374016
        -0.0405090 -0.0923914 0.0374016
        -0.0402588 -0.0924419 0.0374016
        -0.0400065 -0.0924800 0.0374016
        -0.0397526 -0.0925054 0.0374016
        -0.0394977 -0.0925181 0.0374016
        -0.0392425 -0.0925181 0.0374016
        -0.0389876 -0.0925054 0.0374016
        -0.0387337 -0.0924800 0.0374016
        -0.0384813 -0.0924419 0.0374016
        -0.0382312 -0.0923914 0.0374016
        -0.0379839 -0.0923284 0.0374016
        -0.0377400 -0.0922532 0.0374016
        -0.0375002 -0.0921659 0.0374016
        -0.0372651 -0.0920668 0.0374016
        -0.0370351 -0.0919560 0.0374016
        -0.0368110 -0.0918340 0.0374016
        -0.0365933 -0.0917009 0.0374016
        -0.0363824 -0.0915572 0.0374016
        -0.0361790 -0.0914031 0.0374016
        -0.0359835 -0.0912390 0.0374016
        -0.0357964 -0.0910655 0.0374016
        -0.0356182 -0.0908828 0.0374016
        -0.0354494 -0.0906914 0.0374016
        -0.0352903 -0.0904919 0.0374016
        -0.0351413 -0.0902847 0.0374016
        -0.0350028 -0.0900703 0.0374016
        -0.0348752 -0.0898493 0.0374016
        -0.0347588 -0.0896222 0.0374016
        -0.0346539 -0.0893896 0.0374016
        -0.0345606 -0.0891521 0.0374016
        -0.0344794 -0.0889102 0.0374016
        -0.0344102 -0.0886645 0.0374016
        -0.0343534 -0.0884157 0.0374016
        -0.0343091 -0.0881644 0.0374016
        -0.0342774 -0.0879112 0.0374016
        -0.0342583 -0.0876567 0.0374016
      ] }
      coordIndex [
        3 1 0 -1
        3 2 1 -1
        69 4 5 -1
        69 6 4 -1
        68 7 6 -1
        68 6 69 -1
        67 8 7 -1
        67 7 68 -1
        66 9 8 -1
        66 8 67 -1
        65 10 9 -1
        65 9 66 -1
        64 11 10 -1
        64 10 65 -1
        63 12 11 -1
        63 11 64 -1
        62 13 12 -1
        62 12 63 -1
        61 13 62 -1
        61 14 13 -1
        60 15 14 -1
        60 14 61 -1
        59 16 15 -1
        59 15 60 -1
        58 17 16 -1
        58 16 59 -1
        57 18 17 -1
        57 17 58 -1
        56 19 18 -1
        56 18 57 -1
        55 20 19 -1
        55 19 56 -1
        54 21 20 -1
        54 20 55 -1
        53 22 21 -1
        53 21 54 -1
        52 23 22 -1
        52 22 53 -1
        51 24 23 -1
        51 23 52 -1
        50 25 24 -1
        50 24 51 -1
        49 26 25 -1
        49 25 50 -1
        48 27 26 -1
        48 26 49 -1
        47 28 27 -1
        47 27 48 -1
        46 29 28 -1
        46 30 29 -1
        46 28 47 -1
        45 31 30 -1
        45 30 46 -1
        44 31 45 -1
        43 32 31 -1
        43 33 32 -1
        43 31 44 -1
        42 33 43 -1
        41 34 33 -1
        41 33 42 -1
        40 35 34 -1
        40 34 41 -1
        39 36 35 -1
        39 35 40 -1
        38 37 36 -1
        38 36 39 -1
        73 71 70 -1
        73 70 72 -1
        179 180 181 -1
        74 175 176 -1
        74 176 177 -1
        74 177 178 -1
        74 178 179 -1
        74 181 182 -1
        74 182 183 -1
        74 183 184 -1
        74 184 185 -1
        74 185 186 -1
        74 186 187 -1
        74 187 188 -1
        74 188 189 -1
        74 179 181 -1
        174 189 190 -1
        174 74 189 -1
        174 190 191 -1
        174 191 192 -1
        174 192 193 -1
        174 193 194 -1
        174 194 195 -1
        174 195 196 -1
        174 196 197 -1
        174 197 198 -1
        174 198 199 -1
        174 199 200 -1
        174 200 201 -1
        174 201 202 -1
        174 202 203 -1
        174 203 204 -1
        174 204 205 -1
        78 77 76 -1
        79 76 75 -1
        79 78 76 -1
        81 80 79 -1
        81 79 75 -1
        83 82 81 -1
        83 81 75 -1
        84 83 75 -1
        85 84 75 -1
        86 85 75 -1
        88 87 86 -1
        89 88 86 -1
        89 86 75 -1
        91 90 89 -1
        91 89 75 -1
        93 92 91 -1
        96 94 93 -1
        96 95 94 -1
        96 91 75 -1
        96 93 91 -1
        98 97 96 -1
        98 96 75 -1
        101 99 98 -1
        101 100 99 -1
        101 98 75 -1
        103 102 101 -1
        105 104 103 -1
        105 103 101 -1
        107 106 105 -1
        107 101 75 -1
        107 105 101 -1
        171 173 172 -1
        169 171 170 -1
        167 169 168 -1
        166 171 169 -1
        166 169 167 -1
        165 171 166 -1
        163 165 164 -1
        162 165 163 -1
        161 171 165 -1
        161 165 162 -1
        161 173 171 -1
        160 173 161 -1
        159 173 160 -1
        158 173 159 -1
        155 157 156 -1
        155 158 157 -1
        153 158 155 -1
        153 155 154 -1
        152 158 153 -1
        151 173 158 -1
        151 158 152 -1
        150 173 151 -1
        149 173 150 -1
        147 149 148 -1
        146 149 147 -1
        144 149 146 -1
        144 146 145 -1
        142 149 144 -1
        142 144 143 -1
        284 285 174 -1
        286 174 285 -1
        283 284 174 -1
        287 174 286 -1
        282 283 174 -1
        288 174 287 -1
        281 282 174 -1
        141 173 149 -1
        141 149 142 -1
        289 174 288 -1
        280 281 174 -1
        290 174 289 -1
        279 280 174 -1
        291 174 290 -1
        278 279 174 -1
        278 174 173 -1
        292 174 291 -1
        277 278 173 -1
        293 174 292 -1
        276 277 173 -1
        294 174 293 -1
        275 276 173 -1
        295 174 294 -1
        274 275 173 -1
        296 174 295 -1
        273 274 173 -1
        297 74 174 -1
        297 174 296 -1
        272 273 173 -1
        298 74 297 -1
        271 272 173 -1
        299 74 298 -1
        270 271 173 -1
        300 74 299 -1
        269 270 173 -1
        301 75 74 -1
        301 74 300 -1
        268 269 173 -1
        302 75 301 -1
        267 268 173 -1
        303 75 302 -1
        266 267 173 -1
        304 75 303 -1
        304 107 75 -1
        265 266 173 -1
        305 107 304 -1
        264 265 173 -1
        306 107 305 -1
        263 264 173 -1
        307 107 306 -1
        262 263 173 -1
        308 107 307 -1
        261 262 173 -1
        309 107 308 -1
        260 173 141 -1
        260 261 173 -1
        310 107 309 -1
        259 260 141 -1
        311 107 310 -1
        258 259 141 -1
        312 107 311 -1
        257 258 141 -1
        313 107 312 -1
        256 257 141 -1
        314 107 313 -1
        255 256 141 -1
        315 107 314 -1
        254 255 141 -1
        316 107 315 -1
        253 254 141 -1
        317 107 316 -1
        252 253 141 -1
        318 107 317 -1
        251 252 141 -1
        319 107 318 -1
        250 251 141 -1
        320 107 319 -1
        249 250 141 -1
        321 107 320 -1
        248 249 141 -1
        322 107 321 -1
        247 248 141 -1
        323 107 322 -1
        246 247 141 -1
        245 246 141 -1
        244 245 141 -1
        243 244 141 -1
        242 243 141 -1
        241 242 141 -1
        240 241 141 -1
        239 240 141 -1
        238 239 141 -1
        237 238 141 -1
        140 237 141 -1
        140 215 216 -1
        140 216 217 -1
        140 217 218 -1
        140 218 219 -1
        140 219 220 -1
        140 220 221 -1
        140 221 222 -1
        140 222 223 -1
        140 223 224 -1
        140 224 225 -1
        140 225 226 -1
        140 226 227 -1
        140 227 228 -1
        140 228 229 -1
        140 229 230 -1
        140 230 231 -1
        140 231 232 -1
        140 232 233 -1
        140 233 234 -1
        140 234 235 -1
        140 235 236 -1
        140 236 237 -1
        108 107 323 -1
        108 206 207 -1
        108 207 208 -1
        108 208 209 -1
        108 209 210 -1
        108 210 211 -1
        108 211 212 -1
        108 212 213 -1
        108 213 214 -1
        108 214 215 -1
        108 323 324 -1
        108 324 325 -1
        108 325 326 -1
        108 326 327 -1
        108 327 328 -1
        108 328 329 -1
        108 329 330 -1
        108 330 331 -1
        108 331 206 -1
        108 215 140 -1
        137 139 138 -1
        137 140 139 -1
        112 111 110 -1
        135 137 136 -1
        114 112 110 -1
        114 113 112 -1
        134 137 135 -1
        115 114 110 -1
        115 110 109 -1
        133 140 137 -1
        133 137 134 -1
        116 115 109 -1
        116 109 108 -1
        119 118 117 -1
        129 131 130 -1
        129 132 131 -1
        129 133 132 -1
        121 117 116 -1
        121 120 119 -1
        121 119 117 -1
        127 129 128 -1
        122 121 116 -1
        122 116 108 -1
        125 140 133 -1
        125 133 129 -1
        125 127 126 -1
        125 129 127 -1
        124 122 108 -1
        124 123 122 -1
        124 140 125 -1
        124 108 140 -1
        367 333 332 -1
        367 332 334 -1
        368 334 335 -1
        368 367 334 -1
        369 335 336 -1
        369 368 335 -1
        370 336 337 -1
        370 369 336 -1
        371 337 338 -1
        371 338 339 -1
        371 370 337 -1
        372 371 339 -1
        373 339 340 -1
        373 372 339 -1
        374 340 341 -1
        374 373 340 -1
        375 374 341 -1
        375 341 342 -1
        375 342 343 -1
        376 343 344 -1
        376 375 343 -1
        377 344 345 -1
        377 376 344 -1
        378 377 345 -1
        379 345 346 -1
        379 378 345 -1
        380 346 347 -1
        380 379 346 -1
        381 347 348 -1
        381 380 347 -1
        382 348 349 -1
        382 381 348 -1
        383 349 350 -1
        383 350 351 -1
        383 382 349 -1
        384 383 351 -1
        385 351 352 -1
        385 384 351 -1
        386 352 353 -1
        386 385 352 -1
        387 353 354 -1
        387 354 355 -1
        387 386 353 -1
        388 387 355 -1
        389 355 356 -1
        389 388 355 -1
        390 356 357 -1
        390 389 356 -1
        391 357 358 -1
        391 390 357 -1
        392 358 359 -1
        392 391 358 -1
        393 359 360 -1
        393 360 361 -1
        393 392 359 -1
        394 393 361 -1
        395 361 362 -1
        395 394 361 -1
        396 362 363 -1
        396 363 364 -1
        396 395 362 -1
        397 396 364 -1
        366 364 365 -1
        366 397 364 -1
        464 398 400 -1
        464 400 401 -1
        464 401 402 -1
        465 402 403 -1
        465 403 404 -1
        465 464 402 -1
        466 399 398 -1
        466 398 464 -1
        467 404 405 -1
        467 405 406 -1
        467 465 404 -1
        468 466 464 -1
        468 464 465 -1
        469 433 399 -1
        469 434 433 -1
        469 435 434 -1
        469 399 466 -1
        470 406 407 -1
        470 407 408 -1
        470 467 406 -1
        471 465 467 -1
        471 468 465 -1
        472 469 466 -1
        472 436 435 -1
        472 437 436 -1
        472 466 468 -1
        472 435 469 -1
        473 408 409 -1
        473 409 410 -1
        473 470 408 -1
        474 471 467 -1
        474 467 470 -1
        475 437 472 -1
        475 472 468 -1
        475 438 437 -1
        475 439 438 -1
        475 468 471 -1
        476 410 411 -1
        476 411 412 -1
        476 473 410 -1
        477 474 470 -1
        477 470 473 -1
        478 475 471 -1
        478 440 439 -1
        478 441 440 -1
        478 439 475 -1
        478 471 474 -1
        479 476 412 -1
        479 412 413 -1
        479 413 414 -1
        480 473 476 -1
        480 477 473 -1
        481 478 474 -1
        481 474 477 -1
        481 442 441 -1
        481 443 442 -1
        481 441 478 -1
        482 414 415 -1
        482 479 414 -1
        482 415 416 -1
        483 476 479 -1
        483 480 476 -1
        484 444 443 -1
        484 445 444 -1
        484 443 481 -1
        484 477 480 -1
        484 481 477 -1
        485 416 417 -1
        485 417 418 -1
        485 482 416 -1
        486 479 482 -1
        486 483 479 -1
        487 446 445 -1
        487 447 446 -1
        487 445 484 -1
        487 484 480 -1
        487 480 483 -1
        488 418 419 -1
        488 419 420 -1
        488 485 418 -1
        489 482 485 -1
        489 486 482 -1
        490 448 447 -1
        490 449 448 -1
        490 487 483 -1
        490 447 487 -1
        490 483 486 -1
        491 420 421 -1
        491 421 422 -1
        491 488 420 -1
        492 489 485 -1
        492 485 488 -1
        493 486 489 -1
        493 450 449 -1
        493 451 450 -1
        493 449 490 -1
        493 490 486 -1
        494 491 422 -1
        494 422 423 -1
        494 423 424 -1
        495 492 488 -1
        495 488 491 -1
        496 493 489 -1
        496 489 492 -1
        496 451 493 -1
        496 452 451 -1
        496 453 452 -1
        497 424 425 -1
        497 425 426 -1
        497 494 424 -1
        498 491 494 -1
        498 495 491 -1
        499 492 495 -1
        499 496 492 -1
        499 453 496 -1
        499 454 453 -1
        499 455 454 -1
        500 497 426 -1
        500 426 427 -1
        500 427 428 -1
        501 498 494 -1
        501 494 497 -1
        502 499 495 -1
        502 455 499 -1
        502 456 455 -1
        502 457 456 -1
        502 495 498 -1
        503 428 429 -1
        503 429 430 -1
        503 430 431 -1
        503 500 428 -1
        504 501 497 -1
        504 497 500 -1
        505 498 501 -1
        505 502 498 -1
        505 457 502 -1
        505 458 457 -1
        505 459 458 -1
        506 500 503 -1
        506 431 432 -1
        506 504 500 -1
        506 503 431 -1
        507 501 504 -1
        507 459 505 -1
        507 460 459 -1
        507 461 460 -1
        507 505 501 -1
        508 504 506 -1
        508 506 432 -1
        508 507 504 -1
        508 461 507 -1
        508 462 461 -1
        508 463 462 -1
        508 432 463 -1
        512 510 509 -1
        512 511 510 -1
        546 755 756 -1
        546 756 757 -1
        546 757 758 -1
        546 758 759 -1
        546 759 760 -1
        546 761 514 -1
        546 760 761 -1
        612 719 720 -1
        612 720 721 -1
        612 721 722 -1
        612 722 723 -1
        612 723 724 -1
        612 724 725 -1
        612 725 726 -1
        612 726 727 -1
        612 727 728 -1
        612 728 729 -1
        612 729 730 -1
        612 730 731 -1
        612 731 732 -1
        612 732 733 -1
        612 733 734 -1
        612 734 735 -1
        612 735 736 -1
        612 736 737 -1
        612 737 738 -1
        612 738 739 -1
        612 739 740 -1
        612 740 741 -1
        630 628 629 -1
        612 741 742 -1
        612 742 743 -1
        612 613 719 -1
        612 743 744 -1
        612 744 745 -1
        612 745 746 -1
        612 746 747 -1
        612 747 748 -1
        612 748 749 -1
        612 749 750 -1
        609 610 611 -1
        609 611 612 -1
        608 609 612 -1
        607 608 612 -1
        605 606 607 -1
        603 607 612 -1
        603 605 607 -1
        603 604 605 -1
        601 603 612 -1
        601 602 603 -1
        599 601 612 -1
        599 600 601 -1
        597 599 612 -1
        597 598 599 -1
        596 597 612 -1
        595 596 612 -1
        593 594 595 -1
        592 595 612 -1
        592 593 595 -1
        590 591 592 -1
        590 592 612 -1
        586 587 588 -1
        586 588 589 -1
        586 589 590 -1
        584 585 586 -1
        584 590 612 -1
        584 586 590 -1
        583 584 612 -1
        581 582 583 -1
        581 583 612 -1
        580 581 612 -1
        547 612 750 -1
        547 580 612 -1
        547 750 751 -1
        547 751 752 -1
        547 752 753 -1
        547 755 546 -1
        547 753 754 -1
        547 754 755 -1
        547 579 580 -1
        577 578 579 -1
        551 548 549 -1
        551 549 550 -1
        616 617 618 -1
        552 548 551 -1
        552 547 548 -1
        554 547 552 -1
        643 641 642 -1
        554 552 553 -1
        572 577 579 -1
        572 573 574 -1
        572 574 575 -1
        572 575 576 -1
        572 576 577 -1
        613 614 615 -1
        613 616 618 -1
        613 615 616 -1
        613 618 619 -1
        570 571 572 -1
        558 554 555 -1
        558 555 556 -1
        558 556 557 -1
        613 619 620 -1
        613 620 621 -1
        613 621 622 -1
        613 622 623 -1
        613 623 624 -1
        613 624 625 -1
        613 625 626 -1
        613 626 627 -1
        613 627 628 -1
        513 613 628 -1
        513 641 643 -1
        513 630 631 -1
        513 631 632 -1
        513 632 633 -1
        513 633 634 -1
        513 634 635 -1
        513 635 636 -1
        513 636 637 -1
        513 637 638 -1
        513 638 639 -1
        513 639 640 -1
        513 640 641 -1
        513 643 644 -1
        513 628 630 -1
        568 570 572 -1
        568 569 570 -1
        559 554 558 -1
        566 572 579 -1
        692 613 513 -1
        693 613 692 -1
        691 692 513 -1
        694 613 693 -1
        690 691 513 -1
        695 613 694 -1
        689 690 513 -1
        566 568 572 -1
        566 567 568 -1
        561 559 560 -1
        565 566 579 -1
        562 559 561 -1
        696 613 695 -1
        688 689 513 -1
        697 613 696 -1
        687 688 513 -1
        564 565 579 -1
        563 579 547 -1
        563 547 554 -1
        563 554 559 -1
        563 559 562 -1
        563 564 579 -1
        698 613 697 -1
        686 687 513 -1
        699 613 698 -1
        685 686 513 -1
        700 613 699 -1
        684 685 513 -1
        701 613 700 -1
        683 684 513 -1
        702 613 701 -1
        682 683 513 -1
        703 613 702 -1
        681 682 513 -1
        704 613 703 -1
        680 681 513 -1
        705 613 704 -1
        679 680 513 -1
        706 613 705 -1
        678 679 513 -1
        707 613 706 -1
        677 678 513 -1
        708 613 707 -1
        676 677 513 -1
        709 613 708 -1
        675 676 513 -1
        710 613 709 -1
        674 675 513 -1
        711 613 710 -1
        673 674 513 -1
        712 613 711 -1
        672 673 513 -1
        713 613 712 -1
        671 672 513 -1
        714 613 713 -1
        670 671 513 -1
        715 613 714 -1
        669 670 513 -1
        716 613 715 -1
        668 669 513 -1
        717 613 716 -1
        667 668 513 -1
        718 613 717 -1
        666 667 513 -1
        719 613 718 -1
        514 666 513 -1
        514 645 646 -1
        514 646 647 -1
        514 647 648 -1
        514 648 649 -1
        514 649 650 -1
        514 650 651 -1
        514 651 652 -1
        514 652 653 -1
        514 653 654 -1
        514 654 655 -1
        514 655 656 -1
        514 656 657 -1
        514 657 658 -1
        514 658 659 -1
        514 659 660 -1
        514 660 661 -1
        514 761 762 -1
        514 661 662 -1
        514 762 763 -1
        514 662 663 -1
        514 763 764 -1
        514 663 664 -1
        514 764 765 -1
        514 664 665 -1
        514 765 766 -1
        514 665 666 -1
        514 766 767 -1
        514 767 768 -1
        514 768 769 -1
        514 769 770 -1
        514 770 645 -1
        516 514 515 -1
        517 514 516 -1
        519 517 518 -1
        519 514 517 -1
        520 514 519 -1
        521 514 520 -1
        523 521 522 -1
        523 514 521 -1
        525 523 524 -1
        525 514 523 -1
        526 514 525 -1
        528 526 527 -1
        528 514 526 -1
        531 529 530 -1
        532 529 531 -1
        532 528 529 -1
        533 514 528 -1
        533 528 532 -1
        535 533 534 -1
        536 533 535 -1
        536 514 533 -1
        537 514 536 -1
        539 537 538 -1
        540 537 539 -1
        542 537 540 -1
        542 540 541 -1
        544 542 543 -1
        546 537 542 -1
        546 514 537 -1
        546 542 544 -1
        546 544 545 -1
        837 771 773 -1
        837 773 774 -1
        837 774 775 -1
        838 775 776 -1
        838 776 777 -1
        838 837 775 -1
        839 772 771 -1
        839 771 837 -1
        840 777 778 -1
        840 778 779 -1
        840 838 777 -1
        841 839 837 -1
        841 837 838 -1
        842 806 772 -1
        842 807 806 -1
        842 808 807 -1
        842 772 839 -1
        843 779 780 -1
        843 780 781 -1
        843 840 779 -1
        844 838 840 -1
        844 841 838 -1
        845 842 839 -1
        845 809 808 -1
        845 810 809 -1
        845 839 841 -1
        845 808 842 -1
        846 781 782 -1
        846 782 783 -1
        846 843 781 -1
        847 844 840 -1
        847 840 843 -1
        848 810 845 -1
        848 845 841 -1
        848 811 810 -1
        848 812 811 -1
        848 841 844 -1
        849 783 784 -1
        849 784 785 -1
        849 846 783 -1
        850 847 843 -1
        850 843 846 -1
        851 848 844 -1
        851 813 812 -1
        851 814 813 -1
        851 812 848 -1
        851 844 847 -1
        852 849 785 -1
        852 785 786 -1
        852 786 787 -1
        853 846 849 -1
        853 850 846 -1
        854 851 847 -1
        854 847 850 -1
        854 815 814 -1
        854 816 815 -1
        854 814 851 -1
        855 787 788 -1
        855 852 787 -1
        855 788 789 -1
        856 849 852 -1
        856 853 849 -1
        857 817 816 -1
        857 818 817 -1
        857 816 854 -1
        857 850 853 -1
        857 854 850 -1
        858 789 790 -1
        858 790 791 -1
        858 855 789 -1
        859 852 855 -1
        859 856 852 -1
        860 819 818 -1
        860 820 819 -1
        860 818 857 -1
        860 857 853 -1
        860 853 856 -1
        861 791 792 -1
        861 792 793 -1
        861 858 791 -1
        862 855 858 -1
        862 859 855 -1
        863 821 820 -1
        863 822 821 -1
        863 860 856 -1
        863 820 860 -1
        863 856 859 -1
        864 793 794 -1
        864 794 795 -1
        864 861 793 -1
        865 862 858 -1
        865 858 861 -1
        866 859 862 -1
        866 823 822 -1
        866 824 823 -1
        866 822 863 -1
        866 863 859 -1
        867 864 795 -1
        867 795 796 -1
        867 796 797 -1
        868 865 861 -1
        868 861 864 -1
        869 866 862 -1
        869 862 865 -1
        869 824 866 -1
        869 825 824 -1
        869 826 825 -1
        870 797 798 -1
        870 798 799 -1
        870 867 797 -1
        871 864 867 -1
        871 868 864 -1
        872 865 868 -1
        872 869 865 -1
        872 826 869 -1
        872 827 826 -1
        872 828 827 -1
        873 870 799 -1
        873 799 800 -1
        873 800 801 -1
        874 871 867 -1
        874 867 870 -1
        875 872 868 -1
        875 828 872 -1
        875 829 828 -1
        875 830 829 -1
        875 868 871 -1
        876 801 802 -1
        876 802 803 -1
        876 803 804 -1
        876 873 801 -1
        877 874 870 -1
        877 870 873 -1
        878 871 874 -1
        878 875 871 -1
        878 830 875 -1
        878 831 830 -1
        878 832 831 -1
        879 873 876 -1
        879 804 805 -1
        879 877 873 -1
        879 876 804 -1
        880 874 877 -1
        880 832 878 -1
        880 833 832 -1
        880 834 833 -1
        880 878 874 -1
        881 877 879 -1
        881 879 805 -1
        881 880 877 -1
        881 834 880 -1
        881 835 834 -1
        881 836 835 -1
        881 805 836 -1
        885 883 882 -1
        885 884 883 -1
        887 886 888 -1
        921 888 889 -1
        921 887 888 -1
        922 889 890 -1
        922 921 889 -1
        923 890 891 -1
        923 922 890 -1
        924 891 892 -1
        924 923 891 -1
        925 892 893 -1
        925 924 892 -1
        926 893 894 -1
        926 925 893 -1
        927 894 895 -1
        927 926 894 -1
        928 927 895 -1
        928 895 896 -1
        929 928 896 -1
        929 896 897 -1
        930 897 898 -1
        930 929 897 -1
        931 898 899 -1
        931 930 898 -1
        932 899 900 -1
        932 931 899 -1
        933 900 901 -1
        933 932 900 -1
        934 901 902 -1
        934 933 901 -1
        935 902 903 -1
        935 934 902 -1
        936 903 904 -1
        936 935 903 -1
        937 904 905 -1
        937 936 904 -1
        938 905 906 -1
        938 937 905 -1
        939 906 907 -1
        939 938 906 -1
        940 907 908 -1
        940 939 907 -1
        941 908 909 -1
        941 940 908 -1
        942 909 910 -1
        942 941 909 -1
        943 910 911 -1
        943 942 910 -1
        944 911 912 -1
        944 943 911 -1
        945 912 913 -1
        945 944 912 -1
        946 913 914 -1
        946 945 913 -1
        947 914 915 -1
        947 946 914 -1
        948 915 916 -1
        948 947 915 -1
        949 916 917 -1
        949 948 916 -1
        950 917 918 -1
        950 949 917 -1
        951 950 918 -1
        920 918 919 -1
        920 951 918 -1
        987 953 952 -1
        987 952 954 -1
        988 954 955 -1
        988 987 954 -1
        989 955 956 -1
        989 988 955 -1
        990 956 957 -1
        990 989 956 -1
        991 957 958 -1
        991 990 957 -1
        992 958 959 -1
        992 991 958 -1
        993 959 960 -1
        993 992 959 -1
        994 960 961 -1
        994 993 960 -1
        995 994 961 -1
        995 961 962 -1
        996 962 963 -1
        996 995 962 -1
        997 963 964 -1
        997 996 963 -1
        998 964 965 -1
        998 965 966 -1
        998 997 964 -1
        999 998 966 -1
        1000 966 967 -1
        1000 999 966 -1
        1001 967 968 -1
        1001 1000 967 -1
        1002 968 969 -1
        1002 969 970 -1
        1002 1001 968 -1
        1003 970 971 -1
        1003 1002 970 -1
        1004 971 972 -1
        1004 1003 971 -1
        1005 972 973 -1
        1005 1004 972 -1
        1006 973 974 -1
        1006 1005 973 -1
        1007 974 975 -1
        1007 1006 974 -1
        1008 975 976 -1
        1008 1007 975 -1
        1009 976 977 -1
        1009 1008 976 -1
        1010 977 978 -1
        1010 1009 977 -1
        1011 978 979 -1
        1011 1010 978 -1
        1012 979 980 -1
        1012 1011 979 -1
        1013 1012 980 -1
        1014 980 981 -1
        1014 981 982 -1
        1014 1013 980 -1
        1015 1014 982 -1
        1016 982 983 -1
        1016 983 984 -1
        1016 1015 982 -1
        1017 984 985 -1
        1017 1016 984 -1
        986 1017 985 -1
        1021 1019 1018 -1
        1021 1020 1019 -1
        1151 1022 1023 -1
        1151 1023 1024 -1
        1152 1024 1025 -1
        1152 1151 1024 -1
        1153 1025 1026 -1
        1153 1152 1025 -1
        1154 1026 1027 -1
        1154 1153 1026 -1
        1155 1027 1028 -1
        1155 1154 1027 -1
        1156 1028 1029 -1
        1156 1029 1030 -1
        1156 1155 1028 -1
        1157 1156 1030 -1
        1158 1030 1031 -1
        1158 1157 1030 -1
        1159 1031 1032 -1
        1159 1158 1031 -1
        1160 1032 1033 -1
        1160 1159 1032 -1
        1161 1160 1033 -1
        1161 1033 1034 -1
        1162 1161 1034 -1
        1162 1034 1035 -1
        1163 1162 1035 -1
        1163 1035 1036 -1
        1164 1163 1036 -1
        1164 1036 1037 -1
        1165 1037 1038 -1
        1165 1038 1039 -1
        1165 1164 1037 -1
        1166 1165 1039 -1
        1167 1039 1040 -1
        1167 1166 1039 -1
        1168 1040 1041 -1
        1168 1167 1040 -1
        1169 1041 1042 -1
        1169 1042 1043 -1
        1169 1168 1041 -1
        1170 1169 1043 -1
        1171 1043 1044 -1
        1171 1170 1043 -1
        1172 1044 1045 -1
        1172 1171 1044 -1
        1173 1045 1046 -1
        1173 1172 1045 -1
        1174 1046 1047 -1
        1174 1173 1046 -1
        1175 1047 1048 -1
        1175 1048 1049 -1
        1175 1174 1047 -1
        1176 1175 1049 -1
        1177 1049 1050 -1
        1177 1050 1051 -1
        1177 1176 1049 -1
        1178 1051 1052 -1
        1178 1177 1051 -1
        1179 1178 1052 -1
        1180 1052 1053 -1
        1180 1179 1052 -1
        1181 1053 1054 -1
        1181 1180 1053 -1
        1182 1054 1055 -1
        1182 1181 1054 -1
        1183 1055 1056 -1
        1183 1182 1055 -1
        1184 1056 1057 -1
        1184 1183 1056 -1
        1185 1057 1058 -1
        1185 1184 1057 -1
        1186 1058 1059 -1
        1186 1185 1058 -1
        1187 1059 1060 -1
        1187 1186 1059 -1
        1188 1187 1060 -1
        1188 1060 1061 -1
        1189 1188 1061 -1
        1189 1061 1062 -1
        1190 1189 1062 -1
        1190 1062 1063 -1
        1191 1190 1063 -1
        1191 1063 1064 -1
        1192 1191 1064 -1
        1192 1064 1065 -1
        1193 1192 1065 -1
        1193 1065 1066 -1
        1194 1193 1066 -1
        1194 1066 1067 -1
        1195 1194 1067 -1
        1195 1067 1068 -1
        1196 1195 1068 -1
        1196 1068 1069 -1
        1197 1196 1069 -1
        1197 1069 1070 -1
        1198 1070 1071 -1
        1198 1197 1070 -1
        1199 1071 1072 -1
        1199 1198 1071 -1
        1200 1072 1073 -1
        1200 1199 1072 -1
        1201 1073 1074 -1
        1201 1200 1073 -1
        1202 1074 1075 -1
        1202 1201 1074 -1
        1203 1075 1076 -1
        1203 1202 1075 -1
        1204 1076 1077 -1
        1204 1077 1078 -1
        1204 1203 1076 -1
        1205 1204 1078 -1
        1206 1078 1079 -1
        1206 1205 1078 -1
        1207 1079 1080 -1
        1207 1206 1079 -1
        1208 1080 1081 -1
        1208 1207 1080 -1
        1209 1081 1082 -1
        1209 1208 1081 -1
        1210 1082 1083 -1
        1210 1209 1082 -1
        1211 1083 1084 -1
        1211 1210 1083 -1
        1212 1211 1084 -1
        1212 1084 1085 -1
        1213 1212 1085 -1
        1213 1085 1086 -1
        1214 1213 1086 -1
        1214 1086 1087 -1
        1215 1214 1087 -1
        1215 1087 1088 -1
        1216 1215 1088 -1
        1216 1088 1089 -1
        1217 1216 1089 -1
        1217 1089 1090 -1
        1218 1217 1090 -1
        1218 1090 1091 -1
        1219 1218 1091 -1
        1219 1091 1092 -1
        1220 1219 1092 -1
        1220 1092 1093 -1
        1221 1220 1093 -1
        1221 1093 1094 -1
        1222 1221 1094 -1
        1222 1094 1095 -1
        1223 1222 1095 -1
        1223 1095 1096 -1
        1224 1223 1096 -1
        1224 1096 1097 -1
        1225 1224 1097 -1
        1225 1097 1098 -1
        1226 1225 1098 -1
        1226 1098 1099 -1
        1227 1226 1099 -1
        1227 1099 1100 -1
        1228 1227 1100 -1
        1228 1100 1101 -1
        1229 1228 1101 -1
        1229 1101 1102 -1
        1229 1102 1103 -1
        1230 1229 1103 -1
        1231 1230 1103 -1
        1231 1103 1104 -1
        1232 1231 1104 -1
        1232 1104 1105 -1
        1233 1105 1106 -1
        1233 1232 1105 -1
        1234 1106 1107 -1
        1234 1233 1106 -1
        1235 1107 1108 -1
        1235 1234 1107 -1
        1236 1108 1109 -1
        1236 1109 1110 -1
        1236 1235 1108 -1
        1237 1236 1110 -1
        1238 1237 1110 -1
        1238 1110 1111 -1
        1239 1238 1111 -1
        1239 1111 1112 -1
        1240 1239 1112 -1
        1240 1112 1113 -1
        1241 1240 1113 -1
        1241 1113 1114 -1
        1242 1241 1114 -1
        1242 1114 1115 -1
        1243 1242 1115 -1
        1243 1115 1116 -1
        1244 1243 1116 -1
        1244 1116 1117 -1
        1245 1244 1117 -1
        1245 1117 1118 -1
        1246 1245 1118 -1
        1246 1118 1119 -1
        1246 1119 1120 -1
        1247 1246 1120 -1
        1248 1247 1120 -1
        1248 1120 1121 -1
        1249 1248 1121 -1
        1249 1121 1122 -1
        1250 1122 1123 -1
        1250 1249 1122 -1
        1251 1123 1124 -1
        1251 1124 1125 -1
        1251 1250 1123 -1
        1252 1251 1125 -1
        1253 1125 1126 -1
        1253 1252 1125 -1
        1254 1126 1127 -1
        1254 1127 1128 -1
        1254 1253 1126 -1
        1255 1254 1128 -1
        1256 1128 1129 -1
        1256 1255 1128 -1
        1257 1129 1130 -1
        1257 1130 1131 -1
        1257 1256 1129 -1
        1258 1257 1131 -1
        1259 1131 1132 -1
        1259 1132 1133 -1
        1259 1258 1131 -1
        1260 1259 1133 -1
        1261 1133 1134 -1
        1261 1260 1133 -1
        1262 1261 1134 -1
        1262 1134 1135 -1
        1262 1135 1136 -1
        1263 1262 1136 -1
        1264 1136 1137 -1
        1264 1263 1136 -1
        1265 1264 1137 -1
        1265 1137 1138 -1
        1265 1138 1139 -1
        1266 1265 1139 -1
        1267 1139 1140 -1
        1267 1266 1139 -1
        1268 1140 1141 -1
        1268 1141 1142 -1
        1268 1267 1140 -1
        1269 1268 1142 -1
        1270 1142 1143 -1
        1270 1143 1144 -1
        1270 1269 1142 -1
        1271 1270 1144 -1
        1272 1144 1145 -1
        1272 1271 1144 -1
        1273 1145 1146 -1
        1273 1146 1147 -1
        1273 1272 1145 -1
        1274 1273 1147 -1
        1275 1147 1148 -1
        1275 1274 1147 -1
        1150 1148 1149 -1
        1150 1275 1148 -1
        1279 1277 1276 -1
        1279 1276 1278 -1
        1283 1281 1280 -1
        1283 1280 1282 -1
        1350 1284 1286 -1
        1350 1286 1287 -1
        1350 1287 1288 -1
        1351 1288 1289 -1
        1351 1289 1290 -1
        1351 1350 1288 -1
        1352 1285 1284 -1
        1352 1284 1350 -1
        1353 1290 1291 -1
        1353 1291 1292 -1
        1353 1351 1290 -1
        1354 1352 1350 -1
        1354 1350 1351 -1
        1355 1319 1285 -1
        1355 1320 1319 -1
        1355 1321 1320 -1
        1355 1285 1352 -1
        1356 1292 1293 -1
        1356 1293 1294 -1
        1356 1353 1292 -1
        1357 1351 1353 -1
        1357 1354 1351 -1
        1358 1355 1352 -1
        1358 1322 1321 -1
        1358 1323 1322 -1
        1358 1352 1354 -1
        1358 1321 1355 -1
        1359 1294 1295 -1
        1359 1295 1296 -1
        1359 1356 1294 -1
        1360 1357 1353 -1
        1360 1353 1356 -1
        1361 1323 1358 -1
        1361 1358 1354 -1
        1361 1324 1323 -1
        1361 1325 1324 -1
        1361 1354 1357 -1
        1362 1296 1297 -1
        1362 1297 1298 -1
        1362 1359 1296 -1
        1363 1360 1356 -1
        1363 1356 1359 -1
        1364 1361 1357 -1
        1364 1326 1325 -1
        1364 1327 1326 -1
        1364 1325 1361 -1
        1364 1357 1360 -1
        1365 1362 1298 -1
        1365 1298 1299 -1
        1365 1299 1300 -1
        1366 1359 1362 -1
        1366 1363 1359 -1
        1367 1364 1360 -1
        1367 1360 1363 -1
        1367 1328 1327 -1
        1367 1329 1328 -1
        1367 1327 1364 -1
        1368 1300 1301 -1
        1368 1365 1300 -1
        1368 1301 1302 -1
        1369 1362 1365 -1
        1369 1366 1362 -1
        1370 1330 1329 -1
        1370 1331 1330 -1
        1370 1329 1367 -1
        1370 1363 1366 -1
        1370 1367 1363 -1
        1371 1302 1303 -1
        1371 1303 1304 -1
        1371 1368 1302 -1
        1372 1365 1368 -1
        1372 1369 1365 -1
        1373 1332 1331 -1
        1373 1333 1332 -1
        1373 1331 1370 -1
        1373 1370 1366 -1
        1373 1366 1369 -1
        1374 1304 1305 -1
        1374 1305 1306 -1
        1374 1371 1304 -1
        1375 1368 1371 -1
        1375 1372 1368 -1
        1376 1334 1333 -1
        1376 1335 1334 -1
        1376 1373 1369 -1
        1376 1333 1373 -1
        1376 1369 1372 -1
        1377 1306 1307 -1
        1377 1307 1308 -1
        1377 1374 1306 -1
        1378 1375 1371 -1
        1378 1371 1374 -1
        1379 1372 1375 -1
        1379 1336 1335 -1
        1379 1337 1336 -1
        1379 1335 1376 -1
        1379 1376 1372 -1
        1380 1377 1308 -1
        1380 1308 1309 -1
        1380 1309 1310 -1
        1381 1378 1374 -1
        1381 1374 1377 -1
        1382 1379 1375 -1
        1382 1375 1378 -1
        1382 1337 1379 -1
        1382 1338 1337 -1
        1382 1339 1338 -1
        1383 1310 1311 -1
        1383 1311 1312 -1
        1383 1380 1310 -1
        1384 1377 1380 -1
        1384 1381 1377 -1
        1385 1378 1381 -1
        1385 1382 1378 -1
        1385 1339 1382 -1
        1385 1340 1339 -1
        1385 1341 1340 -1
        1386 1383 1312 -1
        1386 1312 1313 -1
        1386 1313 1314 -1
        1387 1384 1380 -1
        1387 1380 1383 -1
        1388 1385 1381 -1
        1388 1341 1385 -1
        1388 1342 1341 -1
        1388 1343 1342 -1
        1388 1381 1384 -1
        1389 1314 1315 -1
        1389 1315 1316 -1
        1389 1316 1317 -1
        1389 1386 1314 -1
        1390 1387 1383 -1
        1390 1383 1386 -1
        1391 1384 1387 -1
        1391 1388 1384 -1
        1391 1343 1388 -1
        1391 1344 1343 -1
        1391 1345 1344 -1
        1392 1386 1389 -1
        1392 1317 1318 -1
        1392 1390 1386 -1
        1392 1389 1317 -1
        1393 1387 1390 -1
        1393 1345 1391 -1
        1393 1346 1345 -1
        1393 1347 1346 -1
        1393 1391 1387 -1
        1394 1390 1392 -1
        1394 1392 1318 -1
        1394 1393 1390 -1
        1394 1347 1393 -1
        1394 1348 1347 -1
        1394 1349 1348 -1
        1394 1318 1349 -1
        1461 1395 1397 -1
        1461 1397 1398 -1
        1461 1398 1399 -1
        1462 1399 1400 -1
        1462 1400 1401 -1
        1462 1461 1399 -1
        1463 1396 1395 -1
        1463 1395 1461 -1
        1464 1401 1402 -1
        1464 1402 1403 -1
        1464 1462 1401 -1
        1465 1463 1461 -1
        1465 1461 1462 -1
        1466 1430 1396 -1
        1466 1431 1430 -1
        1466 1432 1431 -1
        1466 1396 1463 -1
        1467 1403 1404 -1
        1467 1404 1405 -1
        1467 1464 1403 -1
        1468 1462 1464 -1
        1468 1465 1462 -1
        1469 1466 1463 -1
        1469 1433 1432 -1
        1469 1434 1433 -1
        1469 1463 1465 -1
        1469 1432 1466 -1
        1470 1405 1406 -1
        1470 1406 1407 -1
        1470 1467 1405 -1
        1471 1468 1464 -1
        1471 1464 1467 -1
        1472 1434 1469 -1
        1472 1469 1465 -1
        1472 1435 1434 -1
        1472 1436 1435 -1
        1472 1465 1468 -1
        1473 1407 1408 -1
        1473 1408 1409 -1
        1473 1470 1407 -1
        1474 1471 1467 -1
        1474 1467 1470 -1
        1475 1472 1468 -1
        1475 1437 1436 -1
        1475 1438 1437 -1
        1475 1436 1472 -1
        1475 1468 1471 -1
        1476 1473 1409 -1
        1476 1409 1410 -1
        1476 1410 1411 -1
        1477 1470 1473 -1
        1477 1474 1470 -1
        1478 1475 1471 -1
        1478 1471 1474 -1
        1478 1439 1438 -1
        1478 1440 1439 -1
        1478 1438 1475 -1
        1479 1411 1412 -1
        1479 1476 1411 -1
        1479 1412 1413 -1
        1480 1473 1476 -1
        1480 1477 1473 -1
        1481 1441 1440 -1
        1481 1442 1441 -1
        1481 1440 1478 -1
        1481 1474 1477 -1
        1481 1478 1474 -1
        1482 1413 1414 -1
        1482 1414 1415 -1
        1482 1479 1413 -1
        1483 1476 1479 -1
        1483 1480 1476 -1
        1484 1443 1442 -1
        1484 1444 1443 -1
        1484 1442 1481 -1
        1484 1481 1477 -1
        1484 1477 1480 -1
        1485 1415 1416 -1
        1485 1416 1417 -1
        1485 1482 1415 -1
        1486 1479 1482 -1
        1486 1483 1479 -1
        1487 1445 1444 -1
        1487 1446 1445 -1
        1487 1484 1480 -1
        1487 1444 1484 -1
        1487 1480 1483 -1
        1488 1417 1418 -1
        1488 1418 1419 -1
        1488 1485 1417 -1
        1489 1486 1482 -1
        1489 1482 1485 -1
        1490 1483 1486 -1
        1490 1447 1446 -1
        1490 1448 1447 -1
        1490 1446 1487 -1
        1490 1487 1483 -1
        1491 1488 1419 -1
        1491 1419 1420 -1
        1491 1420 1421 -1
        1492 1489 1485 -1
        1492 1485 1488 -1
        1493 1490 1486 -1
        1493 1486 1489 -1
        1493 1448 1490 -1
        1493 1449 1448 -1
        1493 1450 1449 -1
        1494 1421 1422 -1
        1494 1422 1423 -1
        1494 1491 1421 -1
        1495 1488 1491 -1
        1495 1492 1488 -1
        1496 1489 1492 -1
        1496 1493 1489 -1
        1496 1450 1493 -1
        1496 1451 1450 -1
        1496 1452 1451 -1
        1497 1494 1423 -1
        1497 1423 1424 -1
        1497 1424 1425 -1
        1498 1495 1491 -1
        1498 1491 1494 -1
        1499 1496 1492 -1
        1499 1452 1496 -1
        1499 1453 1452 -1
        1499 1454 1453 -1
        1499 1492 1495 -1
        1500 1425 1426 -1
        1500 1426 1427 -1
        1500 1427 1428 -1
        1500 1497 1425 -1
        1501 1498 1494 -1
        1501 1494 1497 -1
        1502 1495 1498 -1
        1502 1499 1495 -1
        1502 1454 1499 -1
        1502 1455 1454 -1
        1502 1456 1455 -1
        1503 1497 1500 -1
        1503 1428 1429 -1
        1503 1501 1497 -1
        1503 1500 1428 -1
        1504 1498 1501 -1
        1504 1456 1502 -1
        1504 1457 1456 -1
        1504 1458 1457 -1
        1504 1502 1498 -1
        1505 1501 1503 -1
        1505 1503 1429 -1
        1505 1504 1501 -1
        1505 1458 1504 -1
        1505 1459 1458 -1
        1505 1460 1459 -1
        1505 1429 1460 -1
        1509 1507 1506 -1
        1509 1506 1508 -1
        1510 1637 1763 -1
        1511 1763 1762 -1
        1511 1510 1763 -1
        1512 1762 1761 -1
        1512 1511 1762 -1
        1513 1761 1760 -1
        1513 1512 1761 -1
        1514 1760 1759 -1
        1514 1513 1760 -1
        1515 1759 1758 -1
        1515 1514 1759 -1
        1516 1758 1757 -1
        1516 1515 1758 -1
        1517 1757 1756 -1
        1517 1516 1757 -1
        1518 1756 1755 -1
        1518 1517 1756 -1
        1519 1755 1754 -1
        1519 1518 1755 -1
        1520 1754 1753 -1
        1520 1519 1754 -1
        1521 1520 1753 -1
        1521 1753 1752 -1
        1522 1521 1752 -1
        1522 1752 1751 -1
        1523 1522 1751 -1
        1523 1751 1750 -1
        1524 1523 1750 -1
        1524 1750 1749 -1
        1525 1524 1749 -1
        1525 1749 1748 -1
        1526 1525 1748 -1
        1526 1748 1747 -1
        1527 1526 1747 -1
        1527 1747 1746 -1
        1528 1527 1746 -1
        1528 1746 1745 -1
        1529 1745 1744 -1
        1529 1528 1745 -1
        1530 1529 1744 -1
        1530 1744 1743 -1
        1531 1743 1742 -1
        1531 1530 1743 -1
        1532 1742 1741 -1
        1532 1531 1742 -1
        1533 1741 1740 -1
        1533 1532 1741 -1
        1534 1740 1739 -1
        1534 1533 1740 -1
        1535 1739 1738 -1
        1535 1534 1739 -1
        1536 1738 1737 -1
        1536 1535 1738 -1
        1537 1737 1736 -1
        1537 1536 1737 -1
        1538 1736 1735 -1
        1538 1537 1736 -1
        1539 1735 1734 -1
        1539 1538 1735 -1
        1540 1734 1733 -1
        1540 1539 1734 -1
        1541 1733 1732 -1
        1541 1540 1733 -1
        1542 1732 1731 -1
        1542 1541 1732 -1
        1543 1731 1730 -1
        1543 1542 1731 -1
        1544 1730 1729 -1
        1544 1543 1730 -1
        1545 1544 1729 -1
        1546 1545 1729 -1
        1546 1729 1728 -1
        1547 1546 1728 -1
        1547 1727 1726 -1
        1547 1728 1727 -1
        1548 1547 1726 -1
        1548 1726 1725 -1
        1549 1725 1724 -1
        1549 1548 1725 -1
        1550 1549 1724 -1
        1551 1723 1722 -1
        1551 1724 1723 -1
        1551 1550 1724 -1
        1552 1722 1721 -1
        1552 1551 1722 -1
        1553 1721 1720 -1
        1553 1552 1721 -1
        1554 1553 1720 -1
        1555 1719 1718 -1
        1555 1720 1719 -1
        1555 1554 1720 -1
        1556 1718 1717 -1
        1556 1555 1718 -1
        1557 1556 1717 -1
        1558 1717 1716 -1
        1558 1557 1717 -1
        1559 1715 1714 -1
        1559 1716 1715 -1
        1559 1558 1716 -1
        1560 1559 1714 -1
        1561 1714 1713 -1
        1561 1560 1714 -1
        1562 1713 1712 -1
        1562 1561 1713 -1
        1562 1712 1711 -1
        1563 1562 1711 -1
        1563 1711 1710 -1
        1564 1563 1710 -1
        1564 1710 1709 -1
        1565 1564 1709 -1
        1566 1565 1709 -1
        1566 1708 1707 -1
        1566 1709 1708 -1
        1567 1566 1707 -1
        1568 1567 1707 -1
        1568 1707 1706 -1
        1569 1705 1704 -1
        1569 1706 1705 -1
        1569 1568 1706 -1
        1570 1569 1704 -1
        1571 1704 1703 -1
        1571 1570 1704 -1
        1572 1571 1703 -1
        1572 1703 1702 -1
        1573 1572 1702 -1
        1573 1701 1700 -1
        1573 1702 1701 -1
        1574 1573 1700 -1
        1574 1700 1699 -1
        1575 1574 1699 -1
        1576 1575 1699 -1
        1576 1698 1697 -1
        1576 1699 1698 -1
        1577 1576 1697 -1
        1577 1697 1696 -1
        1578 1577 1696 -1
        1578 1696 1695 -1
        1579 1578 1695 -1
        1580 1579 1695 -1
        1580 1694 1693 -1
        1580 1695 1694 -1
        1581 1580 1693 -1
        1581 1693 1692 -1
        1582 1581 1692 -1
        1583 1582 1692 -1
        1583 1691 1690 -1
        1583 1692 1691 -1
        1584 1583 1690 -1
        1585 1584 1690 -1
        1585 1689 1688 -1
        1585 1690 1689 -1
        1586 1585 1688 -1
        1586 1688 1687 -1
        1587 1586 1687 -1
        1588 1587 1687 -1
        1588 1687 1686 -1
        1589 1588 1686 -1
        1589 1685 1684 -1
        1589 1686 1685 -1
        1590 1589 1684 -1
        1591 1683 1682 -1
        1591 1684 1683 -1
        1591 1590 1684 -1
        1592 1591 1682 -1
        1593 1682 1681 -1
        1593 1592 1682 -1
        1594 1680 1679 -1
        1594 1681 1680 -1
        1594 1593 1681 -1
        1595 1594 1679 -1
        1596 1679 1678 -1
        1596 1595 1679 -1
        1597 1596 1678 -1
        1597 1677 1676 -1
        1597 1678 1677 -1
        1598 1597 1676 -1
        1599 1598 1676 -1
        1599 1676 1675 -1
        1600 1599 1675 -1
        1600 1674 1673 -1
        1600 1675 1674 -1
        1601 1600 1673 -1
        1602 1601 1673 -1
        1602 1672 1671 -1
        1602 1673 1672 -1
        1603 1602 1671 -1
        1604 1603 1671 -1
        1604 1671 1670 -1
        1605 1604 1670 -1
        1605 1670 1669 -1
        1606 1605 1669 -1
        1606 1669 1668 -1
        1607 1606 1668 -1
        1607 1668 1667 -1
        1608 1607 1667 -1
        1608 1666 1665 -1
        1608 1667 1666 -1
        1609 1608 1665 -1
        1610 1609 1665 -1
        1610 1665 1664 -1
        1611 1610 1664 -1
        1611 1664 1663 -1
        1612 1663 1662 -1
        1612 1611 1663 -1
        1613 1662 1661 -1
        1613 1612 1662 -1
        1614 1661 1660 -1
        1614 1613 1661 -1
        1615 1660 1659 -1
        1615 1614 1660 -1
        1616 1659 1658 -1
        1616 1615 1659 -1
        1617 1658 1657 -1
        1617 1616 1658 -1
        1618 1657 1656 -1
        1618 1617 1657 -1
        1619 1656 1655 -1
        1619 1618 1656 -1
        1620 1655 1654 -1
        1620 1619 1655 -1
        1621 1654 1653 -1
        1621 1620 1654 -1
        1622 1652 1651 -1
        1622 1653 1652 -1
        1622 1621 1653 -1
        1623 1622 1651 -1
        1624 1623 1651 -1
        1624 1651 1650 -1
        1625 1624 1650 -1
        1625 1649 1648 -1
        1625 1650 1649 -1
        1626 1625 1648 -1
        1627 1626 1648 -1
        1627 1648 1647 -1
        1628 1627 1647 -1
        1628 1647 1646 -1
        1629 1628 1646 -1
        1629 1645 1644 -1
        1629 1646 1645 -1
        1630 1629 1644 -1
        1631 1643 1642 -1
        1631 1644 1643 -1
        1631 1630 1644 -1
        1632 1631 1642 -1
        1633 1641 1640 -1
        1633 1642 1641 -1
        1633 1632 1642 -1
        1634 1640 1639 -1
        1634 1633 1640 -1
        1635 1634 1639 -1
        1636 1639 1638 -1
        1636 1635 1639 -1
        1788 1790 1789 -1
        1772 1771 1770 -1
        1786 1788 1787 -1
        1775 1773 1772 -1
        1775 1774 1773 -1
        1784 1786 1785 -1
        1870 1869 1868 -1
        1778 1776 1775 -1
        1778 1777 1776 -1
        1779 1778 1775 -1
        1780 1765 1764 -1
        1780 1768 1767 -1
        1780 1769 1768 -1
        1780 1770 1769 -1
        1780 1782 1781 -1
        1780 1783 1782 -1
        1780 1784 1783 -1
        1780 1791 1790 -1
        1780 1792 1791 -1
        1780 1793 1792 -1
        1780 1794 1793 -1
        1780 1795 1794 -1
        1780 1796 1795 -1
        1780 1797 1796 -1
        1780 1798 1797 -1
        1780 1799 1798 -1
        1780 1800 1799 -1
        1780 1801 1800 -1
        1780 1802 1801 -1
        1780 1803 1802 -1
        1780 1804 1803 -1
        1780 1809 1808 -1
        1780 1810 1809 -1
        1780 1811 1810 -1
        1780 1812 1811 -1
        1780 1813 1812 -1
        1780 1814 1813 -1
        1780 1815 1814 -1
        1780 1816 1815 -1
        1780 1817 1816 -1
        1780 1818 1817 -1
        1780 1819 1818 -1
        1780 1820 1819 -1
        1780 1821 1820 -1
        1780 1822 1821 -1
        1780 1823 1822 -1
        1780 1824 1823 -1
        1780 1825 1824 -1
        1780 1826 1825 -1
        1780 1827 1826 -1
        1780 1828 1827 -1
        1780 1829 1828 -1
        1780 1830 1829 -1
        1780 1831 1830 -1
        1780 1832 1831 -1
        1780 1833 1832 -1
        1780 1834 1833 -1
        1780 1835 1834 -1
        1780 1836 1835 -1
        1780 1837 1836 -1
        1780 1838 1837 -1
        1780 1839 1838 -1
        1780 1840 1839 -1
        1780 1841 1840 -1
        1780 1842 1841 -1
        1780 1843 1842 -1
        1780 1844 1843 -1
        1780 1845 1844 -1
        1780 1846 1845 -1
        1780 1847 1846 -1
        1780 1848 1847 -1
        1780 1849 1848 -1
        1780 1850 1849 -1
        1780 1851 1850 -1
        1780 1852 1851 -1
        1780 1853 1852 -1
        1780 1854 1853 -1
        1780 1855 1854 -1
        1780 1856 1855 -1
        1780 1857 1856 -1
        1780 1858 1857 -1
        1780 1859 1858 -1
        1780 1860 1859 -1
        1780 1861 1860 -1
        1780 1862 1861 -1
        1780 1863 1862 -1
        1780 1864 1863 -1
        1780 1865 1864 -1
        1780 1866 1865 -1
        1780 1867 1866 -1
        1780 1868 1867 -1
        1780 1871 1870 -1
        1780 1872 1871 -1
        1780 1873 1872 -1
        1780 1874 1873 -1
        1780 1875 1874 -1
        1780 1876 1875 -1
        1780 1879 1878 -1
        1780 1880 1879 -1
        1780 1884 1883 -1
        1780 1885 1884 -1
        1780 1888 1887 -1
        1780 1889 1888 -1
        1780 1764 1889 -1
        1780 1870 1868 -1
        1780 1878 1876 -1
        1780 1806 1804 -1
        1780 1887 1885 -1
        1780 1808 1806 -1
        1780 1883 1880 -1
        1780 1790 1788 -1
        1780 1775 1772 -1
        1780 1788 1786 -1
        1780 1772 1770 -1
        1780 1786 1784 -1
        1780 1767 1765 -1
        1780 1779 1775 -1
        1878 1877 1876 -1
        1806 1808 1807 -1
        1804 1806 1805 -1
        1882 1881 1880 -1
        1883 1882 1880 -1
        1887 1886 1885 -1
        1767 1766 1765 -1
        1992 1990 1991 -1
        1997 1995 1996 -1
        2000 1998 1999 -1
        2003 2001 2002 -1
        2006 2003 2004 -1
        2006 2004 2005 -1
        2008 2006 2007 -1
        2011 2008 2009 -1
        2011 2009 2010 -1
        2014 2012 2013 -1
        1890 2014 2015 -1
        1917 1918 1919 -1
        1895 1892 1893 -1
        1895 1893 1894 -1
        1901 1899 1900 -1
        1902 1899 1901 -1
        1909 1910 1911 -1
        1909 1911 1912 -1
        1906 1890 1891 -1
        1906 1891 1892 -1
        1906 1895 1896 -1
        1906 1896 1897 -1
        1906 1897 1898 -1
        1906 1898 1899 -1
        1906 1902 1903 -1
        1906 1903 1904 -1
        1906 1904 1905 -1
        1906 1907 1908 -1
        1906 1908 1909 -1
        1906 1912 1913 -1
        1906 1913 1914 -1
        1906 1914 1915 -1
        1906 1915 1916 -1
        1906 1916 1917 -1
        1906 1919 1920 -1
        1906 1920 1921 -1
        1906 1921 1922 -1
        1906 1922 1923 -1
        1906 1923 1924 -1
        1906 1924 1925 -1
        1906 1925 1926 -1
        1906 1926 1927 -1
        1906 1927 1928 -1
        1906 1928 1929 -1
        1906 1929 1930 -1
        1906 1930 1931 -1
        1906 1931 1932 -1
        1906 1932 1933 -1
        1906 1933 1934 -1
        1906 1934 1935 -1
        1906 1935 1936 -1
        1906 1936 1937 -1
        1906 1937 1938 -1
        1906 1938 1939 -1
        1906 1939 1940 -1
        1906 1940 1941 -1
        1906 1941 1942 -1
        1906 1942 1943 -1
        1906 1943 1944 -1
        1906 1944 1945 -1
        1906 1945 1946 -1
        1906 1946 1947 -1
        1906 1947 1948 -1
        1906 1948 1949 -1
        1906 1949 1950 -1
        1906 1950 1951 -1
        1906 1951 1952 -1
        1906 1952 1953 -1
        1906 1953 1954 -1
        1906 1954 1955 -1
        1906 1955 1956 -1
        1906 1956 1957 -1
        1906 1957 1958 -1
        1906 1958 1959 -1
        1906 1959 1960 -1
        1906 1960 1961 -1
        1906 1961 1962 -1
        1906 1962 1963 -1
        1906 1963 1964 -1
        1906 1964 1965 -1
        1906 1965 1966 -1
        1906 1966 1967 -1
        1906 1967 1968 -1
        1906 1968 1969 -1
        1906 1969 1970 -1
        1906 1970 1971 -1
        1906 1971 1972 -1
        1906 1972 1973 -1
        1906 1973 1974 -1
        1906 1974 1975 -1
        1906 1975 1976 -1
        1906 1976 1977 -1
        1906 1977 1978 -1
        1906 1978 1979 -1
        1906 1979 1980 -1
        1906 1980 1981 -1
        1906 1981 1982 -1
        1906 1982 1983 -1
        1906 1983 1984 -1
        1906 1984 1985 -1
        1906 1985 1986 -1
        1906 1986 1987 -1
        1906 1987 1988 -1
        1906 1988 1989 -1
        1906 1989 1990 -1
        1906 1992 1993 -1
        1906 1993 1994 -1
        1906 1994 1995 -1
        1906 1997 1998 -1
        1906 2000 2001 -1
        1906 2011 2012 -1
        1906 1917 1919 -1
        1906 1990 1992 -1
        1906 1998 2000 -1
        1906 2014 1890 -1
        1906 2003 2006 -1
        1906 2006 2008 -1
        1906 2012 2014 -1
        1906 2001 2003 -1
        1906 1995 1997 -1
        1906 2008 2011 -1
        1906 1899 1902 -1
        1906 1892 1895 -1
        1906 1909 1912 -1
      ]
    }
  }
  # substrate  material=substrate
  Shape {
    appearance Appearance {
      material Material {
        diffuseColor 0.0700 0.0800 0.0700
        specularColor 0.1400 0.1500 0.1400
        shininess 0.100
        ambientIntensity 0.160
        emissiveColor 0 0 0
        transparency 0.000
      }
    }
    geometry IndexedFaceSet {
      solid TRUE
      creaseAngle 0.9
      coord Coordinate { point [
        -0.0474409 -0.1003937 0.0005906
        0.0474409 -0.1003937 0.0005906
        -0.0474409 -0.1003937 0.0114173
        0.0474409 -0.1003937 0.0114173
        -0.0474409 -0.1003937 0.0005906
        0.0474409 -0.1003937 0.0005906
        0.0476728 -0.1003880 0.0005906
        0.0479040 -0.1003710 0.0005906
        0.0481342 -0.1003426 0.0005906
        0.0483626 -0.1003029 0.0005906
        0.0485889 -0.1002521 0.0005906
        0.0488124 -0.1001903 0.0005906
        0.0490326 -0.1001175 0.0005906
        0.0492489 -0.1000341 0.0005906
        0.0494609 -0.0999401 0.0005906
        0.0496680 -0.0998358 0.0005906
        0.0498698 -0.0997216 0.0005906
        0.0500657 -0.0995975 0.0005906
        0.0502553 -0.0994640 0.0005906
        0.0504381 -0.0993213 0.0005906
        0.0506137 -0.0991698 0.0005906
        0.0507816 -0.0990100 0.0005906
        0.0509415 -0.0988420 0.0005906
        0.0510930 -0.0986664 0.0005906
        0.0512356 -0.0984836 0.0005906
        0.0513691 -0.0982940 0.0005906
        0.0514932 -0.0980981 0.0005906
        0.0516075 -0.0978964 0.0005906
        0.0517118 -0.0976892 0.0005906
        0.0518057 -0.0974772 0.0005906
        0.0518892 -0.0972609 0.0005906
        0.0519619 -0.0970407 0.0005906
        0.0520238 -0.0968172 0.0005906
        0.0520746 -0.0965910 0.0005906
        0.0521142 -0.0963625 0.0005906
        0.0521426 -0.0961324 0.0005906
        0.0521597 -0.0959011 0.0005906
        0.0521654 -0.0956693 0.0005906
        0.0521654 0.0326772 0.0005906
        0.0521597 0.0329090 0.0005906
        0.0521426 0.0331402 0.0005906
        0.0521142 0.0333704 0.0005906
        0.0520746 0.0335989 0.0005906
        0.0520238 0.0338251 0.0005906
        0.0519619 0.0340486 0.0005906
        0.0518892 0.0342688 0.0005906
        0.0518057 0.0344851 0.0005906
        0.0517118 0.0346971 0.0005906
        0.0516075 0.0349042 0.0005906
        0.0514932 0.0351060 0.0005906
        0.0513691 0.0353019 0.0005906
        0.0512356 0.0354915 0.0005906
        0.0510930 0.0356743 0.0005906
        0.0509415 0.0358499 0.0005906
        0.0507816 0.0360178 0.0005906
        0.0506137 0.0361777 0.0005906
        0.0504381 0.0363292 0.0005906
        0.0502553 0.0364718 0.0005906
        0.0500657 0.0366054 0.0005906
        0.0498698 0.0367294 0.0005906
        0.0496680 0.0368437 0.0005906
        0.0494609 0.0369480 0.0005906
        0.0492489 0.0370420 0.0005906
        0.0490326 0.0371254 0.0005906
        0.0488124 0.0371981 0.0005906
        0.0485889 0.0372600 0.0005906
        0.0483626 0.0373108 0.0005906
        0.0481342 0.0373504 0.0005906
        0.0479040 0.0373788 0.0005906
        0.0476728 0.0373959 0.0005906
        0.0474409 0.0374016 0.0005906
        -0.0474409 0.0374016 0.0005906
        -0.0476728 0.0373959 0.0005906
        -0.0479040 0.0373788 0.0005906
        -0.0481342 0.0373504 0.0005906
        -0.0483626 0.0373108 0.0005906
        -0.0485889 0.0372600 0.0005906
        -0.0488124 0.0371981 0.0005906
        -0.0490326 0.0371254 0.0005906
        -0.0492489 0.0370420 0.0005906
        -0.0494609 0.0369480 0.0005906
        -0.0496680 0.0368437 0.0005906
        -0.0498698 0.0367294 0.0005906
        -0.0500657 0.0366054 0.0005906
        -0.0502553 0.0364718 0.0005906
        -0.0504381 0.0363292 0.0005906
        -0.0506137 0.0361777 0.0005906
        -0.0507816 0.0360178 0.0005906
        -0.0509415 0.0358499 0.0005906
        -0.0510930 0.0356743 0.0005906
        -0.0512356 0.0354915 0.0005906
        -0.0513691 0.0353019 0.0005906
        -0.0514932 0.0351060 0.0005906
        -0.0516075 0.0349042 0.0005906
        -0.0517118 0.0346971 0.0005906
        -0.0518057 0.0344851 0.0005906
        -0.0518892 0.0342688 0.0005906
        -0.0519619 0.0340486 0.0005906
        -0.0520238 0.0338251 0.0005906
        -0.0520746 0.0335989 0.0005906
        -0.0521142 0.0333704 0.0005906
        -0.0521426 0.0331402 0.0005906
        -0.0521597 0.0329090 0.0005906
        -0.0521654 0.0326772 0.0005906
        -0.0521654 -0.0956693 0.0005906
        -0.0476728 -0.1003880 0.0005906
        -0.0479040 -0.1003710 0.0005906
        -0.0481342 -0.1003426 0.0005906
        -0.0483626 -0.1003029 0.0005906
        -0.0485889 -0.1002521 0.0005906
        -0.0488124 -0.1001903 0.0005906
        -0.0490326 -0.1001175 0.0005906
        -0.0492489 -0.1000341 0.0005906
        -0.0494609 -0.0999401 0.0005906
        -0.0496680 -0.0998358 0.0005906
        -0.0498698 -0.0997216 0.0005906
        -0.0500657 -0.0995975 0.0005906
        -0.0502553 -0.0994640 0.0005906
        -0.0504381 -0.0993213 0.0005906
        -0.0506137 -0.0991698 0.0005906
        -0.0507816 -0.0990100 0.0005906
        -0.0509415 -0.0988420 0.0005906
        -0.0510930 -0.0986664 0.0005906
        -0.0512356 -0.0984836 0.0005906
        -0.0513691 -0.0982940 0.0005906
        -0.0514932 -0.0980981 0.0005906
        -0.0516075 -0.0978964 0.0005906
        -0.0517118 -0.0976892 0.0005906
        -0.0518057 -0.0974772 0.0005906
        -0.0518892 -0.0972609 0.0005906
        -0.0519619 -0.0970407 0.0005906
        -0.0520238 -0.0968172 0.0005906
        -0.0520746 -0.0965910 0.0005906
        -0.0521142 -0.0963625 0.0005906
        -0.0521426 -0.0961324 0.0005906
        -0.0521597 -0.0959011 0.0005906
        0.0063976 0.0000000 0.0005906
        0.0063897 -0.0003189 0.0005906
        0.0063658 -0.0006370 0.0005906
        0.0063262 -0.0009535 0.0005906
        0.0062708 -0.0012677 0.0005906
        0.0061998 -0.0015787 0.0005906
        0.0061134 -0.0018857 0.0005906
        0.0060118 -0.0021881 0.0005906
        0.0058953 -0.0024851 0.0005906
        0.0057641 -0.0027758 0.0005906
        0.0056185 -0.0030597 0.0005906
        0.0054590 -0.0033360 0.0005906
        0.0052860 -0.0036039 0.0005906
        0.0050998 -0.0038629 0.0005906
        0.0049009 -0.0041123 0.0005906
        0.0046898 -0.0043515 0.0005906
        0.0044671 -0.0045799 0.0005906
        0.0042332 -0.0047968 0.0005906
        0.0039889 -0.0050019 0.0005906
        0.0037346 -0.0051945 0.0005906
        0.0034710 -0.0053742 0.0005906
        0.0031988 -0.0055405 0.0005906
        0.0029187 -0.0056931 0.0005906
        0.0026313 -0.0058315 0.0005906
        0.0023373 -0.0059554 0.0005906
        0.0020376 -0.0060645 0.0005906
        0.0017327 -0.0061585 0.0005906
        0.0014236 -0.0062372 0.0005906
        0.0011109 -0.0063004 0.0005906
        0.0007955 -0.0063480 0.0005906
        0.0004781 -0.0063797 0.0005906
        0.0001595 -0.0063956 0.0005906
        -0.0001595 -0.0063956 0.0005906
        -0.0004781 -0.0063797 0.0005906
        -0.0007955 -0.0063480 0.0005906
        -0.0011109 -0.0063004 0.0005906
        -0.0014236 -0.0062372 0.0005906
        -0.0017327 -0.0061585 0.0005906
        -0.0020376 -0.0060645 0.0005906
        -0.0023373 -0.0059554 0.0005906
        -0.0026313 -0.0058315 0.0005906
        -0.0029187 -0.0056931 0.0005906
        -0.0031988 -0.0055405 0.0005906
        -0.0034710 -0.0053742 0.0005906
        -0.0037346 -0.0051945 0.0005906
        -0.0039889 -0.0050019 0.0005906
        -0.0042332 -0.0047968 0.0005906
        -0.0044671 -0.0045799 0.0005906
        -0.0046898 -0.0043515 0.0005906
        -0.0049009 -0.0041123 0.0005906
        -0.0050998 -0.0038629 0.0005906
        -0.0052860 -0.0036039 0.0005906
        -0.0054590 -0.0033360 0.0005906
        -0.0056185 -0.0030597 0.0005906
        -0.0057641 -0.0027758 0.0005906
        -0.0058953 -0.0024851 0.0005906
        -0.0060118 -0.0021881 0.0005906
        -0.0061134 -0.0018857 0.0005906
        -0.0061998 -0.0015787 0.0005906
        -0.0062708 -0.0012677 0.0005906
        -0.0063262 -0.0009535 0.0005906
        -0.0063658 -0.0006370 0.0005906
        -0.0063897 -0.0003189 0.0005906
        -0.0063976 0.0000000 0.0005906
        -0.0063897 0.0003189 0.0005906
        -0.0063658 0.0006370 0.0005906
        -0.0063262 0.0009535 0.0005906
        -0.0062708 0.0012677 0.0005906
        -0.0061998 0.0015787 0.0005906
        -0.0061134 0.0018857 0.0005906
        -0.0060118 0.0021881 0.0005906
        -0.0058953 0.0024851 0.0005906
        -0.0057641 0.0027758 0.0005906
        -0.0056185 0.0030597 0.0005906
        -0.0054590 0.0033360 0.0005906
        -0.0052860 0.0036039 0.0005906
        -0.0050998 0.0038629 0.0005906
        -0.0049009 0.0041123 0.0005906
        -0.0046898 0.0043515 0.0005906
        -0.0044671 0.0045799 0.0005906
        -0.0042332 0.0047968 0.0005906
        -0.0039889 0.0050019 0.0005906
        -0.0037346 0.0051945 0.0005906
        -0.0034710 0.0053742 0.0005906
        -0.0031988 0.0055405 0.0005906
        -0.0029187 0.0056931 0.0005906
        -0.0026313 0.0058315 0.0005906
        -0.0023373 0.0059554 0.0005906
        -0.0020376 0.0060645 0.0005906
        -0.0017327 0.0061585 0.0005906
        -0.0014236 0.0062372 0.0005906
        -0.0011109 0.0063004 0.0005906
        -0.0007955 0.0063480 0.0005906
        -0.0004781 0.0063797 0.0005906
        -0.0001595 0.0063956 0.0005906
        0.0001595 0.0063956 0.0005906
        0.0004781 0.0063797 0.0005906
        0.0007955 0.0063480 0.0005906
        0.0011109 0.0063004 0.0005906
        0.0014236 0.0062372 0.0005906
        0.0017327 0.0061585 0.0005906
        0.0020376 0.0060645 0.0005906
        0.0023373 0.0059554 0.0005906
        0.0026313 0.0058315 0.0005906
        0.0029187 0.0056931 0.0005906
        0.0031988 0.0055405 0.0005906
        0.0034710 0.0053742 0.0005906
        0.0037346 0.0051945 0.0005906
        0.0039889 0.0050019 0.0005906
        0.0042332 0.0047968 0.0005906
        0.0044671 0.0045799 0.0005906
        0.0046898 0.0043515 0.0005906
        0.0049009 0.0041123 0.0005906
        0.0050998 0.0038629 0.0005906
        0.0052860 0.0036039 0.0005906
        0.0054590 0.0033360 0.0005906
        0.0056185 0.0030597 0.0005906
        0.0057641 0.0027758 0.0005906
        0.0058953 0.0024851 0.0005906
        0.0060118 0.0021881 0.0005906
        0.0061134 0.0018857 0.0005906
        0.0061998 0.0015787 0.0005906
        0.0062708 0.0012677 0.0005906
        0.0063262 0.0009535 0.0005906
        0.0063658 0.0006370 0.0005906
        0.0063897 0.0003189 0.0005906
        -0.0474409 -0.1003937 0.0005906
        -0.0476728 -0.1003880 0.0005906
        -0.0479040 -0.1003710 0.0005906
        -0.0481342 -0.1003426 0.0005906
        -0.0483626 -0.1003029 0.0005906
        -0.0485889 -0.1002521 0.0005906
        -0.0488124 -0.1001903 0.0005906
        -0.0490326 -0.1001175 0.0005906
        -0.0492489 -0.1000341 0.0005906
        -0.0494609 -0.0999401 0.0005906
        -0.0496680 -0.0998358 0.0005906
        -0.0498698 -0.0997216 0.0005906
        -0.0500657 -0.0995975 0.0005906
        -0.0502553 -0.0994640 0.0005906
        -0.0504381 -0.0993213 0.0005906
        -0.0506137 -0.0991698 0.0005906
        -0.0507816 -0.0990100 0.0005906
        -0.0509415 -0.0988420 0.0005906
        -0.0510930 -0.0986664 0.0005906
        -0.0512356 -0.0984836 0.0005906
        -0.0513691 -0.0982940 0.0005906
        -0.0514932 -0.0980981 0.0005906
        -0.0516075 -0.0978964 0.0005906
        -0.0517118 -0.0976892 0.0005906
        -0.0518057 -0.0974772 0.0005906
        -0.0518892 -0.0972609 0.0005906
        -0.0519619 -0.0970407 0.0005906
        -0.0520238 -0.0968172 0.0005906
        -0.0520746 -0.0965910 0.0005906
        -0.0521142 -0.0963625 0.0005906
        -0.0521426 -0.0961324 0.0005906
        -0.0521597 -0.0959011 0.0005906
        -0.0521654 -0.0956693 0.0005906
        -0.0521654 -0.0956693 0.0114173
        -0.0474409 -0.1003937 0.0114173
        -0.0476728 -0.1003880 0.0114173
        -0.0479040 -0.1003710 0.0114173
        -0.0481342 -0.1003426 0.0114173
        -0.0483626 -0.1003029 0.0114173
        -0.0485889 -0.1002521 0.0114173
        -0.0488124 -0.1001903 0.0114173
        -0.0490326 -0.1001175 0.0114173
        -0.0492489 -0.1000341 0.0114173
        -0.0494609 -0.0999401 0.0114173
        -0.0496680 -0.0998358 0.0114173
        -0.0498698 -0.0997216 0.0114173
        -0.0500657 -0.0995975 0.0114173
        -0.0502553 -0.0994640 0.0114173
        -0.0504381 -0.0993213 0.0114173
        -0.0506137 -0.0991698 0.0114173
        -0.0507816 -0.0990100 0.0114173
        -0.0509415 -0.0988420 0.0114173
        -0.0510930 -0.0986664 0.0114173
        -0.0512356 -0.0984836 0.0114173
        -0.0513691 -0.0982940 0.0114173
        -0.0514932 -0.0980981 0.0114173
        -0.0516075 -0.0978964 0.0114173
        -0.0517118 -0.0976892 0.0114173
        -0.0518057 -0.0974772 0.0114173
        -0.0518892 -0.0972609 0.0114173
        -0.0519619 -0.0970407 0.0114173
        -0.0520238 -0.0968172 0.0114173
        -0.0520746 -0.0965910 0.0114173
        -0.0521142 -0.0963625 0.0114173
        -0.0521426 -0.0961324 0.0114173
        -0.0521597 -0.0959011 0.0114173
        0.0474409 -0.1003937 0.0005906
        0.0476728 -0.1003880 0.0005906
        0.0479040 -0.1003710 0.0005906
        0.0481342 -0.1003426 0.0005906
        0.0483626 -0.1003029 0.0005906
        0.0485889 -0.1002521 0.0005906
        0.0488124 -0.1001903 0.0005906
        0.0490326 -0.1001175 0.0005906
        0.0492489 -0.1000341 0.0005906
        0.0494609 -0.0999401 0.0005906
        0.0496680 -0.0998358 0.0005906
        0.0498698 -0.0997216 0.0005906
        0.0500657 -0.0995975 0.0005906
        0.0502553 -0.0994640 0.0005906
        0.0504381 -0.0993213 0.0005906
        0.0506137 -0.0991698 0.0005906
        0.0507816 -0.0990100 0.0005906
        0.0509415 -0.0988420 0.0005906
        0.0510930 -0.0986664 0.0005906
        0.0512356 -0.0984836 0.0005906
        0.0513691 -0.0982940 0.0005906
        0.0514932 -0.0980981 0.0005906
        0.0516075 -0.0978964 0.0005906
        0.0517118 -0.0976892 0.0005906
        0.0518057 -0.0974772 0.0005906
        0.0518892 -0.0972609 0.0005906
        0.0519619 -0.0970407 0.0005906
        0.0520238 -0.0968172 0.0005906
        0.0520746 -0.0965910 0.0005906
        0.0521142 -0.0963625 0.0005906
        0.0521426 -0.0961324 0.0005906
        0.0521597 -0.0959011 0.0005906
        0.0521654 -0.0956693 0.0005906
        0.0521654 -0.0956693 0.0114173
        0.0474409 -0.1003937 0.0114173
        0.0476728 -0.1003880 0.0114173
        0.0479040 -0.1003710 0.0114173
        0.0481342 -0.1003426 0.0114173
        0.0483626 -0.1003029 0.0114173
        0.0485889 -0.1002521 0.0114173
        0.0488124 -0.1001903 0.0114173
        0.0490326 -0.1001175 0.0114173
        0.0492489 -0.1000341 0.0114173
        0.0494609 -0.0999401 0.0114173
        0.0496680 -0.0998358 0.0114173
        0.0498698 -0.0997216 0.0114173
        0.0500657 -0.0995975 0.0114173
        0.0502553 -0.0994640 0.0114173
        0.0504381 -0.0993213 0.0114173
        0.0506137 -0.0991698 0.0114173
        0.0507816 -0.0990100 0.0114173
        0.0509415 -0.0988420 0.0114173
        0.0510930 -0.0986664 0.0114173
        0.0512356 -0.0984836 0.0114173
        0.0513691 -0.0982940 0.0114173
        0.0514932 -0.0980981 0.0114173
        0.0516075 -0.0978964 0.0114173
        0.0517118 -0.0976892 0.0114173
        0.0518057 -0.0974772 0.0114173
        0.0518892 -0.0972609 0.0114173
        0.0519619 -0.0970407 0.0114173
        0.0520238 -0.0968172 0.0114173
        0.0520746 -0.0965910 0.0114173
        0.0521142 -0.0963625 0.0114173
        0.0521426 -0.0961324 0.0114173
        0.0521597 -0.0959011 0.0114173
        -0.0474409 -0.1003937 0.0114173
        0.0474409 -0.1003937 0.0114173
        0.0476728 -0.1003880 0.0114173
        0.0479040 -0.1003710 0.0114173
        0.0481342 -0.1003426 0.0114173
        0.0483626 -0.1003029 0.0114173
        0.0485889 -0.1002521 0.0114173
        0.0488124 -0.1001903 0.0114173
        0.0490326 -0.1001175 0.0114173
        0.0492489 -0.1000341 0.0114173
        0.0494609 -0.0999401 0.0114173
        0.0496680 -0.0998358 0.0114173
        0.0498698 -0.0997216 0.0114173
        0.0500657 -0.0995975 0.0114173
        0.0502553 -0.0994640 0.0114173
        0.0504381 -0.0993213 0.0114173
        0.0506137 -0.0991698 0.0114173
        0.0507816 -0.0990100 0.0114173
        0.0509415 -0.0988420 0.0114173
        0.0510930 -0.0986664 0.0114173
        0.0512356 -0.0984836 0.0114173
        0.0513691 -0.0982940 0.0114173
        0.0514932 -0.0980981 0.0114173
        0.0516075 -0.0978964 0.0114173
        0.0517118 -0.0976892 0.0114173
        0.0518057 -0.0974772 0.0114173
        0.0518892 -0.0972609 0.0114173
        0.0519619 -0.0970407 0.0114173
        0.0520238 -0.0968172 0.0114173
        0.0520746 -0.0965910 0.0114173
        0.0521142 -0.0963625 0.0114173
        0.0521426 -0.0961324 0.0114173
        0.0521597 -0.0959011 0.0114173
        0.0521654 -0.0956693 0.0114173
        0.0521654 0.0326772 0.0114173
        0.0521597 0.0329090 0.0114173
        0.0521426 0.0331402 0.0114173
        0.0521142 0.0333704 0.0114173
        0.0520746 0.0335989 0.0114173
        0.0520238 0.0338251 0.0114173
        0.0519619 0.0340486 0.0114173
        0.0518892 0.0342688 0.0114173
        0.0518057 0.0344851 0.0114173
        0.0517118 0.0346971 0.0114173
        0.0516075 0.0349042 0.0114173
        0.0514932 0.0351060 0.0114173
        0.0513691 0.0353019 0.0114173
        0.0512356 0.0354915 0.0114173
        0.0510930 0.0356743 0.0114173
        0.0509415 0.0358499 0.0114173
        0.0507816 0.0360178 0.0114173
        0.0506137 0.0361777 0.0114173
        0.0504381 0.0363292 0.0114173
        0.0502553 0.0364718 0.0114173
        0.0500657 0.0366054 0.0114173
        0.0498698 0.0367294 0.0114173
        0.0496680 0.0368437 0.0114173
        0.0494609 0.0369480 0.0114173
        0.0492489 0.0370420 0.0114173
        0.0490326 0.0371254 0.0114173
        0.0488124 0.0371981 0.0114173
        0.0485889 0.0372600 0.0114173
        0.0483626 0.0373108 0.0114173
        0.0481342 0.0373504 0.0114173
        0.0479040 0.0373788 0.0114173
        0.0476728 0.0373959 0.0114173
        0.0474409 0.0374016 0.0114173
        -0.0474409 0.0374016 0.0114173
        -0.0476728 0.0373959 0.0114173
        -0.0479040 0.0373788 0.0114173
        -0.0481342 0.0373504 0.0114173
        -0.0483626 0.0373108 0.0114173
        -0.0485889 0.0372600 0.0114173
        -0.0488124 0.0371981 0.0114173
        -0.0490326 0.0371254 0.0114173
        -0.0492489 0.0370420 0.0114173
        -0.0494609 0.0369480 0.0114173
        -0.0496680 0.0368437 0.0114173
        -0.0498698 0.0367294 0.0114173
        -0.0500657 0.0366054 0.0114173
        -0.0502553 0.0364718 0.0114173
        -0.0504381 0.0363292 0.0114173
        -0.0506137 0.0361777 0.0114173
        -0.0507816 0.0360178 0.0114173
        -0.0509415 0.0358499 0.0114173
        -0.0510930 0.0356743 0.0114173
        -0.0512356 0.0354915 0.0114173
        -0.0513691 0.0353019 0.0114173
        -0.0514932 0.0351060 0.0114173
        -0.0516075 0.0349042 0.0114173
        -0.0517118 0.0346971 0.0114173
        -0.0518057 0.0344851 0.0114173
        -0.0518892 0.0342688 0.0114173
        -0.0519619 0.0340486 0.0114173
        -0.0520238 0.0338251 0.0114173
        -0.0520746 0.0335989 0.0114173
        -0.0521142 0.0333704 0.0114173
        -0.0521426 0.0331402 0.0114173
        -0.0521597 0.0329090 0.0114173
        -0.0521654 0.0326772 0.0114173
        -0.0521654 -0.0956693 0.0114173
        -0.0476728 -0.1003880 0.0114173
        -0.0479040 -0.1003710 0.0114173
        -0.0481342 -0.1003426 0.0114173
        -0.0483626 -0.1003029 0.0114173
        -0.0485889 -0.1002521 0.0114173
        -0.0488124 -0.1001903 0.0114173
        -0.0490326 -0.1001175 0.0114173
        -0.0492489 -0.1000341 0.0114173
        -0.0494609 -0.0999401 0.0114173
        -0.0496680 -0.0998358 0.0114173
        -0.0498698 -0.0997216 0.0114173
        -0.0500657 -0.0995975 0.0114173
        -0.0502553 -0.0994640 0.0114173
        -0.0504381 -0.0993213 0.0114173
        -0.0506137 -0.0991698 0.0114173
        -0.0507816 -0.0990100 0.0114173
        -0.0509415 -0.0988420 0.0114173
        -0.0510930 -0.0986664 0.0114173
        -0.0512356 -0.0984836 0.0114173
        -0.0513691 -0.0982940 0.0114173
        -0.0514932 -0.0980981 0.0114173
        -0.0516075 -0.0978964 0.0114173
        -0.0517118 -0.0976892 0.0114173
        -0.0518057 -0.0974772 0.0114173
        -0.0518892 -0.0972609 0.0114173
        -0.0519619 -0.0970407 0.0114173
        -0.0520238 -0.0968172 0.0114173
        -0.0520746 -0.0965910 0.0114173
        -0.0521142 -0.0963625 0.0114173
        -0.0521426 -0.0961324 0.0114173
        -0.0521597 -0.0959011 0.0114173
        0.0063976 0.0000000 0.0114173
        0.0063897 -0.0003189 0.0114173
        0.0063658 -0.0006370 0.0114173
        0.0063262 -0.0009535 0.0114173
        0.0062708 -0.0012677 0.0114173
        0.0061998 -0.0015787 0.0114173
        0.0061134 -0.0018857 0.0114173
        0.0060118 -0.0021881 0.0114173
        0.0058953 -0.0024851 0.0114173
        0.0057641 -0.0027758 0.0114173
        0.0056185 -0.0030597 0.0114173
        0.0054590 -0.0033360 0.0114173
        0.0052860 -0.0036039 0.0114173
        0.0050998 -0.0038629 0.0114173
        0.0049009 -0.0041123 0.0114173
        0.0046898 -0.0043515 0.0114173
        0.0044671 -0.0045799 0.0114173
        0.0042332 -0.0047968 0.0114173
        0.0039889 -0.0050019 0.0114173
        0.0037346 -0.0051945 0.0114173
        0.0034710 -0.0053742 0.0114173
        0.0031988 -0.0055405 0.0114173
        0.0029187 -0.0056931 0.0114173
        0.0026313 -0.0058315 0.0114173
        0.0023373 -0.0059554 0.0114173
        0.0020376 -0.0060645 0.0114173
        0.0017327 -0.0061585 0.0114173
        0.0014236 -0.0062372 0.0114173
        0.0011109 -0.0063004 0.0114173
        0.0007955 -0.0063480 0.0114173
        0.0004781 -0.0063797 0.0114173
        0.0001595 -0.0063956 0.0114173
        -0.0001595 -0.0063956 0.0114173
        -0.0004781 -0.0063797 0.0114173
        -0.0007955 -0.0063480 0.0114173
        -0.0011109 -0.0063004 0.0114173
        -0.0014236 -0.0062372 0.0114173
        -0.0017327 -0.0061585 0.0114173
        -0.0020376 -0.0060645 0.0114173
        -0.0023373 -0.0059554 0.0114173
        -0.0026313 -0.0058315 0.0114173
        -0.0029187 -0.0056931 0.0114173
        -0.0031988 -0.0055405 0.0114173
        -0.0034710 -0.0053742 0.0114173
        -0.0037346 -0.0051945 0.0114173
        -0.0039889 -0.0050019 0.0114173
        -0.0042332 -0.0047968 0.0114173
        -0.0044671 -0.0045799 0.0114173
        -0.0046898 -0.0043515 0.0114173
        -0.0049009 -0.0041123 0.0114173
        -0.0050998 -0.0038629 0.0114173
        -0.0052860 -0.0036039 0.0114173
        -0.0054590 -0.0033360 0.0114173
        -0.0056185 -0.0030597 0.0114173
        -0.0057641 -0.0027758 0.0114173
        -0.0058953 -0.0024851 0.0114173
        -0.0060118 -0.0021881 0.0114173
        -0.0061134 -0.0018857 0.0114173
        -0.0061998 -0.0015787 0.0114173
        -0.0062708 -0.0012677 0.0114173
        -0.0063262 -0.0009535 0.0114173
        -0.0063658 -0.0006370 0.0114173
        -0.0063897 -0.0003189 0.0114173
        -0.0063976 0.0000000 0.0114173
        -0.0063897 0.0003189 0.0114173
        -0.0063658 0.0006370 0.0114173
        -0.0063262 0.0009535 0.0114173
        -0.0062708 0.0012677 0.0114173
        -0.0061998 0.0015787 0.0114173
        -0.0061134 0.0018857 0.0114173
        -0.0060118 0.0021881 0.0114173
        -0.0058953 0.0024851 0.0114173
        -0.0057641 0.0027758 0.0114173
        -0.0056185 0.0030597 0.0114173
        -0.0054590 0.0033360 0.0114173
        -0.0052860 0.0036039 0.0114173
        -0.0050998 0.0038629 0.0114173
        -0.0049009 0.0041123 0.0114173
        -0.0046898 0.0043515 0.0114173
        -0.0044671 0.0045799 0.0114173
        -0.0042332 0.0047968 0.0114173
        -0.0039889 0.0050019 0.0114173
        -0.0037346 0.0051945 0.0114173
        -0.0034710 0.0053742 0.0114173
        -0.0031988 0.0055405 0.0114173
        -0.0029187 0.0056931 0.0114173
        -0.0026313 0.0058315 0.0114173
        -0.0023373 0.0059554 0.0114173
        -0.0020376 0.0060645 0.0114173
        -0.0017327 0.0061585 0.0114173
        -0.0014236 0.0062372 0.0114173
        -0.0011109 0.0063004 0.0114173
        -0.0007955 0.0063480 0.0114173
        -0.0004781 0.0063797 0.0114173
        -0.0001595 0.0063956 0.0114173
        0.0001595 0.0063956 0.0114173
        0.0004781 0.0063797 0.0114173
        0.0007955 0.0063480 0.0114173
        0.0011109 0.0063004 0.0114173
        0.0014236 0.0062372 0.0114173
        0.0017327 0.0061585 0.0114173
        0.0020376 0.0060645 0.0114173
        0.0023373 0.0059554 0.0114173
        0.0026313 0.0058315 0.0114173
        0.0029187 0.0056931 0.0114173
        0.0031988 0.0055405 0.0114173
        0.0034710 0.0053742 0.0114173
        0.0037346 0.0051945 0.0114173
        0.0039889 0.0050019 0.0114173
        0.0042332 0.0047968 0.0114173
        0.0044671 0.0045799 0.0114173
        0.0046898 0.0043515 0.0114173
        0.0049009 0.0041123 0.0114173
        0.0050998 0.0038629 0.0114173
        0.0052860 0.0036039 0.0114173
        0.0054590 0.0033360 0.0114173
        0.0056185 0.0030597 0.0114173
        0.0057641 0.0027758 0.0114173
        0.0058953 0.0024851 0.0114173
        0.0060118 0.0021881 0.0114173
        0.0061134 0.0018857 0.0114173
        0.0061998 0.0015787 0.0114173
        0.0062708 0.0012677 0.0114173
        0.0063262 0.0009535 0.0114173
        0.0063658 0.0006370 0.0114173
        0.0063897 0.0003189 0.0114173
        -0.0521654 0.0326772 0.0005906
        -0.0521654 -0.0956693 0.0005906
        -0.0521654 0.0326772 0.0114173
        -0.0521654 -0.0956693 0.0114173
        0.0521654 -0.0956693 0.0005906
        0.0521654 0.0326772 0.0005906
        0.0521654 -0.0956693 0.0114173
        0.0521654 0.0326772 0.0114173
        -0.0474409 0.0374016 0.0005906
        -0.0476728 0.0373959 0.0005906
        -0.0479040 0.0373788 0.0005906
        -0.0481342 0.0373504 0.0005906
        -0.0483626 0.0373108 0.0005906
        -0.0485889 0.0372600 0.0005906
        -0.0488124 0.0371981 0.0005906
        -0.0490326 0.0371254 0.0005906
        -0.0492489 0.0370420 0.0005906
        -0.0494609 0.0369480 0.0005906
        -0.0496680 0.0368437 0.0005906
        -0.0498698 0.0367294 0.0005906
        -0.0500657 0.0366054 0.0005906
        -0.0502553 0.0364718 0.0005906
        -0.0504381 0.0363292 0.0005906
        -0.0506137 0.0361777 0.0005906
        -0.0507816 0.0360178 0.0005906
        -0.0509415 0.0358499 0.0005906
        -0.0510930 0.0356743 0.0005906
        -0.0512356 0.0354915 0.0005906
        -0.0513691 0.0353019 0.0005906
        -0.0514932 0.0351060 0.0005906
        -0.0516075 0.0349042 0.0005906
        -0.0517118 0.0346971 0.0005906
        -0.0518057 0.0344851 0.0005906
        -0.0518892 0.0342688 0.0005906
        -0.0519619 0.0340486 0.0005906
        -0.0520238 0.0338251 0.0005906
        -0.0520746 0.0335989 0.0005906
        -0.0521142 0.0333704 0.0005906
        -0.0521426 0.0331402 0.0005906
        -0.0521597 0.0329090 0.0005906
        -0.0521654 0.0326772 0.0005906
        -0.0521654 0.0326772 0.0114173
        -0.0474409 0.0374016 0.0114173
        -0.0476728 0.0373959 0.0114173
        -0.0479040 0.0373788 0.0114173
        -0.0481342 0.0373504 0.0114173
        -0.0483626 0.0373108 0.0114173
        -0.0485889 0.0372600 0.0114173
        -0.0488124 0.0371981 0.0114173
        -0.0490326 0.0371254 0.0114173
        -0.0492489 0.0370420 0.0114173
        -0.0494609 0.0369480 0.0114173
        -0.0496680 0.0368437 0.0114173
        -0.0498698 0.0367294 0.0114173
        -0.0500657 0.0366054 0.0114173
        -0.0502553 0.0364718 0.0114173
        -0.0504381 0.0363292 0.0114173
        -0.0506137 0.0361777 0.0114173
        -0.0507816 0.0360178 0.0114173
        -0.0509415 0.0358499 0.0114173
        -0.0510930 0.0356743 0.0114173
        -0.0512356 0.0354915 0.0114173
        -0.0513691 0.0353019 0.0114173
        -0.0514932 0.0351060 0.0114173
        -0.0516075 0.0349042 0.0114173
        -0.0517118 0.0346971 0.0114173
        -0.0518057 0.0344851 0.0114173
        -0.0518892 0.0342688 0.0114173
        -0.0519619 0.0340486 0.0114173
        -0.0520238 0.0338251 0.0114173
        -0.0520746 0.0335989 0.0114173
        -0.0521142 0.0333704 0.0114173
        -0.0521426 0.0331402 0.0114173
        -0.0521597 0.0329090 0.0114173
        0.0521654 0.0326772 0.0005906
        0.0521597 0.0329090 0.0005906
        0.0521426 0.0331402 0.0005906
        0.0521142 0.0333704 0.0005906
        0.0520746 0.0335989 0.0005906
        0.0520238 0.0338251 0.0005906
        0.0519619 0.0340486 0.0005906
        0.0518892 0.0342688 0.0005906
        0.0518057 0.0344851 0.0005906
        0.0517118 0.0346971 0.0005906
        0.0516075 0.0349042 0.0005906
        0.0514932 0.0351060 0.0005906
        0.0513691 0.0353019 0.0005906
        0.0512356 0.0354915 0.0005906
        0.0510930 0.0356743 0.0005906
        0.0509415 0.0358499 0.0005906
        0.0507816 0.0360178 0.0005906
        0.0506137 0.0361777 0.0005906
        0.0504381 0.0363292 0.0005906
        0.0502553 0.0364718 0.0005906
        0.0500657 0.0366054 0.0005906
        0.0498698 0.0367294 0.0005906
        0.0496680 0.0368437 0.0005906
        0.0494609 0.0369480 0.0005906
        0.0492489 0.0370420 0.0005906
        0.0490326 0.0371254 0.0005906
        0.0488124 0.0371981 0.0005906
        0.0485889 0.0372600 0.0005906
        0.0483626 0.0373108 0.0005906
        0.0481342 0.0373504 0.0005906
        0.0479040 0.0373788 0.0005906
        0.0476728 0.0373959 0.0005906
        0.0474409 0.0374016 0.0005906
        0.0474409 0.0374016 0.0114173
        0.0521654 0.0326772 0.0114173
        0.0521597 0.0329090 0.0114173
        0.0521426 0.0331402 0.0114173
        0.0521142 0.0333704 0.0114173
        0.0520746 0.0335989 0.0114173
        0.0520238 0.0338251 0.0114173
        0.0519619 0.0340486 0.0114173
        0.0518892 0.0342688 0.0114173
        0.0518057 0.0344851 0.0114173
        0.0517118 0.0346971 0.0114173
        0.0516075 0.0349042 0.0114173
        0.0514932 0.0351060 0.0114173
        0.0513691 0.0353019 0.0114173
        0.0512356 0.0354915 0.0114173
        0.0510930 0.0356743 0.0114173
        0.0509415 0.0358499 0.0114173
        0.0507816 0.0360178 0.0114173
        0.0506137 0.0361777 0.0114173
        0.0504381 0.0363292 0.0114173
        0.0502553 0.0364718 0.0114173
        0.0500657 0.0366054 0.0114173
        0.0498698 0.0367294 0.0114173
        0.0496680 0.0368437 0.0114173
        0.0494609 0.0369480 0.0114173
        0.0492489 0.0370420 0.0114173
        0.0490326 0.0371254 0.0114173
        0.0488124 0.0371981 0.0114173
        0.0485889 0.0372600 0.0114173
        0.0483626 0.0373108 0.0114173
        0.0481342 0.0373504 0.0114173
        0.0479040 0.0373788 0.0114173
        0.0476728 0.0373959 0.0114173
        0.0474409 0.0374016 0.0005906
        -0.0474409 0.0374016 0.0005906
        0.0474409 0.0374016 0.0114173
        -0.0474409 0.0374016 0.0114173
        0.0063976 0.0000000 0.0005906
        0.0063897 -0.0003189 0.0005906
        0.0063658 -0.0006370 0.0005906
        0.0063262 -0.0009535 0.0005906
        0.0062708 -0.0012677 0.0005906
        0.0061998 -0.0015787 0.0005906
        0.0061134 -0.0018857 0.0005906
        0.0060118 -0.0021881 0.0005906
        0.0058953 -0.0024851 0.0005906
        0.0057641 -0.0027758 0.0005906
        0.0056185 -0.0030597 0.0005906
        0.0054590 -0.0033360 0.0005906
        0.0052860 -0.0036039 0.0005906
        0.0050998 -0.0038629 0.0005906
        0.0049009 -0.0041123 0.0005906
        0.0046898 -0.0043515 0.0005906
        0.0044671 -0.0045799 0.0005906
        0.0042332 -0.0047968 0.0005906
        0.0039889 -0.0050019 0.0005906
        0.0037346 -0.0051945 0.0005906
        0.0034710 -0.0053742 0.0005906
        0.0031988 -0.0055405 0.0005906
        0.0029187 -0.0056931 0.0005906
        0.0026313 -0.0058315 0.0005906
        0.0023373 -0.0059554 0.0005906
        0.0020376 -0.0060645 0.0005906
        0.0017327 -0.0061585 0.0005906
        0.0014236 -0.0062372 0.0005906
        0.0011109 -0.0063004 0.0005906
        0.0007955 -0.0063480 0.0005906
        0.0004781 -0.0063797 0.0005906
        0.0001595 -0.0063956 0.0005906
        -0.0001595 -0.0063956 0.0005906
        -0.0004781 -0.0063797 0.0005906
        -0.0007955 -0.0063480 0.0005906
        -0.0011109 -0.0063004 0.0005906
        -0.0014236 -0.0062372 0.0005906
        -0.0017327 -0.0061585 0.0005906
        -0.0020376 -0.0060645 0.0005906
        -0.0023373 -0.0059554 0.0005906
        -0.0026313 -0.0058315 0.0005906
        -0.0029187 -0.0056931 0.0005906
        -0.0031988 -0.0055405 0.0005906
        -0.0034710 -0.0053742 0.0005906
        -0.0037346 -0.0051945 0.0005906
        -0.0039889 -0.0050019 0.0005906
        -0.0042332 -0.0047968 0.0005906
        -0.0044671 -0.0045799 0.0005906
        -0.0046898 -0.0043515 0.0005906
        -0.0049009 -0.0041123 0.0005906
        -0.0050998 -0.0038629 0.0005906
        -0.0052860 -0.0036039 0.0005906
        -0.0054590 -0.0033360 0.0005906
        -0.0056185 -0.0030597 0.0005906
        -0.0057641 -0.0027758 0.0005906
        -0.0058953 -0.0024851 0.0005906
        -0.0060118 -0.0021881 0.0005906
        -0.0061134 -0.0018857 0.0005906
        -0.0061998 -0.0015787 0.0005906
        -0.0062708 -0.0012677 0.0005906
        -0.0063262 -0.0009535 0.0005906
        -0.0063658 -0.0006370 0.0005906
        -0.0063897 -0.0003189 0.0005906
        -0.0063976 0.0000000 0.0005906
        -0.0063897 0.0003189 0.0005906
        -0.0063658 0.0006370 0.0005906
        -0.0063262 0.0009535 0.0005906
        -0.0062708 0.0012677 0.0005906
        -0.0061998 0.0015787 0.0005906
        -0.0061134 0.0018857 0.0005906
        -0.0060118 0.0021881 0.0005906
        -0.0058953 0.0024851 0.0005906
        -0.0057641 0.0027758 0.0005906
        -0.0056185 0.0030597 0.0005906
        -0.0054590 0.0033360 0.0005906
        -0.0052860 0.0036039 0.0005906
        -0.0050998 0.0038629 0.0005906
        -0.0049009 0.0041123 0.0005906
        -0.0046898 0.0043515 0.0005906
        -0.0044671 0.0045799 0.0005906
        -0.0042332 0.0047968 0.0005906
        -0.0039889 0.0050019 0.0005906
        -0.0037346 0.0051945 0.0005906
        -0.0034710 0.0053742 0.0005906
        -0.0031988 0.0055405 0.0005906
        -0.0029187 0.0056931 0.0005906
        -0.0026313 0.0058315 0.0005906
        -0.0023373 0.0059554 0.0005906
        -0.0020376 0.0060645 0.0005906
        -0.0017327 0.0061585 0.0005906
        -0.0014236 0.0062372 0.0005906
        -0.0011109 0.0063004 0.0005906
        -0.0007955 0.0063480 0.0005906
        -0.0004781 0.0063797 0.0005906
        -0.0001595 0.0063956 0.0005906
        0.0001595 0.0063956 0.0005906
        0.0004781 0.0063797 0.0005906
        0.0007955 0.0063480 0.0005906
        0.0011109 0.0063004 0.0005906
        0.0014236 0.0062372 0.0005906
        0.0017327 0.0061585 0.0005906
        0.0020376 0.0060645 0.0005906
        0.0023373 0.0059554 0.0005906
        0.0026313 0.0058315 0.0005906
        0.0029187 0.0056931 0.0005906
        0.0031988 0.0055405 0.0005906
        0.0034710 0.0053742 0.0005906
        0.0037346 0.0051945 0.0005906
        0.0039889 0.0050019 0.0005906
        0.0042332 0.0047968 0.0005906
        0.0044671 0.0045799 0.0005906
        0.0046898 0.0043515 0.0005906
        0.0049009 0.0041123 0.0005906
        0.0050998 0.0038629 0.0005906
        0.0052860 0.0036039 0.0005906
        0.0054590 0.0033360 0.0005906
        0.0056185 0.0030597 0.0005906
        0.0057641 0.0027758 0.0005906
        0.0058953 0.0024851 0.0005906
        0.0060118 0.0021881 0.0005906
        0.0061134 0.0018857 0.0005906
        0.0061998 0.0015787 0.0005906
        0.0062708 0.0012677 0.0005906
        0.0063262 0.0009535 0.0005906
        0.0063658 0.0006370 0.0005906
        0.0063897 0.0003189 0.0005906
        0.0063976 0.0000000 0.0005906
        0.0063976 0.0000000 0.0114173
        0.0063976 0.0000000 0.0114173
        0.0063897 -0.0003189 0.0114173
        0.0063658 -0.0006370 0.0114173
        0.0063262 -0.0009535 0.0114173
        0.0062708 -0.0012677 0.0114173
        0.0061998 -0.0015787 0.0114173
        0.0061134 -0.0018857 0.0114173
        0.0060118 -0.0021881 0.0114173
        0.0058953 -0.0024851 0.0114173
        0.0057641 -0.0027758 0.0114173
        0.0056185 -0.0030597 0.0114173
        0.0054590 -0.0033360 0.0114173
        0.0052860 -0.0036039 0.0114173
        0.0050998 -0.0038629 0.0114173
        0.0049009 -0.0041123 0.0114173
        0.0046898 -0.0043515 0.0114173
        0.0044671 -0.0045799 0.0114173
        0.0042332 -0.0047968 0.0114173
        0.0039889 -0.0050019 0.0114173
        0.0037346 -0.0051945 0.0114173
        0.0034710 -0.0053742 0.0114173
        0.0031988 -0.0055405 0.0114173
        0.0029187 -0.0056931 0.0114173
        0.0026313 -0.0058315 0.0114173
        0.0023373 -0.0059554 0.0114173
        0.0020376 -0.0060645 0.0114173
        0.0017327 -0.0061585 0.0114173
        0.0014236 -0.0062372 0.0114173
        0.0011109 -0.0063004 0.0114173
        0.0007955 -0.0063480 0.0114173
        0.0004781 -0.0063797 0.0114173
        0.0001595 -0.0063956 0.0114173
        -0.0001595 -0.0063956 0.0114173
        -0.0004781 -0.0063797 0.0114173
        -0.0007955 -0.0063480 0.0114173
        -0.0011109 -0.0063004 0.0114173
        -0.0014236 -0.0062372 0.0114173
        -0.0017327 -0.0061585 0.0114173
        -0.0020376 -0.0060645 0.0114173
        -0.0023373 -0.0059554 0.0114173
        -0.0026313 -0.0058315 0.0114173
        -0.0029187 -0.0056931 0.0114173
        -0.0031988 -0.0055405 0.0114173
        -0.0034710 -0.0053742 0.0114173
        -0.0037346 -0.0051945 0.0114173
        -0.0039889 -0.0050019 0.0114173
        -0.0042332 -0.0047968 0.0114173
        -0.0044671 -0.0045799 0.0114173
        -0.0046898 -0.0043515 0.0114173
        -0.0049009 -0.0041123 0.0114173
        -0.0050998 -0.0038629 0.0114173
        -0.0052860 -0.0036039 0.0114173
        -0.0054590 -0.0033360 0.0114173
        -0.0056185 -0.0030597 0.0114173
        -0.0057641 -0.0027758 0.0114173
        -0.0058953 -0.0024851 0.0114173
        -0.0060118 -0.0021881 0.0114173
        -0.0061134 -0.0018857 0.0114173
        -0.0061998 -0.0015787 0.0114173
        -0.0062708 -0.0012677 0.0114173
        -0.0063262 -0.0009535 0.0114173
        -0.0063658 -0.0006370 0.0114173
        -0.0063897 -0.0003189 0.0114173
        -0.0063976 0.0000000 0.0114173
        -0.0063897 0.0003189 0.0114173
        -0.0063658 0.0006370 0.0114173
        -0.0063262 0.0009535 0.0114173
        -0.0062708 0.0012677 0.0114173
        -0.0061998 0.0015787 0.0114173
        -0.0061134 0.0018857 0.0114173
        -0.0060118 0.0021881 0.0114173
        -0.0058953 0.0024851 0.0114173
        -0.0057641 0.0027758 0.0114173
        -0.0056185 0.0030597 0.0114173
        -0.0054590 0.0033360 0.0114173
        -0.0052860 0.0036039 0.0114173
        -0.0050998 0.0038629 0.0114173
        -0.0049009 0.0041123 0.0114173
        -0.0046898 0.0043515 0.0114173
        -0.0044671 0.0045799 0.0114173
        -0.0042332 0.0047968 0.0114173
        -0.0039889 0.0050019 0.0114173
        -0.0037346 0.0051945 0.0114173
        -0.0034710 0.0053742 0.0114173
        -0.0031988 0.0055405 0.0114173
        -0.0029187 0.0056931 0.0114173
        -0.0026313 0.0058315 0.0114173
        -0.0023373 0.0059554 0.0114173
        -0.0020376 0.0060645 0.0114173
        -0.0017327 0.0061585 0.0114173
        -0.0014236 0.0062372 0.0114173
        -0.0011109 0.0063004 0.0114173
        -0.0007955 0.0063480 0.0114173
        -0.0004781 0.0063797 0.0114173
        -0.0001595 0.0063956 0.0114173
        0.0001595 0.0063956 0.0114173
        0.0004781 0.0063797 0.0114173
        0.0007955 0.0063480 0.0114173
        0.0011109 0.0063004 0.0114173
        0.0014236 0.0062372 0.0114173
        0.0017327 0.0061585 0.0114173
        0.0020376 0.0060645 0.0114173
        0.0023373 0.0059554 0.0114173
        0.0026313 0.0058315 0.0114173
        0.0029187 0.0056931 0.0114173
        0.0031988 0.0055405 0.0114173
        0.0034710 0.0053742 0.0114173
        0.0037346 0.0051945 0.0114173
        0.0039889 0.0050019 0.0114173
        0.0042332 0.0047968 0.0114173
        0.0044671 0.0045799 0.0114173
        0.0046898 0.0043515 0.0114173
        0.0049009 0.0041123 0.0114173
        0.0050998 0.0038629 0.0114173
        0.0052860 0.0036039 0.0114173
        0.0054590 0.0033360 0.0114173
        0.0056185 0.0030597 0.0114173
        0.0057641 0.0027758 0.0114173
        0.0058953 0.0024851 0.0114173
        0.0060118 0.0021881 0.0114173
        0.0061134 0.0018857 0.0114173
        0.0061998 0.0015787 0.0114173
        0.0062708 0.0012677 0.0114173
        0.0063262 0.0009535 0.0114173
        0.0063658 0.0006370 0.0114173
        0.0063897 0.0003189 0.0114173
      ] }
      coordIndex [
        1 2 0 -1
        1 3 2 -1
        126 124 125 -1
        4 105 106 -1
        4 106 107 -1
        4 107 108 -1
        4 108 109 -1
        4 109 110 -1
        4 110 111 -1
        4 111 112 -1
        4 112 113 -1
        4 113 114 -1
        4 114 115 -1
        4 115 116 -1
        4 116 117 -1
        4 117 118 -1
        4 118 119 -1
        4 119 120 -1
        104 4 120 -1
        104 120 121 -1
        104 121 122 -1
        104 122 123 -1
        104 123 124 -1
        104 126 127 -1
        104 127 128 -1
        104 128 129 -1
        104 129 130 -1
        104 130 131 -1
        104 131 132 -1
        104 132 133 -1
        104 133 134 -1
        104 134 135 -1
        104 124 126 -1
        7 6 5 -1
        10 9 8 -1
        11 8 7 -1
        11 7 5 -1
        11 10 8 -1
        12 11 5 -1
        14 13 12 -1
        14 12 5 -1
        15 14 5 -1
        17 16 15 -1
        19 18 17 -1
        19 17 15 -1
        19 15 5 -1
        22 20 19 -1
        22 21 20 -1
        23 22 19 -1
        25 24 23 -1
        25 23 19 -1
        28 26 25 -1
        28 27 26 -1
        28 25 19 -1
        29 28 19 -1
        31 30 29 -1
        32 19 5 -1
        32 29 19 -1
        32 31 29 -1
        35 34 33 -1
        36 33 32 -1
        36 35 33 -1
        37 32 5 -1
        37 36 32 -1
        100 102 101 -1
        100 103 102 -1
        97 99 98 -1
        97 100 99 -1
        95 100 97 -1
        95 97 96 -1
        93 100 95 -1
        93 95 94 -1
        92 100 93 -1
        89 100 92 -1
        89 91 90 -1
        89 92 91 -1
        89 103 100 -1
        88 103 89 -1
        87 103 88 -1
        86 103 87 -1
        85 103 86 -1
        83 85 84 -1
        82 103 85 -1
        82 85 83 -1
        79 81 80 -1
        79 82 81 -1
        78 82 79 -1
        77 82 78 -1
        76 82 77 -1
        75 82 76 -1
        74 82 75 -1
        73 82 74 -1
        71 103 82 -1
        71 82 73 -1
        71 73 72 -1
        184 183 104 -1
        182 104 183 -1
        185 184 104 -1
        181 104 182 -1
        186 185 104 -1
        180 104 181 -1
        187 186 104 -1
        179 104 180 -1
        188 187 104 -1
        178 104 179 -1
        189 188 104 -1
        177 104 178 -1
        190 189 104 -1
        190 104 103 -1
        176 104 177 -1
        191 190 103 -1
        175 104 176 -1
        192 191 103 -1
        174 104 175 -1
        193 192 103 -1
        173 104 174 -1
        194 193 103 -1
        172 104 173 -1
        195 194 103 -1
        171 4 104 -1
        171 104 172 -1
        196 195 103 -1
        170 4 171 -1
        197 196 103 -1
        169 4 170 -1
        198 197 103 -1
        168 4 169 -1
        199 198 103 -1
        167 5 4 -1
        167 4 168 -1
        200 199 103 -1
        166 5 167 -1
        201 200 103 -1
        165 5 166 -1
        202 201 103 -1
        164 5 165 -1
        164 37 5 -1
        203 202 103 -1
        163 37 164 -1
        204 203 103 -1
        162 37 163 -1
        205 204 103 -1
        161 37 162 -1
        206 205 103 -1
        160 37 161 -1
        207 206 103 -1
        159 37 160 -1
        208 207 103 -1
        158 37 159 -1
        209 208 103 -1
        209 103 71 -1
        157 37 158 -1
        210 209 71 -1
        156 37 157 -1
        211 210 71 -1
        155 37 156 -1
        212 211 71 -1
        154 37 155 -1
        213 212 71 -1
        153 37 154 -1
        214 213 71 -1
        152 37 153 -1
        215 214 71 -1
        151 37 152 -1
        216 215 71 -1
        150 37 151 -1
        217 216 71 -1
        149 37 150 -1
        218 217 71 -1
        148 37 149 -1
        219 218 71 -1
        147 37 148 -1
        220 219 71 -1
        146 37 147 -1
        221 220 71 -1
        145 37 146 -1
        222 221 71 -1
        223 222 71 -1
        224 223 71 -1
        225 224 71 -1
        226 225 71 -1
        227 226 71 -1
        228 227 71 -1
        229 228 71 -1
        230 229 71 -1
        70 231 230 -1
        70 232 231 -1
        70 233 232 -1
        70 234 233 -1
        70 235 234 -1
        70 236 235 -1
        70 237 236 -1
        70 238 237 -1
        70 239 238 -1
        70 240 239 -1
        70 241 240 -1
        70 242 241 -1
        70 243 242 -1
        70 244 243 -1
        70 245 244 -1
        70 246 245 -1
        70 247 246 -1
        70 248 247 -1
        70 230 71 -1
        70 249 248 -1
        70 250 249 -1
        70 251 250 -1
        70 252 251 -1
        38 37 145 -1
        38 137 136 -1
        38 138 137 -1
        38 139 138 -1
        38 140 139 -1
        38 141 140 -1
        38 142 141 -1
        38 143 142 -1
        38 144 143 -1
        38 145 144 -1
        38 253 252 -1
        38 254 253 -1
        38 255 254 -1
        38 252 70 -1
        38 256 255 -1
        38 257 256 -1
        38 258 257 -1
        38 259 258 -1
        38 260 259 -1
        38 261 260 -1
        38 136 261 -1
        68 70 69 -1
        67 70 68 -1
        67 38 70 -1
        41 39 38 -1
        41 40 39 -1
        42 41 38 -1
        64 66 65 -1
        64 67 66 -1
        45 44 43 -1
        47 46 45 -1
        61 63 62 -1
        61 64 63 -1
        48 47 45 -1
        60 67 64 -1
        60 64 61 -1
        49 45 43 -1
        49 48 45 -1
        50 42 38 -1
        50 49 43 -1
        50 43 42 -1
        58 60 59 -1
        57 67 60 -1
        57 60 58 -1
        52 51 50 -1
        53 52 50 -1
        54 38 67 -1
        54 50 38 -1
        54 56 55 -1
        54 57 56 -1
        54 67 57 -1
        54 53 50 -1
        297 263 262 -1
        297 262 296 -1
        298 264 263 -1
        298 263 297 -1
        299 265 264 -1
        299 264 298 -1
        300 266 265 -1
        300 265 299 -1
        301 267 266 -1
        301 266 300 -1
        302 268 267 -1
        302 267 301 -1
        303 269 268 -1
        303 268 302 -1
        304 270 269 -1
        304 269 303 -1
        305 270 304 -1
        305 271 270 -1
        306 272 271 -1
        306 271 305 -1
        307 273 272 -1
        307 272 306 -1
        308 274 273 -1
        308 273 307 -1
        309 275 274 -1
        309 274 308 -1
        310 276 275 -1
        310 275 309 -1
        311 277 276 -1
        311 278 277 -1
        311 276 310 -1
        312 279 278 -1
        312 278 311 -1
        313 279 312 -1
        314 280 279 -1
        314 281 280 -1
        314 279 313 -1
        315 281 314 -1
        316 282 281 -1
        316 283 282 -1
        316 281 315 -1
        317 283 316 -1
        318 284 283 -1
        318 285 284 -1
        318 283 317 -1
        319 285 318 -1
        320 286 285 -1
        320 285 319 -1
        321 287 286 -1
        321 286 320 -1
        322 288 287 -1
        322 287 321 -1
        323 289 288 -1
        323 290 289 -1
        323 288 322 -1
        324 291 290 -1
        324 290 323 -1
        325 291 324 -1
        326 292 291 -1
        326 291 325 -1
        327 293 292 -1
        327 292 326 -1
        295 294 293 -1
        295 293 327 -1
        363 328 329 -1
        363 362 328 -1
        364 329 330 -1
        364 363 329 -1
        365 330 331 -1
        365 364 330 -1
        366 331 332 -1
        366 365 331 -1
        367 332 333 -1
        367 366 332 -1
        368 333 334 -1
        368 367 333 -1
        369 334 335 -1
        369 368 334 -1
        370 335 336 -1
        370 369 335 -1
        371 370 336 -1
        371 336 337 -1
        372 337 338 -1
        372 371 337 -1
        373 338 339 -1
        373 372 338 -1
        374 339 340 -1
        374 373 339 -1
        375 340 341 -1
        375 374 340 -1
        376 341 342 -1
        376 375 341 -1
        377 342 343 -1
        377 343 344 -1
        377 376 342 -1
        378 344 345 -1
        378 377 344 -1
        379 378 345 -1
        380 345 346 -1
        380 346 347 -1
        380 379 345 -1
        381 380 347 -1
        382 347 348 -1
        382 348 349 -1
        382 381 347 -1
        383 382 349 -1
        384 349 350 -1
        384 350 351 -1
        384 383 349 -1
        385 384 351 -1
        386 351 352 -1
        386 385 351 -1
        387 352 353 -1
        387 386 352 -1
        388 353 354 -1
        388 387 353 -1
        389 354 355 -1
        389 355 356 -1
        389 388 354 -1
        390 356 357 -1
        390 389 356 -1
        391 390 357 -1
        392 357 358 -1
        392 391 357 -1
        393 358 359 -1
        393 392 358 -1
        361 359 360 -1
        361 393 359 -1
        516 515 514 -1
        394 496 495 -1
        394 497 496 -1
        394 498 497 -1
        394 499 498 -1
        394 500 499 -1
        394 501 500 -1
        394 502 501 -1
        394 503 502 -1
        394 504 503 -1
        394 505 504 -1
        394 506 505 -1
        394 507 506 -1
        394 508 507 -1
        394 509 508 -1
        394 510 509 -1
        494 510 394 -1
        494 511 510 -1
        494 512 511 -1
        494 513 512 -1
        494 514 513 -1
        494 517 516 -1
        494 518 517 -1
        494 519 518 -1
        494 520 519 -1
        494 521 520 -1
        494 522 521 -1
        494 523 522 -1
        494 524 523 -1
        494 525 524 -1
        494 516 514 -1
        397 395 396 -1
        400 398 399 -1
        401 397 398 -1
        401 395 397 -1
        401 398 400 -1
        402 395 401 -1
        404 402 403 -1
        404 395 402 -1
        405 395 404 -1
        407 405 406 -1
        409 407 408 -1
        409 405 407 -1
        409 395 405 -1
        412 409 410 -1
        412 410 411 -1
        413 409 412 -1
        415 413 414 -1
        415 409 413 -1
        418 415 416 -1
        418 416 417 -1
        418 409 415 -1
        419 409 418 -1
        421 419 420 -1
        422 395 409 -1
        422 409 419 -1
        422 419 421 -1
        425 423 424 -1
        426 422 423 -1
        426 423 425 -1
        427 395 422 -1
        427 422 426 -1
        490 491 492 -1
        490 492 493 -1
        487 488 489 -1
        487 489 490 -1
        485 487 490 -1
        485 486 487 -1
        483 485 490 -1
        483 484 485 -1
        482 483 490 -1
        479 482 490 -1
        479 480 481 -1
        479 481 482 -1
        479 490 493 -1
        478 479 493 -1
        477 478 493 -1
        476 477 493 -1
        475 476 493 -1
        473 474 475 -1
        472 475 493 -1
        472 473 475 -1
        469 470 471 -1
        469 471 472 -1
        468 469 472 -1
        467 468 472 -1
        466 467 472 -1
        465 466 472 -1
        464 465 472 -1
        463 464 472 -1
        461 472 493 -1
        461 463 472 -1
        461 462 463 -1
        574 494 573 -1
        572 573 494 -1
        575 494 574 -1
        571 572 494 -1
        576 494 575 -1
        570 571 494 -1
        577 494 576 -1
        569 570 494 -1
        578 494 577 -1
        568 569 494 -1
        579 494 578 -1
        567 568 494 -1
        580 494 579 -1
        580 493 494 -1
        566 567 494 -1
        581 493 580 -1
        565 566 494 -1
        582 493 581 -1
        564 565 494 -1
        583 493 582 -1
        563 564 494 -1
        584 493 583 -1
        562 563 494 -1
        585 493 584 -1
        561 494 394 -1
        561 562 494 -1
        586 493 585 -1
        560 561 394 -1
        587 493 586 -1
        559 560 394 -1
        588 493 587 -1
        558 559 394 -1
        589 493 588 -1
        557 394 395 -1
        557 558 394 -1
        590 493 589 -1
        556 557 395 -1
        591 493 590 -1
        555 556 395 -1
        592 493 591 -1
        554 555 395 -1
        554 395 427 -1
        593 493 592 -1
        553 554 427 -1
        594 493 593 -1
        552 553 427 -1
        595 493 594 -1
        551 552 427 -1
        596 493 595 -1
        550 551 427 -1
        597 493 596 -1
        549 550 427 -1
        598 493 597 -1
        548 549 427 -1
        599 493 598 -1
        599 461 493 -1
        547 548 427 -1
        600 461 599 -1
        546 547 427 -1
        601 461 600 -1
        545 546 427 -1
        602 461 601 -1
        544 545 427 -1
        603 461 602 -1
        543 544 427 -1
        604 461 603 -1
        542 543 427 -1
        605 461 604 -1
        541 542 427 -1
        606 461 605 -1
        540 541 427 -1
        607 461 606 -1
        539 540 427 -1
        608 461 607 -1
        538 539 427 -1
        609 461 608 -1
        537 538 427 -1
        610 461 609 -1
        536 537 427 -1
        611 461 610 -1
        535 536 427 -1
        612 461 611 -1
        613 461 612 -1
        614 461 613 -1
        615 461 614 -1
        616 461 615 -1
        617 461 616 -1
        618 461 617 -1
        619 461 618 -1
        620 461 619 -1
        460 620 621 -1
        460 621 622 -1
        460 622 623 -1
        460 623 624 -1
        460 624 625 -1
        460 625 626 -1
        460 626 627 -1
        460 627 628 -1
        460 628 629 -1
        460 629 630 -1
        460 630 631 -1
        460 631 632 -1
        460 632 633 -1
        460 633 634 -1
        460 634 635 -1
        460 635 636 -1
        460 636 637 -1
        460 637 638 -1
        460 461 620 -1
        460 638 639 -1
        460 639 640 -1
        460 640 641 -1
        460 641 642 -1
        428 535 427 -1
        428 526 527 -1
        428 527 528 -1
        428 528 529 -1
        428 529 530 -1
        428 530 531 -1
        428 531 532 -1
        428 532 533 -1
        428 533 534 -1
        428 534 535 -1
        428 642 643 -1
        428 643 644 -1
        428 644 645 -1
        428 460 642 -1
        428 645 646 -1
        428 646 647 -1
        428 647 648 -1
        428 648 649 -1
        428 649 650 -1
        428 650 651 -1
        428 651 526 -1
        458 459 460 -1
        457 458 460 -1
        457 460 428 -1
        431 428 429 -1
        431 429 430 -1
        432 428 431 -1
        454 455 456 -1
        454 456 457 -1
        435 433 434 -1
        437 435 436 -1
        451 452 453 -1
        451 453 454 -1
        438 435 437 -1
        450 454 457 -1
        450 451 454 -1
        439 433 435 -1
        439 435 438 -1
        440 428 432 -1
        440 433 439 -1
        440 432 433 -1
        448 449 450 -1
        447 450 457 -1
        447 448 450 -1
        442 440 441 -1
        443 440 442 -1
        444 457 428 -1
        444 428 440 -1
        444 445 446 -1
        444 446 447 -1
        444 447 457 -1
        444 440 443 -1
        653 654 652 -1
        653 655 654 -1
        657 658 656 -1
        657 659 658 -1
        695 660 661 -1
        695 694 660 -1
        696 661 662 -1
        696 695 661 -1
        697 662 663 -1
        697 696 662 -1
        698 663 664 -1
        698 697 663 -1
        699 664 665 -1
        699 698 664 -1
        700 665 666 -1
        700 666 667 -1
        700 699 665 -1
        701 700 667 -1
        702 701 667 -1
        702 667 668 -1
        703 702 668 -1
        703 668 669 -1
        704 669 670 -1
        704 703 669 -1
        705 670 671 -1
        705 704 670 -1
        706 671 672 -1
        706 705 671 -1
        707 672 673 -1
        707 706 672 -1
        708 673 674 -1
        708 707 673 -1
        709 674 675 -1
        709 708 674 -1
        710 675 676 -1
        710 709 675 -1
        711 676 677 -1
        711 677 678 -1
        711 710 676 -1
        712 711 678 -1
        713 678 679 -1
        713 712 678 -1
        714 679 680 -1
        714 713 679 -1
        715 680 681 -1
        715 714 680 -1
        716 681 682 -1
        716 715 681 -1
        717 682 683 -1
        717 716 682 -1
        718 683 684 -1
        718 717 683 -1
        719 684 685 -1
        719 718 684 -1
        720 685 686 -1
        720 719 685 -1
        721 686 687 -1
        721 720 686 -1
        722 687 688 -1
        722 721 687 -1
        723 688 689 -1
        723 722 688 -1
        724 689 690 -1
        724 723 689 -1
        725 690 691 -1
        725 691 692 -1
        725 724 690 -1
        693 725 692 -1
        761 726 727 -1
        761 760 726 -1
        762 727 728 -1
        762 761 727 -1
        763 728 729 -1
        763 762 728 -1
        764 729 730 -1
        764 763 729 -1
        765 730 731 -1
        765 764 730 -1
        766 731 732 -1
        766 765 731 -1
        767 732 733 -1
        767 766 732 -1
        768 733 734 -1
        768 767 733 -1
        769 768 734 -1
        769 734 735 -1
        770 735 736 -1
        770 769 735 -1
        771 736 737 -1
        771 770 736 -1
        772 737 738 -1
        772 771 737 -1
        773 738 739 -1
        773 772 738 -1
        774 739 740 -1
        774 773 739 -1
        775 740 741 -1
        775 774 740 -1
        776 741 742 -1
        776 742 743 -1
        776 775 741 -1
        777 776 743 -1
        778 743 744 -1
        778 777 743 -1
        779 744 745 -1
        779 778 744 -1
        780 745 746 -1
        780 779 745 -1
        781 746 747 -1
        781 780 746 -1
        782 747 748 -1
        782 781 747 -1
        783 748 749 -1
        783 782 748 -1
        784 749 750 -1
        784 783 749 -1
        785 750 751 -1
        785 751 752 -1
        785 784 750 -1
        786 785 752 -1
        787 752 753 -1
        787 786 752 -1
        788 753 754 -1
        788 787 753 -1
        789 754 755 -1
        789 788 754 -1
        790 755 756 -1
        790 756 757 -1
        790 789 755 -1
        791 790 757 -1
        759 757 758 -1
        759 791 757 -1
        793 794 792 -1
        793 795 794 -1
        921 922 923 -1
        921 923 1049 -1
        920 1049 1048 -1
        920 921 1049 -1
        919 1048 1047 -1
        919 920 1048 -1
        918 1047 1046 -1
        918 919 1047 -1
        917 1046 1045 -1
        917 918 1046 -1
        916 1045 1044 -1
        916 917 1045 -1
        915 1044 1043 -1
        915 916 1044 -1
        914 1043 1042 -1
        914 915 1043 -1
        913 1042 1041 -1
        913 914 1042 -1
        912 1041 1040 -1
        912 913 1041 -1
        911 912 1040 -1
        911 1040 1039 -1
        910 911 1039 -1
        910 1039 1038 -1
        909 910 1038 -1
        909 1038 1037 -1
        908 909 1037 -1
        908 1037 1036 -1
        907 908 1036 -1
        907 1035 1034 -1
        907 1036 1035 -1
        906 907 1034 -1
        906 1034 1033 -1
        905 906 1033 -1
        904 905 1033 -1
        904 1033 1032 -1
        903 1032 1031 -1
        903 904 1032 -1
        902 1030 1029 -1
        902 1031 1030 -1
        902 903 1031 -1
        901 902 1029 -1
        900 1028 1027 -1
        900 1029 1028 -1
        900 901 1029 -1
        899 900 1027 -1
        898 1027 1026 -1
        898 899 1027 -1
        897 1026 1025 -1
        897 898 1026 -1
        896 1024 1023 -1
        896 1025 1024 -1
        896 897 1025 -1
        895 896 1023 -1
        894 1023 1022 -1
        894 895 1023 -1
        893 1022 1021 -1
        893 894 1022 -1
        892 1021 1020 -1
        892 893 1021 -1
        891 1019 1018 -1
        891 1020 1019 -1
        891 892 1020 -1
        890 891 1018 -1
        889 1017 1016 -1
        889 1018 1017 -1
        889 890 1018 -1
        888 889 1016 -1
        887 1016 1015 -1
        887 888 1016 -1
        886 887 1015 -1
        886 1014 1013 -1
        886 1015 1014 -1
        885 886 1013 -1
        884 885 1013 -1
        884 1012 1011 -1
        884 1013 1012 -1
        883 884 1011 -1
        882 1011 1010 -1
        882 883 1011 -1
        881 1010 1009 -1
        881 882 1010 -1
        880 1009 1008 -1
        880 881 1009 -1
        879 1007 1006 -1
        879 1008 1007 -1
        879 880 1008 -1
        878 879 1006 -1
        877 1006 1005 -1
        877 878 1006 -1
        876 1005 1004 -1
        876 877 1005 -1
        875 1004 1003 -1
        875 876 1004 -1
        874 1003 1002 -1
        874 875 1003 -1
        873 1002 1001 -1
        873 874 1002 -1
        872 1001 1000 -1
        872 873 1001 -1
        871 1000 999 -1
        871 872 1000 -1
        870 999 998 -1
        870 871 999 -1
        869 870 998 -1
        869 998 997 -1
        868 869 997 -1
        868 997 996 -1
        867 868 996 -1
        867 996 995 -1
        866 867 995 -1
        866 995 994 -1
        865 866 994 -1
        865 994 993 -1
        864 865 993 -1
        864 993 992 -1
        863 992 991 -1
        863 864 992 -1
        862 991 990 -1
        862 863 991 -1
        861 990 989 -1
        861 862 990 -1
        860 861 989 -1
        860 989 988 -1
        859 860 988 -1
        859 988 987 -1
        858 859 987 -1
        858 987 986 -1
        857 858 986 -1
        857 986 985 -1
        856 857 985 -1
        856 985 984 -1
        855 856 984 -1
        855 984 983 -1
        854 855 983 -1
        854 983 982 -1
        853 854 982 -1
        853 982 981 -1
        852 853 981 -1
        852 981 980 -1
        851 852 980 -1
        851 980 979 -1
        850 851 979 -1
        850 979 978 -1
        849 850 978 -1
        849 978 977 -1
        848 849 977 -1
        848 976 975 -1
        848 977 976 -1
        847 848 975 -1
        846 847 975 -1
        846 975 974 -1
        845 846 974 -1
        845 974 973 -1
        844 845 973 -1
        844 973 972 -1
        843 844 972 -1
        843 971 970 -1
        843 972 971 -1
        842 843 970 -1
        841 970 969 -1
        841 842 970 -1
        840 968 967 -1
        840 969 968 -1
        840 841 969 -1
        839 840 967 -1
        838 966 965 -1
        838 967 966 -1
        838 839 967 -1
        837 838 965 -1
        836 965 964 -1
        836 837 965 -1
        835 836 964 -1
        835 963 962 -1
        835 964 963 -1
        834 835 962 -1
        833 834 962 -1
        833 961 960 -1
        833 962 961 -1
        832 833 960 -1
        831 832 960 -1
        831 960 959 -1
        830 831 959 -1
        830 959 958 -1
        829 830 958 -1
        829 958 957 -1
        828 829 957 -1
        828 956 955 -1
        828 957 956 -1
        827 828 955 -1
        826 827 955 -1
        826 955 954 -1
        825 826 954 -1
        825 954 953 -1
        824 825 953 -1
        824 953 952 -1
        823 824 952 -1
        823 951 950 -1
        823 952 951 -1
        822 823 950 -1
        822 950 949 -1
        821 822 949 -1
        820 949 948 -1
        820 821 949 -1
        819 947 946 -1
        819 948 947 -1
        819 820 948 -1
        818 819 946 -1
        817 946 945 -1
        817 818 946 -1
        816 945 944 -1
        816 817 945 -1
        815 943 942 -1
        815 944 943 -1
        815 816 944 -1
        814 815 942 -1
        813 941 940 -1
        813 942 941 -1
        813 814 942 -1
        812 813 940 -1
        811 940 939 -1
        811 812 940 -1
        810 938 937 -1
        810 939 938 -1
        810 811 939 -1
        809 810 937 -1
        808 809 937 -1
        808 937 936 -1
        807 808 936 -1
        807 935 934 -1
        807 936 935 -1
        806 807 934 -1
        805 806 934 -1
        805 933 932 -1
        805 934 933 -1
        804 805 932 -1
        803 804 932 -1
        803 931 930 -1
        803 932 931 -1
        802 803 930 -1
        801 930 929 -1
        801 802 930 -1
        800 928 927 -1
        800 929 928 -1
        800 801 929 -1
        799 800 927 -1
        798 927 926 -1
        798 799 927 -1
        797 925 924 -1
        797 926 925 -1
        797 798 926 -1
        796 797 924 -1
      ]
    }
  }
  # pads  material=gold
  Shape {
    appearance Appearance {
      material Material {
        diffuseColor 0.8300 0.6700 0.2200
        specularColor 0.9500 0.8600 0.4800
        shininess 0.780
        ambientIntensity 0.280
        emissiveColor 0 0 0
        transparency 0.000
      }
    }
    geometry IndexedFaceSet {
      solid TRUE
      creaseAngle 0.9
      coord Coordinate { point [
        -0.0472441 -0.0919291 0.0000000
        -0.0472441 -0.0919291 0.0011811
        -0.0187008 -0.0919291 0.0011811
        -0.0187008 -0.0919291 0.0000000
        -0.0187008 -0.0919291 0.0000000
        -0.0187008 -0.0919291 0.0011811
        -0.0187008 -0.0713780 0.0011811
        -0.0187008 -0.0713780 0.0000000
        -0.0187008 -0.0713780 0.0000000
        -0.0187008 -0.0713780 0.0011811
        -0.0472441 -0.0713780 0.0011811
        -0.0472441 -0.0713780 0.0000000
        -0.0472441 -0.0713780 0.0000000
        -0.0472441 -0.0713780 0.0011811
        -0.0472441 -0.0919291 0.0011811
        -0.0472441 -0.0919291 0.0000000
        -0.0472441 -0.0919291 0.0000000
        -0.0187008 -0.0919291 0.0000000
        -0.0187008 -0.0713780 0.0000000
        -0.0472441 -0.0713780 0.0000000
        -0.0472441 -0.0919291 0.0011811
        -0.0187008 -0.0919291 0.0011811
        -0.0187008 -0.0713780 0.0011811
        -0.0472441 -0.0713780 0.0011811
        -0.0472441 -0.0595669 0.0000000
        -0.0472441 -0.0595669 0.0011811
        -0.0187008 -0.0595669 0.0011811
        -0.0187008 -0.0595669 0.0000000
        -0.0187008 -0.0595669 0.0000000
        -0.0187008 -0.0595669 0.0011811
        -0.0187008 -0.0390157 0.0011811
        -0.0187008 -0.0390157 0.0000000
        -0.0187008 -0.0390157 0.0000000
        -0.0187008 -0.0390157 0.0011811
        -0.0472441 -0.0390157 0.0011811
        -0.0472441 -0.0390157 0.0000000
        -0.0472441 -0.0390157 0.0000000
        -0.0472441 -0.0390157 0.0011811
        -0.0472441 -0.0595669 0.0011811
        -0.0472441 -0.0595669 0.0000000
        -0.0472441 -0.0595669 0.0000000
        -0.0187008 -0.0595669 0.0000000
        -0.0187008 -0.0390157 0.0000000
        -0.0472441 -0.0390157 0.0000000
        -0.0472441 -0.0595669 0.0011811
        -0.0187008 -0.0595669 0.0011811
        -0.0187008 -0.0390157 0.0011811
        -0.0472441 -0.0390157 0.0011811
        0.0187008 -0.0595669 0.0000000
        0.0187008 -0.0595669 0.0011811
        0.0472441 -0.0595669 0.0011811
        0.0472441 -0.0595669 0.0000000
        0.0472441 -0.0595669 0.0000000
        0.0472441 -0.0595669 0.0011811
        0.0472441 -0.0390157 0.0011811
        0.0472441 -0.0390157 0.0000000
        0.0472441 -0.0390157 0.0000000
        0.0472441 -0.0390157 0.0011811
        0.0187008 -0.0390157 0.0011811
        0.0187008 -0.0390157 0.0000000
        0.0187008 -0.0390157 0.0000000
        0.0187008 -0.0390157 0.0011811
        0.0187008 -0.0595669 0.0011811
        0.0187008 -0.0595669 0.0000000
        0.0187008 -0.0595669 0.0000000
        0.0472441 -0.0595669 0.0000000
        0.0472441 -0.0390157 0.0000000
        0.0187008 -0.0390157 0.0000000
        0.0187008 -0.0595669 0.0011811
        0.0472441 -0.0595669 0.0011811
        0.0472441 -0.0390157 0.0011811
        0.0187008 -0.0390157 0.0011811
        0.0187008 -0.0919291 0.0000000
        0.0187008 -0.0919291 0.0011811
        0.0472441 -0.0919291 0.0011811
        0.0472441 -0.0919291 0.0000000
        0.0472441 -0.0919291 0.0000000
        0.0472441 -0.0919291 0.0011811
        0.0472441 -0.0713780 0.0011811
        0.0472441 -0.0713780 0.0000000
        0.0472441 -0.0713780 0.0000000
        0.0472441 -0.0713780 0.0011811
        0.0187008 -0.0713780 0.0011811
        0.0187008 -0.0713780 0.0000000
        0.0187008 -0.0713780 0.0000000
        0.0187008 -0.0713780 0.0011811
        0.0187008 -0.0919291 0.0011811
        0.0187008 -0.0919291 0.0000000
        0.0187008 -0.0919291 0.0000000
        0.0472441 -0.0919291 0.0000000
        0.0472441 -0.0713780 0.0000000
        0.0187008 -0.0713780 0.0000000
        0.0187008 -0.0919291 0.0011811
        0.0472441 -0.0919291 0.0011811
        0.0472441 -0.0713780 0.0011811
        0.0187008 -0.0713780 0.0011811
      ] }
      coordIndex [
        3 1 0 -1
        3 2 1 -1
        7 5 4 -1
        7 6 5 -1
        11 9 8 -1
        11 10 9 -1
        15 13 12 -1
        15 14 13 -1
        18 17 16 -1
        18 16 19 -1
        22 20 21 -1
        22 23 20 -1
        27 25 24 -1
        27 26 25 -1
        31 29 28 -1
        31 30 29 -1
        35 33 32 -1
        35 34 33 -1
        39 37 36 -1
        39 38 37 -1
        42 41 40 -1
        42 40 43 -1
        46 44 45 -1
        46 47 44 -1
        51 49 48 -1
        51 50 49 -1
        55 53 52 -1
        55 54 53 -1
        59 57 56 -1
        59 58 57 -1
        63 61 60 -1
        63 62 61 -1
        66 65 64 -1
        66 64 67 -1
        70 68 69 -1
        70 71 68 -1
        75 73 72 -1
        75 74 73 -1
        79 77 76 -1
        79 78 77 -1
        83 81 80 -1
        83 82 81 -1
        87 85 84 -1
        87 86 85 -1
        90 89 88 -1
        90 88 91 -1
        94 92 93 -1
        94 95 92 -1
      ]
    }
  }
  # port_ring  material=brass
  Shape {
    appearance Appearance {
      material Material {
        diffuseColor 0.7200 0.5400 0.2000
        specularColor 0.9000 0.7400 0.3800
        shininess 0.680
        ambientIntensity 0.260
        emissiveColor 0 0 0
        transparency 0.000
      }
    }
    geometry IndexedFaceSet {
      solid TRUE
      creaseAngle 0.9
      coord Coordinate { point [
        0.0319882 0.0000000 0.0000000
        0.0319882 0.0000000 0.0011811
        0.0319484 0.0015945 0.0011811
        0.0318292 0.0031850 0.0011811
        0.0316309 0.0047676 0.0011811
        0.0313539 0.0063383 0.0011811
        0.0309990 0.0078933 0.0011811
        0.0305670 0.0094287 0.0011811
        0.0300591 0.0109406 0.0011811
        0.0294764 0.0124253 0.0011811
        0.0288204 0.0138792 0.0011811
        0.0280927 0.0152985 0.0011811
        0.0272952 0.0166798 0.0011811
        0.0264299 0.0180196 0.0011811
        0.0254988 0.0193146 0.0011811
        0.0245044 0.0205616 0.0011811
        0.0234490 0.0217575 0.0011811
        0.0223353 0.0228993 0.0011811
        0.0211661 0.0239841 0.0011811
        0.0199443 0.0250094 0.0011811
        0.0186729 0.0259724 0.0011811
        0.0173551 0.0268709 0.0011811
        0.0159941 0.0277026 0.0011811
        0.0145934 0.0284654 0.0011811
        0.0131563 0.0291574 0.0011811
        0.0116866 0.0297770 0.0011811
        0.0101878 0.0303225 0.0011811
        0.0086637 0.0307926 0.0011811
        0.0071180 0.0311862 0.0011811
        0.0055547 0.0315022 0.0011811
        0.0039775 0.0317399 0.0011811
        0.0023905 0.0318987 0.0011811
        0.0007975 0.0319782 0.0011811
        -0.0007975 0.0319782 0.0011811
        -0.0023905 0.0318987 0.0011811
        -0.0039775 0.0317399 0.0011811
        -0.0055547 0.0315022 0.0011811
        -0.0071180 0.0311862 0.0011811
        -0.0086637 0.0307926 0.0011811
        -0.0101878 0.0303225 0.0011811
        -0.0116866 0.0297770 0.0011811
        -0.0131563 0.0291574 0.0011811
        -0.0145934 0.0284654 0.0011811
        -0.0159941 0.0277026 0.0011811
        -0.0173551 0.0268709 0.0011811
        -0.0186729 0.0259724 0.0011811
        -0.0199443 0.0250094 0.0011811
        -0.0211661 0.0239841 0.0011811
        -0.0223353 0.0228993 0.0011811
        -0.0234490 0.0217575 0.0011811
        -0.0245044 0.0205616 0.0011811
        -0.0254988 0.0193146 0.0011811
        -0.0264299 0.0180196 0.0011811
        -0.0272952 0.0166798 0.0011811
        -0.0280927 0.0152985 0.0011811
        -0.0288204 0.0138792 0.0011811
        -0.0294764 0.0124253 0.0011811
        -0.0300591 0.0109406 0.0011811
        -0.0305670 0.0094287 0.0011811
        -0.0309990 0.0078933 0.0011811
        -0.0313539 0.0063383 0.0011811
        -0.0316309 0.0047676 0.0011811
        -0.0318292 0.0031850 0.0011811
        -0.0319484 0.0015945 0.0011811
        -0.0319882 -0.0000000 0.0011811
        -0.0319484 -0.0015945 0.0011811
        -0.0318292 -0.0031850 0.0011811
        -0.0316309 -0.0047676 0.0011811
        -0.0313539 -0.0063383 0.0011811
        -0.0309990 -0.0078933 0.0011811
        -0.0305670 -0.0094287 0.0011811
        -0.0300591 -0.0109406 0.0011811
        -0.0294764 -0.0124253 0.0011811
        -0.0288204 -0.0138792 0.0011811
        -0.0280927 -0.0152985 0.0011811
        -0.0272952 -0.0166798 0.0011811
        -0.0264299 -0.0180196 0.0011811
        -0.0254988 -0.0193146 0.0011811
        -0.0245044 -0.0205616 0.0011811
        -0.0234490 -0.0217575 0.0011811
        -0.0223353 -0.0228993 0.0011811
        -0.0211661 -0.0239841 0.0011811
        -0.0199443 -0.0250094 0.0011811
        -0.0186729 -0.0259724 0.0011811
        -0.0173551 -0.0268709 0.0011811
        -0.0159941 -0.0277026 0.0011811
        -0.0145934 -0.0284654 0.0011811
        -0.0131563 -0.0291574 0.0011811
        -0.0116866 -0.0297770 0.0011811
        -0.0101878 -0.0303225 0.0011811
        -0.0086637 -0.0307926 0.0011811
        -0.0071180 -0.0311862 0.0011811
        -0.0055547 -0.0315022 0.0011811
        -0.0039775 -0.0317399 0.0011811
        -0.0023905 -0.0318987 0.0011811
        -0.0007975 -0.0319782 0.0011811
        0.0007975 -0.0319782 0.0011811
        0.0023905 -0.0318987 0.0011811
        0.0039775 -0.0317399 0.0011811
        0.0055547 -0.0315022 0.0011811
        0.0071180 -0.0311862 0.0011811
        0.0086637 -0.0307926 0.0011811
        0.0101878 -0.0303225 0.0011811
        0.0116866 -0.0297770 0.0011811
        0.0131563 -0.0291574 0.0011811
        0.0145934 -0.0284654 0.0011811
        0.0159941 -0.0277026 0.0011811
        0.0173551 -0.0268709 0.0011811
        0.0186729 -0.0259724 0.0011811
        0.0199443 -0.0250094 0.0011811
        0.0211661 -0.0239841 0.0011811
        0.0223353 -0.0228993 0.0011811
        0.0234490 -0.0217575 0.0011811
        0.0245044 -0.0205616 0.0011811
        0.0254988 -0.0193146 0.0011811
        0.0264299 -0.0180196 0.0011811
        0.0272952 -0.0166798 0.0011811
        0.0280927 -0.0152985 0.0011811
        0.0288204 -0.0138792 0.0011811
        0.0294764 -0.0124253 0.0011811
        0.0300591 -0.0109406 0.0011811
        0.0305670 -0.0094287 0.0011811
        0.0309990 -0.0078933 0.0011811
        0.0313539 -0.0063383 0.0011811
        0.0316309 -0.0047676 0.0011811
        0.0318292 -0.0031850 0.0011811
        0.0319484 -0.0015945 0.0011811
        0.0319882 0.0000000 0.0011811
        0.0319882 0.0000000 0.0000000
        0.0319484 0.0015945 0.0000000
        0.0318292 0.0031850 0.0000000
        0.0316309 0.0047676 0.0000000
        0.0313539 0.0063383 0.0000000
        0.0309990 0.0078933 0.0000000
        0.0305670 0.0094287 0.0000000
        0.0300591 0.0109406 0.0000000
        0.0294764 0.0124253 0.0000000
        0.0288204 0.0138792 0.0000000
        0.0280927 0.0152985 0.0000000
        0.0272952 0.0166798 0.0000000
        0.0264299 0.0180196 0.0000000
        0.0254988 0.0193146 0.0000000
        0.0245044 0.0205616 0.0000000
        0.0234490 0.0217575 0.0000000
        0.0223353 0.0228993 0.0000000
        0.0211661 0.0239841 0.0000000
        0.0199443 0.0250094 0.0000000
        0.0186729 0.0259724 0.0000000
        0.0173551 0.0268709 0.0000000
        0.0159941 0.0277026 0.0000000
        0.0145934 0.0284654 0.0000000
        0.0131563 0.0291574 0.0000000
        0.0116866 0.0297770 0.0000000
        0.0101878 0.0303225 0.0000000
        0.0086637 0.0307926 0.0000000
        0.0071180 0.0311862 0.0000000
        0.0055547 0.0315022 0.0000000
        0.0039775 0.0317399 0.0000000
        0.0023905 0.0318987 0.0000000
        0.0007975 0.0319782 0.0000000
        -0.0007975 0.0319782 0.0000000
        -0.0023905 0.0318987 0.0000000
        -0.0039775 0.0317399 0.0000000
        -0.0055547 0.0315022 0.0000000
        -0.0071180 0.0311862 0.0000000
        -0.0086637 0.0307926 0.0000000
        -0.0101878 0.0303225 0.0000000
        -0.0116866 0.0297770 0.0000000
        -0.0131563 0.0291574 0.0000000
        -0.0145934 0.0284654 0.0000000
        -0.0159941 0.0277026 0.0000000
        -0.0173551 0.0268709 0.0000000
        -0.0186729 0.0259724 0.0000000
        -0.0199443 0.0250094 0.0000000
        -0.0211661 0.0239841 0.0000000
        -0.0223353 0.0228993 0.0000000
        -0.0234490 0.0217575 0.0000000
        -0.0245044 0.0205616 0.0000000
        -0.0254988 0.0193146 0.0000000
        -0.0264299 0.0180196 0.0000000
        -0.0272952 0.0166798 0.0000000
        -0.0280927 0.0152985 0.0000000
        -0.0288204 0.0138792 0.0000000
        -0.0294764 0.0124253 0.0000000
        -0.0300591 0.0109406 0.0000000
        -0.0305670 0.0094287 0.0000000
        -0.0309990 0.0078933 0.0000000
        -0.0313539 0.0063383 0.0000000
        -0.0316309 0.0047676 0.0000000
        -0.0318292 0.0031850 0.0000000
        -0.0319484 0.0015945 0.0000000
        -0.0319882 -0.0000000 0.0000000
        -0.0319484 -0.0015945 0.0000000
        -0.0318292 -0.0031850 0.0000000
        -0.0316309 -0.0047676 0.0000000
        -0.0313539 -0.0063383 0.0000000
        -0.0309990 -0.0078933 0.0000000
        -0.0305670 -0.0094287 0.0000000
        -0.0300591 -0.0109406 0.0000000
        -0.0294764 -0.0124253 0.0000000
        -0.0288204 -0.0138792 0.0000000
        -0.0280927 -0.0152985 0.0000000
        -0.0272952 -0.0166798 0.0000000
        -0.0264299 -0.0180196 0.0000000
        -0.0254988 -0.0193146 0.0000000
        -0.0245044 -0.0205616 0.0000000
        -0.0234490 -0.0217575 0.0000000
        -0.0223353 -0.0228993 0.0000000
        -0.0211661 -0.0239841 0.0000000
        -0.0199443 -0.0250094 0.0000000
        -0.0186729 -0.0259724 0.0000000
        -0.0173551 -0.0268709 0.0000000
        -0.0159941 -0.0277026 0.0000000
        -0.0145934 -0.0284654 0.0000000
        -0.0131563 -0.0291574 0.0000000
        -0.0116866 -0.0297770 0.0000000
        -0.0101878 -0.0303225 0.0000000
        -0.0086637 -0.0307926 0.0000000
        -0.0071180 -0.0311862 0.0000000
        -0.0055547 -0.0315022 0.0000000
        -0.0039775 -0.0317399 0.0000000
        -0.0023905 -0.0318987 0.0000000
        -0.0007975 -0.0319782 0.0000000
        0.0007975 -0.0319782 0.0000000
        0.0023905 -0.0318987 0.0000000
        0.0039775 -0.0317399 0.0000000
        0.0055547 -0.0315022 0.0000000
        0.0071180 -0.0311862 0.0000000
        0.0086637 -0.0307926 0.0000000
        0.0101878 -0.0303225 0.0000000
        0.0116866 -0.0297770 0.0000000
        0.0131563 -0.0291574 0.0000000
        0.0145934 -0.0284654 0.0000000
        0.0159941 -0.0277026 0.0000000
        0.0173551 -0.0268709 0.0000000
        0.0186729 -0.0259724 0.0000000
        0.0199443 -0.0250094 0.0000000
        0.0211661 -0.0239841 0.0000000
        0.0223353 -0.0228993 0.0000000
        0.0234490 -0.0217575 0.0000000
        0.0245044 -0.0205616 0.0000000
        0.0254988 -0.0193146 0.0000000
        0.0264299 -0.0180196 0.0000000
        0.0272952 -0.0166798 0.0000000
        0.0280927 -0.0152985 0.0000000
        0.0288204 -0.0138792 0.0000000
        0.0294764 -0.0124253 0.0000000
        0.0300591 -0.0109406 0.0000000
        0.0305670 -0.0094287 0.0000000
        0.0309990 -0.0078933 0.0000000
        0.0313539 -0.0063383 0.0000000
        0.0316309 -0.0047676 0.0000000
        0.0318292 -0.0031850 0.0000000
        0.0319484 -0.0015945 0.0000000
        0.0063976 0.0000000 0.0000000
        0.0063976 0.0000000 0.0011811
        0.0063897 0.0003189 0.0011811
        0.0063658 0.0006370 0.0011811
        0.0063262 0.0009535 0.0011811
        0.0062708 0.0012677 0.0011811
        0.0061998 0.0015787 0.0011811
        0.0061134 0.0018857 0.0011811
        0.0060118 0.0021881 0.0011811
        0.0058953 0.0024851 0.0011811
        0.0057641 0.0027758 0.0011811
        0.0056185 0.0030597 0.0011811
        0.0054590 0.0033360 0.0011811
        0.0052860 0.0036039 0.0011811
        0.0050998 0.0038629 0.0011811
        0.0049009 0.0041123 0.0011811
        0.0046898 0.0043515 0.0011811
        0.0044671 0.0045799 0.0011811
        0.0042332 0.0047968 0.0011811
        0.0039889 0.0050019 0.0011811
        0.0037346 0.0051945 0.0011811
        0.0034710 0.0053742 0.0011811
        0.0031988 0.0055405 0.0011811
        0.0029187 0.0056931 0.0011811
        0.0026313 0.0058315 0.0011811
        0.0023373 0.0059554 0.0011811
        0.0020376 0.0060645 0.0011811
        0.0017327 0.0061585 0.0011811
        0.0014236 0.0062372 0.0011811
        0.0011109 0.0063004 0.0011811
        0.0007955 0.0063480 0.0011811
        0.0004781 0.0063797 0.0011811
        0.0001595 0.0063956 0.0011811
        -0.0001595 0.0063956 0.0011811
        -0.0004781 0.0063797 0.0011811
        -0.0007955 0.0063480 0.0011811
        -0.0011109 0.0063004 0.0011811
        -0.0014236 0.0062372 0.0011811
        -0.0017327 0.0061585 0.0011811
        -0.0020376 0.0060645 0.0011811
        -0.0023373 0.0059554 0.0011811
        -0.0026313 0.0058315 0.0011811
        -0.0029187 0.0056931 0.0011811
        -0.0031988 0.0055405 0.0011811
        -0.0034710 0.0053742 0.0011811
        -0.0037346 0.0051945 0.0011811
        -0.0039889 0.0050019 0.0011811
        -0.0042332 0.0047968 0.0011811
        -0.0044671 0.0045799 0.0011811
        -0.0046898 0.0043515 0.0011811
        -0.0049009 0.0041123 0.0011811
        -0.0050998 0.0038629 0.0011811
        -0.0052860 0.0036039 0.0011811
        -0.0054590 0.0033360 0.0011811
        -0.0056185 0.0030597 0.0011811
        -0.0057641 0.0027758 0.0011811
        -0.0058953 0.0024851 0.0011811
        -0.0060118 0.0021881 0.0011811
        -0.0061134 0.0018857 0.0011811
        -0.0061998 0.0015787 0.0011811
        -0.0062708 0.0012677 0.0011811
        -0.0063262 0.0009535 0.0011811
        -0.0063658 0.0006370 0.0011811
        -0.0063897 0.0003189 0.0011811
        -0.0063976 -0.0000000 0.0011811
        -0.0063897 -0.0003189 0.0011811
        -0.0063658 -0.0006370 0.0011811
        -0.0063262 -0.0009535 0.0011811
        -0.0062708 -0.0012677 0.0011811
        -0.0061998 -0.0015787 0.0011811
        -0.0061134 -0.0018857 0.0011811
        -0.0060118 -0.0021881 0.0011811
        -0.0058953 -0.0024851 0.0011811
        -0.0057641 -0.0027758 0.0011811
        -0.0056185 -0.0030597 0.0011811
        -0.0054590 -0.0033360 0.0011811
        -0.0052860 -0.0036039 0.0011811
        -0.0050998 -0.0038629 0.0011811
        -0.0049009 -0.0041123 0.0011811
        -0.0046898 -0.0043515 0.0011811
        -0.0044671 -0.0045799 0.0011811
        -0.0042332 -0.0047968 0.0011811
        -0.0039889 -0.0050019 0.0011811
        -0.0037346 -0.0051945 0.0011811
        -0.0034710 -0.0053742 0.0011811
        -0.0031988 -0.0055405 0.0011811
        -0.0029187 -0.0056931 0.0011811
        -0.0026313 -0.0058315 0.0011811
        -0.0023373 -0.0059554 0.0011811
        -0.0020376 -0.0060645 0.0011811
        -0.0017327 -0.0061585 0.0011811
        -0.0014236 -0.0062372 0.0011811
        -0.0011109 -0.0063004 0.0011811
        -0.0007955 -0.0063480 0.0011811
        -0.0004781 -0.0063797 0.0011811
        -0.0001595 -0.0063956 0.0011811
        0.0001595 -0.0063956 0.0011811
        0.0004781 -0.0063797 0.0011811
        0.0007955 -0.0063480 0.0011811
        0.0011109 -0.0063004 0.0011811
        0.0014236 -0.0062372 0.0011811
        0.0017327 -0.0061585 0.0011811
        0.0020376 -0.0060645 0.0011811
        0.0023373 -0.0059554 0.0011811
        0.0026313 -0.0058315 0.0011811
        0.0029187 -0.0056931 0.0011811
        0.0031988 -0.0055405 0.0011811
        0.0034710 -0.0053742 0.0011811
        0.0037346 -0.0051945 0.0011811
        0.0039889 -0.0050019 0.0011811
        0.0042332 -0.0047968 0.0011811
        0.0044671 -0.0045799 0.0011811
        0.0046898 -0.0043515 0.0011811
        0.0049009 -0.0041123 0.0011811
        0.0050998 -0.0038629 0.0011811
        0.0052860 -0.0036039 0.0011811
        0.0054590 -0.0033360 0.0011811
        0.0056185 -0.0030597 0.0011811
        0.0057641 -0.0027758 0.0011811
        0.0058953 -0.0024851 0.0011811
        0.0060118 -0.0021881 0.0011811
        0.0061134 -0.0018857 0.0011811
        0.0061998 -0.0015787 0.0011811
        0.0062708 -0.0012677 0.0011811
        0.0063262 -0.0009535 0.0011811
        0.0063658 -0.0006370 0.0011811
        0.0063897 -0.0003189 0.0011811
        0.0063976 0.0000000 0.0011811
        0.0063976 0.0000000 0.0000000
        0.0063897 0.0003189 0.0000000
        0.0063658 0.0006370 0.0000000
        0.0063262 0.0009535 0.0000000
        0.0062708 0.0012677 0.0000000
        0.0061998 0.0015787 0.0000000
        0.0061134 0.0018857 0.0000000
        0.0060118 0.0021881 0.0000000
        0.0058953 0.0024851 0.0000000
        0.0057641 0.0027758 0.0000000
        0.0056185 0.0030597 0.0000000
        0.0054590 0.0033360 0.0000000
        0.0052860 0.0036039 0.0000000
        0.0050998 0.0038629 0.0000000
        0.0049009 0.0041123 0.0000000
        0.0046898 0.0043515 0.0000000
        0.0044671 0.0045799 0.0000000
        0.0042332 0.0047968 0.0000000
        0.0039889 0.0050019 0.0000000
        0.0037346 0.0051945 0.0000000
        0.0034710 0.0053742 0.0000000
        0.0031988 0.0055405 0.0000000
        0.0029187 0.0056931 0.0000000
        0.0026313 0.0058315 0.0000000
        0.0023373 0.0059554 0.0000000
        0.0020376 0.0060645 0.0000000
        0.0017327 0.0061585 0.0000000
        0.0014236 0.0062372 0.0000000
        0.0011109 0.0063004 0.0000000
        0.0007955 0.0063480 0.0000000
        0.0004781 0.0063797 0.0000000
        0.0001595 0.0063956 0.0000000
        -0.0001595 0.0063956 0.0000000
        -0.0004781 0.0063797 0.0000000
        -0.0007955 0.0063480 0.0000000
        -0.0011109 0.0063004 0.0000000
        -0.0014236 0.0062372 0.0000000
        -0.0017327 0.0061585 0.0000000
        -0.0020376 0.0060645 0.0000000
        -0.0023373 0.0059554 0.0000000
        -0.0026313 0.0058315 0.0000000
        -0.0029187 0.0056931 0.0000000
        -0.0031988 0.0055405 0.0000000
        -0.0034710 0.0053742 0.0000000
        -0.0037346 0.0051945 0.0000000
        -0.0039889 0.0050019 0.0000000
        -0.0042332 0.0047968 0.0000000
        -0.0044671 0.0045799 0.0000000
        -0.0046898 0.0043515 0.0000000
        -0.0049009 0.0041123 0.0000000
        -0.0050998 0.0038629 0.0000000
        -0.0052860 0.0036039 0.0000000
        -0.0054590 0.0033360 0.0000000
        -0.0056185 0.0030597 0.0000000
        -0.0057641 0.0027758 0.0000000
        -0.0058953 0.0024851 0.0000000
        -0.0060118 0.0021881 0.0000000
        -0.0061134 0.0018857 0.0000000
        -0.0061998 0.0015787 0.0000000
        -0.0062708 0.0012677 0.0000000
        -0.0063262 0.0009535 0.0000000
        -0.0063658 0.0006370 0.0000000
        -0.0063897 0.0003189 0.0000000
        -0.0063976 -0.0000000 0.0000000
        -0.0063897 -0.0003189 0.0000000
        -0.0063658 -0.0006370 0.0000000
        -0.0063262 -0.0009535 0.0000000
        -0.0062708 -0.0012677 0.0000000
        -0.0061998 -0.0015787 0.0000000
        -0.0061134 -0.0018857 0.0000000
        -0.0060118 -0.0021881 0.0000000
        -0.0058953 -0.0024851 0.0000000
        -0.0057641 -0.0027758 0.0000000
        -0.0056185 -0.0030597 0.0000000
        -0.0054590 -0.0033360 0.0000000
        -0.0052860 -0.0036039 0.0000000
        -0.0050998 -0.0038629 0.0000000
        -0.0049009 -0.0041123 0.0000000
        -0.0046898 -0.0043515 0.0000000
        -0.0044671 -0.0045799 0.0000000
        -0.0042332 -0.0047968 0.0000000
        -0.0039889 -0.0050019 0.0000000
        -0.0037346 -0.0051945 0.0000000
        -0.0034710 -0.0053742 0.0000000
        -0.0031988 -0.0055405 0.0000000
        -0.0029187 -0.0056931 0.0000000
        -0.0026313 -0.0058315 0.0000000
        -0.0023373 -0.0059554 0.0000000
        -0.0020376 -0.0060645 0.0000000
        -0.0017327 -0.0061585 0.0000000
        -0.0014236 -0.0062372 0.0000000
        -0.0011109 -0.0063004 0.0000000
        -0.0007955 -0.0063480 0.0000000
        -0.0004781 -0.0063797 0.0000000
        -0.0001595 -0.0063956 0.0000000
        0.0001595 -0.0063956 0.0000000
        0.0004781 -0.0063797 0.0000000
        0.0007955 -0.0063480 0.0000000
        0.0011109 -0.0063004 0.0000000
        0.0014236 -0.0062372 0.0000000
        0.0017327 -0.0061585 0.0000000
        0.0020376 -0.0060645 0.0000000
        0.0023373 -0.0059554 0.0000000
        0.0026313 -0.0058315 0.0000000
        0.0029187 -0.0056931 0.0000000
        0.0031988 -0.0055405 0.0000000
        0.0034710 -0.0053742 0.0000000
        0.0037346 -0.0051945 0.0000000
        0.0039889 -0.0050019 0.0000000
        0.0042332 -0.0047968 0.0000000
        0.0044671 -0.0045799 0.0000000
        0.0046898 -0.0043515 0.0000000
        0.0049009 -0.0041123 0.0000000
        0.0050998 -0.0038629 0.0000000
        0.0052860 -0.0036039 0.0000000
        0.0054590 -0.0033360 0.0000000
        0.0056185 -0.0030597 0.0000000
        0.0057641 -0.0027758 0.0000000
        0.0058953 -0.0024851 0.0000000
        0.0060118 -0.0021881 0.0000000
        0.0061134 -0.0018857 0.0000000
        0.0061998 -0.0015787 0.0000000
        0.0062708 -0.0012677 0.0000000
        0.0063262 -0.0009535 0.0000000
        0.0063658 -0.0006370 0.0000000
        0.0063897 -0.0003189 0.0000000
        0.0319882 0.0000000 0.0000000
        0.0319484 0.0015945 0.0000000
        0.0318292 0.0031850 0.0000000
        0.0316309 0.0047676 0.0000000
        0.0313539 0.0063383 0.0000000
        0.0309990 0.0078933 0.0000000
        0.0305670 0.0094287 0.0000000
        0.0300591 0.0109406 0.0000000
        0.0294764 0.0124253 0.0000000
        0.0288204 0.0138792 0.0000000
        0.0280927 0.0152985 0.0000000
        0.0272952 0.0166798 0.0000000
        0.0264299 0.0180196 0.0000000
        0.0254988 0.0193146 0.0000000
        0.0245044 0.0205616 0.0000000
        0.0234490 0.0217575 0.0000000
        0.0223353 0.0228993 0.0000000
        0.0211661 0.0239841 0.0000000
        0.0199443 0.0250094 0.0000000
        0.0186729 0.0259724 0.0000000
        0.0173551 0.0268709 0.0000000
        0.0159941 0.0277026 0.0000000
        0.0145934 0.0284654 0.0000000
        0.0131563 0.0291574 0.0000000
        0.0116866 0.0297770 0.0000000
        0.0101878 0.0303225 0.0000000
        0.0086637 0.0307926 0.0000000
        0.0071180 0.0311862 0.0000000
        0.0055547 0.0315022 0.0000000
        0.0039775 0.0317399 0.0000000
        0.0023905 0.0318987 0.0000000
        0.0007975 0.0319782 0.0000000
        -0.0007975 0.0319782 0.0000000
        -0.0023905 0.0318987 0.0000000
        -0.0039775 0.0317399 0.0000000
        -0.0055547 0.0315022 0.0000000
        -0.0071180 0.0311862 0.0000000
        -0.0086637 0.0307926 0.0000000
        -0.0101878 0.0303225 0.0000000
        -0.0116866 0.0297770 0.0000000
        -0.0131563 0.0291574 0.0000000
        -0.0145934 0.0284654 0.0000000
        -0.0159941 0.0277026 0.0000000
        -0.0173551 0.0268709 0.0000000
        -0.0186729 0.0259724 0.0000000
        -0.0199443 0.0250094 0.0000000
        -0.0211661 0.0239841 0.0000000
        -0.0223353 0.0228993 0.0000000
        -0.0234490 0.0217575 0.0000000
        -0.0245044 0.0205616 0.0000000
        -0.0254988 0.0193146 0.0000000
        -0.0264299 0.0180196 0.0000000
        -0.0272952 0.0166798 0.0000000
        -0.0280927 0.0152985 0.0000000
        -0.0288204 0.0138792 0.0000000
        -0.0294764 0.0124253 0.0000000
        -0.0300591 0.0109406 0.0000000
        -0.0305670 0.0094287 0.0000000
        -0.0309990 0.0078933 0.0000000
        -0.0313539 0.0063383 0.0000000
        -0.0316309 0.0047676 0.0000000
        -0.0318292 0.0031850 0.0000000
        -0.0319484 0.0015945 0.0000000
        -0.0319882 -0.0000000 0.0000000
        -0.0319484 -0.0015945 0.0000000
        -0.0318292 -0.0031850 0.0000000
        -0.0316309 -0.0047676 0.0000000
        -0.0313539 -0.0063383 0.0000000
        -0.0309990 -0.0078933 0.0000000
        -0.0305670 -0.0094287 0.0000000
        -0.0300591 -0.0109406 0.0000000
        -0.0294764 -0.0124253 0.0000000
        -0.0288204 -0.0138792 0.0000000
        -0.0280927 -0.0152985 0.0000000
        -0.0272952 -0.0166798 0.0000000
        -0.0264299 -0.0180196 0.0000000
        -0.0254988 -0.0193146 0.0000000
        -0.0245044 -0.0205616 0.0000000
        -0.0234490 -0.0217575 0.0000000
        -0.0223353 -0.0228993 0.0000000
        -0.0211661 -0.0239841 0.0000000
        -0.0199443 -0.0250094 0.0000000
        -0.0186729 -0.0259724 0.0000000
        -0.0173551 -0.0268709 0.0000000
        -0.0159941 -0.0277026 0.0000000
        -0.0145934 -0.0284654 0.0000000
        -0.0131563 -0.0291574 0.0000000
        -0.0116866 -0.0297770 0.0000000
        -0.0101878 -0.0303225 0.0000000
        -0.0086637 -0.0307926 0.0000000
        -0.0071180 -0.0311862 0.0000000
        -0.0055547 -0.0315022 0.0000000
        -0.0039775 -0.0317399 0.0000000
        -0.0023905 -0.0318987 0.0000000
        -0.0007975 -0.0319782 0.0000000
        0.0007975 -0.0319782 0.0000000
        0.0023905 -0.0318987 0.0000000
        0.0039775 -0.0317399 0.0000000
        0.0055547 -0.0315022 0.0000000
        0.0071180 -0.0311862 0.0000000
        0.0086637 -0.0307926 0.0000000
        0.0101878 -0.0303225 0.0000000
        0.0116866 -0.0297770 0.0000000
        0.0131563 -0.0291574 0.0000000
        0.0145934 -0.0284654 0.0000000
        0.0159941 -0.0277026 0.0000000
        0.0173551 -0.0268709 0.0000000
        0.0186729 -0.0259724 0.0000000
        0.0199443 -0.0250094 0.0000000
        0.0211661 -0.0239841 0.0000000
        0.0223353 -0.0228993 0.0000000
        0.0234490 -0.0217575 0.0000000
        0.0245044 -0.0205616 0.0000000
        0.0254988 -0.0193146 0.0000000
        0.0264299 -0.0180196 0.0000000
        0.0272952 -0.0166798 0.0000000
        0.0280927 -0.0152985 0.0000000
        0.0288204 -0.0138792 0.0000000
        0.0294764 -0.0124253 0.0000000
        0.0300591 -0.0109406 0.0000000
        0.0305670 -0.0094287 0.0000000
        0.0309990 -0.0078933 0.0000000
        0.0313539 -0.0063383 0.0000000
        0.0316309 -0.0047676 0.0000000
        0.0318292 -0.0031850 0.0000000
        0.0319484 -0.0015945 0.0000000
        0.0063976 0.0000000 0.0000000
        0.0063897 0.0003189 0.0000000
        0.0063658 0.0006370 0.0000000
        0.0063262 0.0009535 0.0000000
        0.0062708 0.0012677 0.0000000
        0.0061998 0.0015787 0.0000000
        0.0061134 0.0018857 0.0000000
        0.0060118 0.0021881 0.0000000
        0.0058953 0.0024851 0.0000000
        0.0057641 0.0027758 0.0000000
        0.0056185 0.0030597 0.0000000
        0.0054590 0.0033360 0.0000000
        0.0052860 0.0036039 0.0000000
        0.0050998 0.0038629 0.0000000
        0.0049009 0.0041123 0.0000000
        0.0046898 0.0043515 0.0000000
        0.0044671 0.0045799 0.0000000
        0.0042332 0.0047968 0.0000000
        0.0039889 0.0050019 0.0000000
        0.0037346 0.0051945 0.0000000
        0.0034710 0.0053742 0.0000000
        0.0031988 0.0055405 0.0000000
        0.0029187 0.0056931 0.0000000
        0.0026313 0.0058315 0.0000000
        0.0023373 0.0059554 0.0000000
        0.0020376 0.0060645 0.0000000
        0.0017327 0.0061585 0.0000000
        0.0014236 0.0062372 0.0000000
        0.0011109 0.0063004 0.0000000
        0.0007955 0.0063480 0.0000000
        0.0004781 0.0063797 0.0000000
        0.0001595 0.0063956 0.0000000
        -0.0001595 0.0063956 0.0000000
        -0.0004781 0.0063797 0.0000000
        -0.0007955 0.0063480 0.0000000
        -0.0011109 0.0063004 0.0000000
        -0.0014236 0.0062372 0.0000000
        -0.0017327 0.0061585 0.0000000
        -0.0020376 0.0060645 0.0000000
        -0.0023373 0.0059554 0.0000000
        -0.0026313 0.0058315 0.0000000
        -0.0029187 0.0056931 0.0000000
        -0.0031988 0.0055405 0.0000000
        -0.0034710 0.0053742 0.0000000
        -0.0037346 0.0051945 0.0000000
        -0.0039889 0.0050019 0.0000000
        -0.0042332 0.0047968 0.0000000
        -0.0044671 0.0045799 0.0000000
        -0.0046898 0.0043515 0.0000000
        -0.0049009 0.0041123 0.0000000
        -0.0050998 0.0038629 0.0000000
        -0.0052860 0.0036039 0.0000000
        -0.0054590 0.0033360 0.0000000
        -0.0056185 0.0030597 0.0000000
        -0.0057641 0.0027758 0.0000000
        -0.0058953 0.0024851 0.0000000
        -0.0060118 0.0021881 0.0000000
        -0.0061134 0.0018857 0.0000000
        -0.0061998 0.0015787 0.0000000
        -0.0062708 0.0012677 0.0000000
        -0.0063262 0.0009535 0.0000000
        -0.0063658 0.0006370 0.0000000
        -0.0063897 0.0003189 0.0000000
        -0.0063976 -0.0000000 0.0000000
        -0.0063897 -0.0003189 0.0000000
        -0.0063658 -0.0006370 0.0000000
        -0.0063262 -0.0009535 0.0000000
        -0.0062708 -0.0012677 0.0000000
        -0.0061998 -0.0015787 0.0000000
        -0.0061134 -0.0018857 0.0000000
        -0.0060118 -0.0021881 0.0000000
        -0.0058953 -0.0024851 0.0000000
        -0.0057641 -0.0027758 0.0000000
        -0.0056185 -0.0030597 0.0000000
        -0.0054590 -0.0033360 0.0000000
        -0.0052860 -0.0036039 0.0000000
        -0.0050998 -0.0038629 0.0000000
        -0.0049009 -0.0041123 0.0000000
        -0.0046898 -0.0043515 0.0000000
        -0.0044671 -0.0045799 0.0000000
        -0.0042332 -0.0047968 0.0000000
        -0.0039889 -0.0050019 0.0000000
        -0.0037346 -0.0051945 0.0000000
        -0.0034710 -0.0053742 0.0000000
        -0.0031988 -0.0055405 0.0000000
        -0.0029187 -0.0056931 0.0000000
        -0.0026313 -0.0058315 0.0000000
        -0.0023373 -0.0059554 0.0000000
        -0.0020376 -0.0060645 0.0000000
        -0.0017327 -0.0061585 0.0000000
        -0.0014236 -0.0062372 0.0000000
        -0.0011109 -0.0063004 0.0000000
        -0.0007955 -0.0063480 0.0000000
        -0.0004781 -0.0063797 0.0000000
        -0.0001595 -0.0063956 0.0000000
        0.0001595 -0.0063956 0.0000000
        0.0004781 -0.0063797 0.0000000
        0.0007955 -0.0063480 0.0000000
        0.0011109 -0.0063004 0.0000000
        0.0014236 -0.0062372 0.0000000
        0.0017327 -0.0061585 0.0000000
        0.0020376 -0.0060645 0.0000000
        0.0023373 -0.0059554 0.0000000
        0.0026313 -0.0058315 0.0000000
        0.0029187 -0.0056931 0.0000000
        0.0031988 -0.0055405 0.0000000
        0.0034710 -0.0053742 0.0000000
        0.0037346 -0.0051945 0.0000000
        0.0039889 -0.0050019 0.0000000
        0.0042332 -0.0047968 0.0000000
        0.0044671 -0.0045799 0.0000000
        0.0046898 -0.0043515 0.0000000
        0.0049009 -0.0041123 0.0000000
        0.0050998 -0.0038629 0.0000000
        0.0052860 -0.0036039 0.0000000
        0.0054590 -0.0033360 0.0000000
        0.0056185 -0.0030597 0.0000000
        0.0057641 -0.0027758 0.0000000
        0.0058953 -0.0024851 0.0000000
        0.0060118 -0.0021881 0.0000000
        0.0061134 -0.0018857 0.0000000
        0.0061998 -0.0015787 0.0000000
        0.0062708 -0.0012677 0.0000000
        0.0063262 -0.0009535 0.0000000
        0.0063658 -0.0006370 0.0000000
        0.0063897 -0.0003189 0.0000000
        0.0319882 0.0000000 0.0011811
        0.0319484 0.0015945 0.0011811
        0.0318292 0.0031850 0.0011811
        0.0316309 0.0047676 0.0011811
        0.0313539 0.0063383 0.0011811
        0.0309990 0.0078933 0.0011811
        0.0305670 0.0094287 0.0011811
        0.0300591 0.0109406 0.0011811
        0.0294764 0.0124253 0.0011811
        0.0288204 0.0138792 0.0011811
        0.0280927 0.0152985 0.0011811
        0.0272952 0.0166798 0.0011811
        0.0264299 0.0180196 0.0011811
        0.0254988 0.0193146 0.0011811
        0.0245044 0.0205616 0.0011811
        0.0234490 0.0217575 0.0011811
        0.0223353 0.0228993 0.0011811
        0.0211661 0.0239841 0.0011811
        0.0199443 0.0250094 0.0011811
        0.0186729 0.0259724 0.0011811
        0.0173551 0.0268709 0.0011811
        0.0159941 0.0277026 0.0011811
        0.0145934 0.0284654 0.0011811
        0.0131563 0.0291574 0.0011811
        0.0116866 0.0297770 0.0011811
        0.0101878 0.0303225 0.0011811
        0.0086637 0.0307926 0.0011811
        0.0071180 0.0311862 0.0011811
        0.0055547 0.0315022 0.0011811
        0.0039775 0.0317399 0.0011811
        0.0023905 0.0318987 0.0011811
        0.0007975 0.0319782 0.0011811
        -0.0007975 0.0319782 0.0011811
        -0.0023905 0.0318987 0.0011811
        -0.0039775 0.0317399 0.0011811
        -0.0055547 0.0315022 0.0011811
        -0.0071180 0.0311862 0.0011811
        -0.0086637 0.0307926 0.0011811
        -0.0101878 0.0303225 0.0011811
        -0.0116866 0.0297770 0.0011811
        -0.0131563 0.0291574 0.0011811
        -0.0145934 0.0284654 0.0011811
        -0.0159941 0.0277026 0.0011811
        -0.0173551 0.0268709 0.0011811
        -0.0186729 0.0259724 0.0011811
        -0.0199443 0.0250094 0.0011811
        -0.0211661 0.0239841 0.0011811
        -0.0223353 0.0228993 0.0011811
        -0.0234490 0.0217575 0.0011811
        -0.0245044 0.0205616 0.0011811
        -0.0254988 0.0193146 0.0011811
        -0.0264299 0.0180196 0.0011811
        -0.0272952 0.0166798 0.0011811
        -0.0280927 0.0152985 0.0011811
        -0.0288204 0.0138792 0.0011811
        -0.0294764 0.0124253 0.0011811
        -0.0300591 0.0109406 0.0011811
        -0.0305670 0.0094287 0.0011811
        -0.0309990 0.0078933 0.0011811
        -0.0313539 0.0063383 0.0011811
        -0.0316309 0.0047676 0.0011811
        -0.0318292 0.0031850 0.0011811
        -0.0319484 0.0015945 0.0011811
        -0.0319882 -0.0000000 0.0011811
        -0.0319484 -0.0015945 0.0011811
        -0.0318292 -0.0031850 0.0011811
        -0.0316309 -0.0047676 0.0011811
        -0.0313539 -0.0063383 0.0011811
        -0.0309990 -0.0078933 0.0011811
        -0.0305670 -0.0094287 0.0011811
        -0.0300591 -0.0109406 0.0011811
        -0.0294764 -0.0124253 0.0011811
        -0.0288204 -0.0138792 0.0011811
        -0.0280927 -0.0152985 0.0011811
        -0.0272952 -0.0166798 0.0011811
        -0.0264299 -0.0180196 0.0011811
        -0.0254988 -0.0193146 0.0011811
        -0.0245044 -0.0205616 0.0011811
        -0.0234490 -0.0217575 0.0011811
        -0.0223353 -0.0228993 0.0011811
        -0.0211661 -0.0239841 0.0011811
        -0.0199443 -0.0250094 0.0011811
        -0.0186729 -0.0259724 0.0011811
        -0.0173551 -0.0268709 0.0011811
        -0.0159941 -0.0277026 0.0011811
        -0.0145934 -0.0284654 0.0011811
        -0.0131563 -0.0291574 0.0011811
        -0.0116866 -0.0297770 0.0011811
        -0.0101878 -0.0303225 0.0011811
        -0.0086637 -0.0307926 0.0011811
        -0.0071180 -0.0311862 0.0011811
        -0.0055547 -0.0315022 0.0011811
        -0.0039775 -0.0317399 0.0011811
        -0.0023905 -0.0318987 0.0011811
        -0.0007975 -0.0319782 0.0011811
        0.0007975 -0.0319782 0.0011811
        0.0023905 -0.0318987 0.0011811
        0.0039775 -0.0317399 0.0011811
        0.0055547 -0.0315022 0.0011811
        0.0071180 -0.0311862 0.0011811
        0.0086637 -0.0307926 0.0011811
        0.0101878 -0.0303225 0.0011811
        0.0116866 -0.0297770 0.0011811
        0.0131563 -0.0291574 0.0011811
        0.0145934 -0.0284654 0.0011811
        0.0159941 -0.0277026 0.0011811
        0.0173551 -0.0268709 0.0011811
        0.0186729 -0.0259724 0.0011811
        0.0199443 -0.0250094 0.0011811
        0.0211661 -0.0239841 0.0011811
        0.0223353 -0.0228993 0.0011811
        0.0234490 -0.0217575 0.0011811
        0.0245044 -0.0205616 0.0011811
        0.0254988 -0.0193146 0.0011811
        0.0264299 -0.0180196 0.0011811
        0.0272952 -0.0166798 0.0011811
        0.0280927 -0.0152985 0.0011811
        0.0288204 -0.0138792 0.0011811
        0.0294764 -0.0124253 0.0011811
        0.0300591 -0.0109406 0.0011811
        0.0305670 -0.0094287 0.0011811
        0.0309990 -0.0078933 0.0011811
        0.0313539 -0.0063383 0.0011811
        0.0316309 -0.0047676 0.0011811
        0.0318292 -0.0031850 0.0011811
        0.0319484 -0.0015945 0.0011811
        0.0063976 0.0000000 0.0011811
        0.0063897 0.0003189 0.0011811
        0.0063658 0.0006370 0.0011811
        0.0063262 0.0009535 0.0011811
        0.0062708 0.0012677 0.0011811
        0.0061998 0.0015787 0.0011811
        0.0061134 0.0018857 0.0011811
        0.0060118 0.0021881 0.0011811
        0.0058953 0.0024851 0.0011811
        0.0057641 0.0027758 0.0011811
        0.0056185 0.0030597 0.0011811
        0.0054590 0.0033360 0.0011811
        0.0052860 0.0036039 0.0011811
        0.0050998 0.0038629 0.0011811
        0.0049009 0.0041123 0.0011811
        0.0046898 0.0043515 0.0011811
        0.0044671 0.0045799 0.0011811
        0.0042332 0.0047968 0.0011811
        0.0039889 0.0050019 0.0011811
        0.0037346 0.0051945 0.0011811
        0.0034710 0.0053742 0.0011811
        0.0031988 0.0055405 0.0011811
        0.0029187 0.0056931 0.0011811
        0.0026313 0.0058315 0.0011811
        0.0023373 0.0059554 0.0011811
        0.0020376 0.0060645 0.0011811
        0.0017327 0.0061585 0.0011811
        0.0014236 0.0062372 0.0011811
        0.0011109 0.0063004 0.0011811
        0.0007955 0.0063480 0.0011811
        0.0004781 0.0063797 0.0011811
        0.0001595 0.0063956 0.0011811
        -0.0001595 0.0063956 0.0011811
        -0.0004781 0.0063797 0.0011811
        -0.0007955 0.0063480 0.0011811
        -0.0011109 0.0063004 0.0011811
        -0.0014236 0.0062372 0.0011811
        -0.0017327 0.0061585 0.0011811
        -0.0020376 0.0060645 0.0011811
        -0.0023373 0.0059554 0.0011811
        -0.0026313 0.0058315 0.0011811
        -0.0029187 0.0056931 0.0011811
        -0.0031988 0.0055405 0.0011811
        -0.0034710 0.0053742 0.0011811
        -0.0037346 0.0051945 0.0011811
        -0.0039889 0.0050019 0.0011811
        -0.0042332 0.0047968 0.0011811
        -0.0044671 0.0045799 0.0011811
        -0.0046898 0.0043515 0.0011811
        -0.0049009 0.0041123 0.0011811
        -0.0050998 0.0038629 0.0011811
        -0.0052860 0.0036039 0.0011811
        -0.0054590 0.0033360 0.0011811
        -0.0056185 0.0030597 0.0011811
        -0.0057641 0.0027758 0.0011811
        -0.0058953 0.0024851 0.0011811
        -0.0060118 0.0021881 0.0011811
        -0.0061134 0.0018857 0.0011811
        -0.0061998 0.0015787 0.0011811
        -0.0062708 0.0012677 0.0011811
        -0.0063262 0.0009535 0.0011811
        -0.0063658 0.0006370 0.0011811
        -0.0063897 0.0003189 0.0011811
        -0.0063976 -0.0000000 0.0011811
        -0.0063897 -0.0003189 0.0011811
        -0.0063658 -0.0006370 0.0011811
        -0.0063262 -0.0009535 0.0011811
        -0.0062708 -0.0012677 0.0011811
        -0.0061998 -0.0015787 0.0011811
        -0.0061134 -0.0018857 0.0011811
        -0.0060118 -0.0021881 0.0011811
        -0.0058953 -0.0024851 0.0011811
        -0.0057641 -0.0027758 0.0011811
        -0.0056185 -0.0030597 0.0011811
        -0.0054590 -0.0033360 0.0011811
        -0.0052860 -0.0036039 0.0011811
        -0.0050998 -0.0038629 0.0011811
        -0.0049009 -0.0041123 0.0011811
        -0.0046898 -0.0043515 0.0011811
        -0.0044671 -0.0045799 0.0011811
        -0.0042332 -0.0047968 0.0011811
        -0.0039889 -0.0050019 0.0011811
        -0.0037346 -0.0051945 0.0011811
        -0.0034710 -0.0053742 0.0011811
        -0.0031988 -0.0055405 0.0011811
        -0.0029187 -0.0056931 0.0011811
        -0.0026313 -0.0058315 0.0011811
        -0.0023373 -0.0059554 0.0011811
        -0.0020376 -0.0060645 0.0011811
        -0.0017327 -0.0061585 0.0011811
        -0.0014236 -0.0062372 0.0011811
        -0.0011109 -0.0063004 0.0011811
        -0.0007955 -0.0063480 0.0011811
        -0.0004781 -0.0063797 0.0011811
        -0.0001595 -0.0063956 0.0011811
        0.0001595 -0.0063956 0.0011811
        0.0004781 -0.0063797 0.0011811
        0.0007955 -0.0063480 0.0011811
        0.0011109 -0.0063004 0.0011811
        0.0014236 -0.0062372 0.0011811
        0.0017327 -0.0061585 0.0011811
        0.0020376 -0.0060645 0.0011811
        0.0023373 -0.0059554 0.0011811
        0.0026313 -0.0058315 0.0011811
        0.0029187 -0.0056931 0.0011811
        0.0031988 -0.0055405 0.0011811
        0.0034710 -0.0053742 0.0011811
        0.0037346 -0.0051945 0.0011811
        0.0039889 -0.0050019 0.0011811
        0.0042332 -0.0047968 0.0011811
        0.0044671 -0.0045799 0.0011811
        0.0046898 -0.0043515 0.0011811
        0.0049009 -0.0041123 0.0011811
        0.0050998 -0.0038629 0.0011811
        0.0052860 -0.0036039 0.0011811
        0.0054590 -0.0033360 0.0011811
        0.0056185 -0.0030597 0.0011811
        0.0057641 -0.0027758 0.0011811
        0.0058953 -0.0024851 0.0011811
        0.0060118 -0.0021881 0.0011811
        0.0061134 -0.0018857 0.0011811
        0.0061998 -0.0015787 0.0011811
        0.0062708 -0.0012677 0.0011811
        0.0063262 -0.0009535 0.0011811
        0.0063658 -0.0006370 0.0011811
        0.0063897 -0.0003189 0.0011811
      ] }
      coordIndex [
        129 1 0 -1
        129 2 1 -1
        130 3 2 -1
        130 2 129 -1
        131 4 3 -1
        131 3 130 -1
        132 5 4 -1
        132 4 131 -1
        133 6 5 -1
        133 5 132 -1
        134 7 6 -1
        134 6 133 -1
        135 8 7 -1
        135 7 134 -1
        136 9 8 -1
        136 8 135 -1
        137 10 9 -1
        137 9 136 -1
        138 11 10 -1
        138 10 137 -1
        139 11 138 -1
        139 12 11 -1
        140 12 139 -1
        140 13 12 -1
        141 13 140 -1
        141 14 13 -1
        142 14 141 -1
        142 15 14 -1
        143 16 15 -1
        143 15 142 -1
        144 17 16 -1
        144 16 143 -1
        145 18 17 -1
        145 17 144 -1
        146 19 18 -1
        146 18 145 -1
        147 20 19 -1
        147 19 146 -1
        148 21 20 -1
        148 20 147 -1
        149 22 21 -1
        149 21 148 -1
        150 23 22 -1
        150 22 149 -1
        151 24 23 -1
        151 23 150 -1
        152 25 24 -1
        152 24 151 -1
        153 26 25 -1
        153 25 152 -1
        154 27 26 -1
        154 26 153 -1
        155 28 27 -1
        155 27 154 -1
        156 29 28 -1
        156 28 155 -1
        157 30 29 -1
        157 29 156 -1
        158 31 30 -1
        158 30 157 -1
        159 32 31 -1
        159 31 158 -1
        160 33 32 -1
        160 32 159 -1
        161 34 33 -1
        161 33 160 -1
        162 35 34 -1
        162 34 161 -1
        163 36 35 -1
        163 35 162 -1
        164 37 36 -1
        164 36 163 -1
        165 37 164 -1
        165 38 37 -1
        166 38 165 -1
        166 39 38 -1
        167 39 166 -1
        167 40 39 -1
        168 40 167 -1
        168 41 40 -1
        169 41 168 -1
        169 42 41 -1
        170 42 169 -1
        170 43 42 -1
        171 43 170 -1
        171 44 43 -1
        172 44 171 -1
        172 45 44 -1
        173 45 172 -1
        173 46 45 -1
        174 46 173 -1
        174 47 46 -1
        175 47 174 -1
        175 48 47 -1
        176 49 48 -1
        176 48 175 -1
        177 50 49 -1
        177 49 176 -1
        178 51 50 -1
        178 52 51 -1
        178 50 177 -1
        179 52 178 -1
        180 53 52 -1
        180 54 53 -1
        180 52 179 -1
        181 54 180 -1
        182 55 54 -1
        182 54 181 -1
        183 56 55 -1
        183 55 182 -1
        184 57 56 -1
        184 56 183 -1
        185 58 57 -1
        185 57 184 -1
        186 59 58 -1
        186 58 185 -1
        187 60 59 -1
        187 59 186 -1
        188 61 60 -1
        188 60 187 -1
        189 62 61 -1
        189 61 188 -1
        190 62 189 -1
        190 63 62 -1
        191 63 190 -1
        191 64 63 -1
        192 64 191 -1
        192 65 64 -1
        192 66 65 -1
        193 66 192 -1
        194 66 193 -1
        194 67 66 -1
        194 68 67 -1
        195 68 194 -1
        196 68 195 -1
        196 69 68 -1
        197 69 196 -1
        197 70 69 -1
        197 71 70 -1
        198 71 197 -1
        199 71 198 -1
        199 72 71 -1
        199 73 72 -1
        200 73 199 -1
        201 73 200 -1
        201 74 73 -1
        201 75 74 -1
        202 75 201 -1
        203 75 202 -1
        203 76 75 -1
        203 77 76 -1
        204 77 203 -1
        205 77 204 -1
        205 78 77 -1
        205 79 78 -1
        206 79 205 -1
        206 80 79 -1
        207 80 206 -1
        208 80 207 -1
        208 81 80 -1
        208 82 81 -1
        209 82 208 -1
        210 82 209 -1
        210 83 82 -1
        210 84 83 -1
        211 84 210 -1
        212 85 84 -1
        212 86 85 -1
        212 84 211 -1
        213 86 212 -1
        214 87 86 -1
        214 88 87 -1
        214 86 213 -1
        215 88 214 -1
        216 88 215 -1
        216 89 88 -1
        216 90 89 -1
        217 90 216 -1
        218 90 217 -1
        218 91 90 -1
        218 92 91 -1
        219 92 218 -1
        220 92 219 -1
        220 93 92 -1
        220 94 93 -1
        221 94 220 -1
        221 95 94 -1
        222 95 221 -1
        223 95 222 -1
        223 96 95 -1
        224 96 223 -1
        224 97 96 -1
        225 97 224 -1
        225 98 97 -1
        225 99 98 -1
        226 99 225 -1
        227 99 226 -1
        227 100 99 -1
        228 101 100 -1
        228 100 227 -1
        229 102 101 -1
        229 103 102 -1
        229 101 228 -1
        230 103 229 -1
        231 104 103 -1
        231 103 230 -1
        232 105 104 -1
        232 104 231 -1
        233 106 105 -1
        233 105 232 -1
        234 107 106 -1
        234 106 233 -1
        235 108 107 -1
        235 109 108 -1
        235 107 234 -1
        236 109 235 -1
        237 110 109 -1
        237 109 236 -1
        238 111 110 -1
        238 112 111 -1
        238 110 237 -1
        239 112 238 -1
        240 112 239 -1
        240 113 112 -1
        241 113 240 -1
        241 114 113 -1
        242 114 241 -1
        242 115 114 -1
        242 116 115 -1
        243 116 242 -1
        244 116 243 -1
        244 117 116 -1
        245 118 117 -1
        245 117 244 -1
        246 119 118 -1
        246 120 119 -1
        246 118 245 -1
        247 120 246 -1
        248 121 120 -1
        248 122 121 -1
        248 120 247 -1
        249 122 248 -1
        250 123 122 -1
        250 124 123 -1
        250 122 249 -1
        251 125 124 -1
        251 124 250 -1
        252 125 251 -1
        253 126 125 -1
        253 125 252 -1
        128 127 126 -1
        128 126 253 -1
        383 254 255 -1
        383 255 256 -1
        384 256 257 -1
        384 383 256 -1
        385 257 258 -1
        385 384 257 -1
        386 258 259 -1
        386 385 258 -1
        387 259 260 -1
        387 386 259 -1
        388 260 261 -1
        388 387 260 -1
        389 261 262 -1
        389 388 261 -1
        390 262 263 -1
        390 389 262 -1
        391 263 264 -1
        391 390 263 -1
        392 264 265 -1
        392 391 264 -1
        393 392 265 -1
        393 265 266 -1
        394 393 266 -1
        394 266 267 -1
        395 394 267 -1
        395 267 268 -1
        396 395 268 -1
        396 268 269 -1
        397 269 270 -1
        397 396 269 -1
        398 270 271 -1
        398 397 270 -1
        399 271 272 -1
        399 398 271 -1
        400 272 273 -1
        400 399 272 -1
        401 273 274 -1
        401 400 273 -1
        402 274 275 -1
        402 401 274 -1
        403 275 276 -1
        403 402 275 -1
        404 276 277 -1
        404 403 276 -1
        405 277 278 -1
        405 404 277 -1
        406 278 279 -1
        406 405 278 -1
        407 279 280 -1
        407 406 279 -1
        408 280 281 -1
        408 407 280 -1
        409 281 282 -1
        409 408 281 -1
        410 282 283 -1
        410 409 282 -1
        411 283 284 -1
        411 410 283 -1
        412 284 285 -1
        412 411 284 -1
        413 285 286 -1
        413 412 285 -1
        414 286 287 -1
        414 413 286 -1
        415 287 288 -1
        415 414 287 -1
        416 288 289 -1
        416 415 288 -1
        417 289 290 -1
        417 416 289 -1
        418 290 291 -1
        418 417 290 -1
        419 418 291 -1
        419 291 292 -1
        420 419 292 -1
        420 292 293 -1
        421 420 293 -1
        421 293 294 -1
        422 421 294 -1
        422 294 295 -1
        423 422 295 -1
        423 295 296 -1
        424 423 296 -1
        424 296 297 -1
        425 424 297 -1
        425 297 298 -1
        426 425 298 -1
        426 298 299 -1
        427 426 299 -1
        427 299 300 -1
        428 427 300 -1
        428 300 301 -1
        429 428 301 -1
        429 301 302 -1
        430 302 303 -1
        430 429 302 -1
        431 303 304 -1
        431 430 303 -1
        432 304 305 -1
        432 305 306 -1
        432 431 304 -1
        433 432 306 -1
        434 306 307 -1
        434 307 308 -1
        434 433 306 -1
        435 434 308 -1
        436 308 309 -1
        436 435 308 -1
        437 309 310 -1
        437 436 309 -1
        438 310 311 -1
        438 437 310 -1
        439 311 312 -1
        439 438 311 -1
        440 312 313 -1
        440 439 312 -1
        441 313 314 -1
        441 440 313 -1
        442 314 315 -1
        442 441 314 -1
        443 315 316 -1
        443 442 315 -1
        444 443 316 -1
        444 316 317 -1
        445 444 317 -1
        445 317 318 -1
        446 445 318 -1
        446 318 319 -1
        446 319 320 -1
        447 446 320 -1
        448 447 320 -1
        448 320 321 -1
        448 321 322 -1
        449 448 322 -1
        450 449 322 -1
        450 322 323 -1
        451 450 323 -1
        451 323 324 -1
        451 324 325 -1
        452 451 325 -1
        453 452 325 -1
        453 325 326 -1
        453 326 327 -1
        454 453 327 -1
        455 454 327 -1
        455 327 328 -1
        455 328 329 -1
        456 455 329 -1
        457 456 329 -1
        457 329 330 -1
        457 330 331 -1
        458 457 331 -1
        459 458 331 -1
        459 331 332 -1
        459 332 333 -1
        460 459 333 -1
        460 333 334 -1
        461 460 334 -1
        462 461 334 -1
        462 334 335 -1
        462 335 336 -1
        463 462 336 -1
        464 463 336 -1
        464 336 337 -1
        464 337 338 -1
        465 464 338 -1
        466 338 339 -1
        466 339 340 -1
        466 465 338 -1
        467 466 340 -1
        468 340 341 -1
        468 341 342 -1
        468 467 340 -1
        469 468 342 -1
        470 469 342 -1
        470 342 343 -1
        470 343 344 -1
        471 470 344 -1
        472 471 344 -1
        472 344 345 -1
        472 345 346 -1
        473 472 346 -1
        474 473 346 -1
        474 346 347 -1
        474 347 348 -1
        475 474 348 -1
        475 348 349 -1
        476 475 349 -1
        477 476 349 -1
        477 349 350 -1
        478 477 350 -1
        478 350 351 -1
        479 478 351 -1
        479 351 352 -1
        479 352 353 -1
        480 479 353 -1
        481 480 353 -1
        481 353 354 -1
        482 354 355 -1
        482 481 354 -1
        483 355 356 -1
        483 356 357 -1
        483 482 355 -1
        484 483 357 -1
        485 357 358 -1
        485 484 357 -1
        486 358 359 -1
        486 485 358 -1
        487 359 360 -1
        487 486 359 -1
        488 360 361 -1
        488 487 360 -1
        489 361 362 -1
        489 362 363 -1
        489 488 361 -1
        490 489 363 -1
        491 363 364 -1
        491 490 363 -1
        492 364 365 -1
        492 365 366 -1
        492 491 364 -1
        493 492 366 -1
        494 493 366 -1
        494 366 367 -1
        495 494 367 -1
        495 367 368 -1
        496 495 368 -1
        496 368 369 -1
        496 369 370 -1
        497 496 370 -1
        498 497 370 -1
        498 370 371 -1
        499 371 372 -1
        499 498 371 -1
        500 372 373 -1
        500 373 374 -1
        500 499 372 -1
        501 500 374 -1
        502 374 375 -1
        502 375 376 -1
        502 501 374 -1
        503 502 376 -1
        504 376 377 -1
        504 377 378 -1
        504 503 376 -1
        505 378 379 -1
        505 504 378 -1
        506 505 379 -1
        507 379 380 -1
        507 506 379 -1
        382 380 381 -1
        382 507 380 -1
        712 713 587 -1
        712 587 586 -1
        714 587 713 -1
        714 588 587 -1
        711 712 586 -1
        711 586 585 -1
        715 588 714 -1
        715 589 588 -1
        710 711 585 -1
        710 585 584 -1
        716 589 715 -1
        716 590 589 -1
        709 710 584 -1
        709 584 583 -1
        717 590 716 -1
        717 591 590 -1
        708 583 582 -1
        708 709 583 -1
        718 591 717 -1
        718 592 591 -1
        707 582 581 -1
        707 708 582 -1
        719 593 592 -1
        719 592 718 -1
        706 581 580 -1
        706 707 581 -1
        720 593 719 -1
        720 594 593 -1
        705 706 580 -1
        705 580 579 -1
        721 594 720 -1
        721 595 594 -1
        704 579 578 -1
        704 705 579 -1
        722 596 595 -1
        722 595 721 -1
        703 704 578 -1
        703 578 577 -1
        723 596 722 -1
        723 597 596 -1
        702 703 577 -1
        702 577 576 -1
        724 597 723 -1
        724 598 597 -1
        701 702 576 -1
        701 576 575 -1
        725 598 724 -1
        725 599 598 -1
        700 701 575 -1
        700 575 574 -1
        726 599 725 -1
        726 600 599 -1
        699 700 574 -1
        699 574 573 -1
        727 600 726 -1
        727 601 600 -1
        698 699 573 -1
        698 573 572 -1
        728 601 727 -1
        728 602 601 -1
        697 698 572 -1
        697 572 571 -1
        729 602 728 -1
        729 603 602 -1
        696 697 571 -1
        696 571 570 -1
        730 604 603 -1
        730 603 729 -1
        695 696 570 -1
        695 570 569 -1
        731 604 730 -1
        731 605 604 -1
        694 695 569 -1
        694 569 568 -1
        732 605 731 -1
        732 606 605 -1
        693 694 568 -1
        693 568 567 -1
        733 606 732 -1
        733 607 606 -1
        692 693 567 -1
        692 567 566 -1
        734 607 733 -1
        734 608 607 -1
        691 692 566 -1
        691 566 565 -1
        735 609 608 -1
        735 608 734 -1
        690 565 564 -1
        690 691 565 -1
        736 610 609 -1
        736 609 735 -1
        689 564 563 -1
        689 690 564 -1
        737 611 610 -1
        737 610 736 -1
        688 563 562 -1
        688 689 563 -1
        738 612 611 -1
        738 611 737 -1
        687 688 562 -1
        687 562 561 -1
        739 613 612 -1
        739 612 738 -1
        686 561 560 -1
        686 687 561 -1
        740 614 613 -1
        740 613 739 -1
        685 560 559 -1
        685 686 560 -1
        741 615 614 -1
        741 614 740 -1
        684 559 558 -1
        684 685 559 -1
        742 616 615 -1
        742 615 741 -1
        683 558 557 -1
        683 684 558 -1
        743 617 616 -1
        743 616 742 -1
        682 557 556 -1
        682 683 557 -1
        744 618 617 -1
        744 617 743 -1
        555 682 556 -1
        555 681 682 -1
        619 744 745 -1
        619 618 744 -1
        554 681 555 -1
        554 680 681 -1
        620 619 745 -1
        620 745 746 -1
        553 680 554 -1
        553 679 680 -1
        621 746 747 -1
        621 620 746 -1
        552 679 553 -1
        552 678 679 -1
        622 747 748 -1
        622 748 749 -1
        622 621 747 -1
        551 676 677 -1
        551 677 678 -1
        551 678 552 -1
        623 622 749 -1
        550 676 551 -1
        624 749 750 -1
        624 623 749 -1
        549 676 550 -1
        549 675 676 -1
        625 624 750 -1
        625 750 751 -1
        548 675 549 -1
        548 674 675 -1
        626 625 751 -1
        626 751 752 -1
        547 674 548 -1
        547 673 674 -1
        627 752 753 -1
        627 626 752 -1
        546 673 547 -1
        546 672 673 -1
        628 627 753 -1
        628 753 754 -1
        628 754 755 -1
        545 671 672 -1
        545 672 546 -1
        629 628 755 -1
        544 670 671 -1
        544 671 545 -1
        630 629 755 -1
        630 755 756 -1
        543 669 670 -1
        543 670 544 -1
        631 630 756 -1
        631 756 757 -1
        542 667 668 -1
        542 668 669 -1
        542 669 543 -1
        632 757 758 -1
        632 631 757 -1
        541 667 542 -1
        633 758 759 -1
        633 632 758 -1
        540 666 667 -1
        540 667 541 -1
        508 759 634 -1
        508 633 759 -1
        539 665 666 -1
        539 666 540 -1
        509 634 635 -1
        509 635 636 -1
        509 508 634 -1
        538 665 539 -1
        538 664 665 -1
        510 509 636 -1
        537 663 664 -1
        537 664 538 -1
        511 636 637 -1
        511 510 636 -1
        536 662 663 -1
        536 663 537 -1
        512 511 637 -1
        512 637 638 -1
        512 638 639 -1
        535 662 536 -1
        535 661 662 -1
        513 512 639 -1
        534 661 535 -1
        534 660 661 -1
        514 639 640 -1
        514 513 639 -1
        533 660 534 -1
        533 659 660 -1
        515 640 641 -1
        515 641 642 -1
        515 514 640 -1
        532 659 533 -1
        532 658 659 -1
        516 515 642 -1
        531 658 532 -1
        531 657 658 -1
        517 642 643 -1
        517 516 642 -1
        530 657 531 -1
        530 656 657 -1
        518 643 644 -1
        518 517 643 -1
        529 656 530 -1
        529 655 656 -1
        519 518 644 -1
        519 644 645 -1
        528 655 529 -1
        528 654 655 -1
        520 645 646 -1
        520 646 647 -1
        520 519 645 -1
        527 654 528 -1
        527 653 654 -1
        521 520 647 -1
        526 653 527 -1
        526 652 653 -1
        522 647 648 -1
        522 521 647 -1
        525 651 652 -1
        525 652 526 -1
        523 522 648 -1
        523 648 649 -1
        524 649 650 -1
        524 650 651 -1
        524 651 525 -1
        524 523 649 -1
        964 839 965 -1
        964 838 839 -1
        966 965 839 -1
        966 839 840 -1
        963 838 964 -1
        963 837 838 -1
        967 966 840 -1
        967 840 841 -1
        962 837 963 -1
        962 836 837 -1
        968 967 841 -1
        968 841 842 -1
        961 836 962 -1
        961 835 836 -1
        969 968 842 -1
        969 842 843 -1
        960 834 835 -1
        960 835 961 -1
        970 969 843 -1
        970 843 844 -1
        959 833 834 -1
        959 834 960 -1
        971 844 845 -1
        971 970 844 -1
        958 832 833 -1
        958 833 959 -1
        972 971 845 -1
        972 845 846 -1
        957 832 958 -1
        957 831 832 -1
        973 972 846 -1
        973 846 847 -1
        956 830 831 -1
        956 831 957 -1
        974 847 848 -1
        974 973 847 -1
        955 830 956 -1
        955 829 830 -1
        975 974 848 -1
        975 848 849 -1
        954 829 955 -1
        954 828 829 -1
        976 975 849 -1
        976 849 850 -1
        953 828 954 -1
        953 827 828 -1
        977 976 850 -1
        977 850 851 -1
        952 827 953 -1
        952 826 827 -1
        978 977 851 -1
        978 851 852 -1
        951 826 952 -1
        951 825 826 -1
        979 978 852 -1
        979 852 853 -1
        950 825 951 -1
        950 824 825 -1
        980 979 853 -1
        980 853 854 -1
        949 824 950 -1
        949 823 824 -1
        981 980 854 -1
        981 854 855 -1
        948 823 949 -1
        948 822 823 -1
        982 855 856 -1
        982 981 855 -1
        947 822 948 -1
        947 821 822 -1
        983 982 856 -1
        983 856 857 -1
        946 821 947 -1
        946 820 821 -1
        984 983 857 -1
        984 857 858 -1
        945 820 946 -1
        945 819 820 -1
        985 984 858 -1
        985 858 859 -1
        944 819 945 -1
        944 818 819 -1
        986 985 859 -1
        986 859 860 -1
        943 818 944 -1
        943 817 818 -1
        987 860 861 -1
        987 986 860 -1
        942 816 817 -1
        942 817 943 -1
        988 861 862 -1
        988 987 861 -1
        941 815 816 -1
        941 816 942 -1
        989 862 863 -1
        989 988 862 -1
        940 814 815 -1
        940 815 941 -1
        990 863 864 -1
        990 989 863 -1
        939 814 940 -1
        939 813 814 -1
        991 864 865 -1
        991 990 864 -1
        938 812 813 -1
        938 813 939 -1
        992 865 866 -1
        992 991 865 -1
        937 811 812 -1
        937 812 938 -1
        993 866 867 -1
        993 992 866 -1
        936 810 811 -1
        936 811 937 -1
        994 867 868 -1
        994 993 867 -1
        935 809 810 -1
        935 810 936 -1
        995 868 869 -1
        995 994 868 -1
        934 808 809 -1
        934 809 935 -1
        996 869 870 -1
        996 995 869 -1
        807 808 934 -1
        807 934 933 -1
        871 997 996 -1
        871 996 870 -1
        806 807 933 -1
        806 933 932 -1
        872 997 871 -1
        872 998 997 -1
        805 806 932 -1
        805 932 931 -1
        873 999 998 -1
        873 998 872 -1
        804 805 931 -1
        804 931 930 -1
        874 1000 999 -1
        874 1001 1000 -1
        874 999 873 -1
        803 929 928 -1
        803 930 929 -1
        803 804 930 -1
        875 1001 874 -1
        802 803 928 -1
        876 1002 1001 -1
        876 1001 875 -1
        801 802 928 -1
        801 928 927 -1
        877 1002 876 -1
        877 1003 1002 -1
        800 801 927 -1
        800 927 926 -1
        878 1003 877 -1
        878 1004 1003 -1
        799 800 926 -1
        799 926 925 -1
        879 1005 1004 -1
        879 1004 878 -1
        798 799 925 -1
        798 925 924 -1
        880 1005 879 -1
        880 1006 1005 -1
        880 1007 1006 -1
        797 924 923 -1
        797 798 924 -1
        881 1007 880 -1
        796 923 922 -1
        796 797 923 -1
        882 1007 881 -1
        882 1008 1007 -1
        795 922 921 -1
        795 796 922 -1
        883 1008 882 -1
        883 1009 1008 -1
        794 920 919 -1
        794 921 920 -1
        794 795 921 -1
        884 1010 1009 -1
        884 1009 883 -1
        793 794 919 -1
        885 1011 1010 -1
        885 1010 884 -1
        792 919 918 -1
        792 793 919 -1
        760 886 1011 -1
        760 1011 885 -1
        791 918 917 -1
        791 792 918 -1
        761 887 886 -1
        761 888 887 -1
        761 886 760 -1
        790 791 917 -1
        790 917 916 -1
        762 888 761 -1
        789 916 915 -1
        789 790 916 -1
        763 889 888 -1
        763 888 762 -1
        788 915 914 -1
        788 789 915 -1
        764 889 763 -1
        764 890 889 -1
        764 891 890 -1
        787 788 914 -1
        787 914 913 -1
        765 891 764 -1
        786 787 913 -1
        786 913 912 -1
        766 892 891 -1
        766 891 765 -1
        785 786 912 -1
        785 912 911 -1
        767 893 892 -1
        767 894 893 -1
        767 892 766 -1
        784 785 911 -1
        784 911 910 -1
        768 894 767 -1
        783 784 910 -1
        783 910 909 -1
        769 895 894 -1
        769 894 768 -1
        782 783 909 -1
        782 909 908 -1
        770 896 895 -1
        770 895 769 -1
        781 782 908 -1
        781 908 907 -1
        771 896 770 -1
        771 897 896 -1
        780 781 907 -1
        780 907 906 -1
        772 898 897 -1
        772 899 898 -1
        772 897 771 -1
        779 780 906 -1
        779 906 905 -1
        773 899 772 -1
        778 779 905 -1
        778 905 904 -1
        774 900 899 -1
        774 899 773 -1
        777 904 903 -1
        777 778 904 -1
        775 900 774 -1
        775 901 900 -1
        776 902 901 -1
        776 903 902 -1
        776 777 903 -1
        776 901 775 -1
      ]
    }
  }
  # port_liner  material=port_black
  Shape {
    appearance Appearance {
      material Material {
        diffuseColor 0.0200 0.0200 0.0200
        specularColor 0.0500 0.0500 0.0500
        shininess 0.040
        ambientIntensity 0.080
        emissiveColor 0 0 0
        transparency 0.000
      }
    }
    geometry IndexedFaceSet {
      solid TRUE
      creaseAngle 0.9
      coord Coordinate { point [
        0.0066535 0.0000000 0.0000000
        0.0066535 0.0000000 0.0275591
        0.0066453 0.0003317 0.0275591
        0.0066205 0.0006625 0.0275591
        0.0065792 0.0009917 0.0275591
        0.0065216 0.0013184 0.0275591
        0.0064478 0.0016418 0.0275591
        0.0063579 0.0019612 0.0275591
        0.0062523 0.0022756 0.0275591
        0.0061311 0.0025845 0.0275591
        0.0059946 0.0028869 0.0275591
        0.0058433 0.0031821 0.0275591
        0.0056774 0.0034694 0.0275591
        0.0054974 0.0037481 0.0275591
        0.0053038 0.0040174 0.0275591
        0.0050969 0.0042768 0.0275591
        0.0048774 0.0045256 0.0275591
        0.0046457 0.0047631 0.0275591
        0.0044026 0.0049887 0.0275591
        0.0041484 0.0052019 0.0275591
        0.0038840 0.0054023 0.0275591
        0.0036099 0.0055891 0.0275591
        0.0033268 0.0057621 0.0275591
        0.0030354 0.0059208 0.0275591
        0.0027365 0.0060647 0.0275591
        0.0024308 0.0061936 0.0275591
        0.0021191 0.0063071 0.0275591
        0.0018020 0.0064049 0.0275591
        0.0014806 0.0064867 0.0275591
        0.0011554 0.0065525 0.0275591
        0.0008273 0.0066019 0.0275591
        0.0004972 0.0066349 0.0275591
        0.0001659 0.0066515 0.0275591
        -0.0001659 0.0066515 0.0275591
        -0.0004972 0.0066349 0.0275591
        -0.0008273 0.0066019 0.0275591
        -0.0011554 0.0065525 0.0275591
        -0.0014806 0.0064867 0.0275591
        -0.0018020 0.0064049 0.0275591
        -0.0021191 0.0063071 0.0275591
        -0.0024308 0.0061936 0.0275591
        -0.0027365 0.0060647 0.0275591
        -0.0030354 0.0059208 0.0275591
        -0.0033268 0.0057621 0.0275591
        -0.0036099 0.0055891 0.0275591
        -0.0038840 0.0054023 0.0275591
        -0.0041484 0.0052019 0.0275591
        -0.0044026 0.0049887 0.0275591
        -0.0046457 0.0047631 0.0275591
        -0.0048774 0.0045256 0.0275591
        -0.0050969 0.0042768 0.0275591
        -0.0053038 0.0040174 0.0275591
        -0.0054974 0.0037481 0.0275591
        -0.0056774 0.0034694 0.0275591
        -0.0058433 0.0031821 0.0275591
        -0.0059946 0.0028869 0.0275591
        -0.0061311 0.0025845 0.0275591
        -0.0062523 0.0022756 0.0275591
        -0.0063579 0.0019612 0.0275591
        -0.0064478 0.0016418 0.0275591
        -0.0065216 0.0013184 0.0275591
        -0.0065792 0.0009917 0.0275591
        -0.0066205 0.0006625 0.0275591
        -0.0066453 0.0003317 0.0275591
        -0.0066535 -0.0000000 0.0275591
        -0.0066453 -0.0003317 0.0275591
        -0.0066205 -0.0006625 0.0275591
        -0.0065792 -0.0009917 0.0275591
        -0.0065216 -0.0013184 0.0275591
        -0.0064478 -0.0016418 0.0275591
        -0.0063579 -0.0019612 0.0275591
        -0.0062523 -0.0022756 0.0275591
        -0.0061311 -0.0025845 0.0275591
        -0.0059946 -0.0028869 0.0275591
        -0.0058433 -0.0031821 0.0275591
        -0.0056774 -0.0034694 0.0275591
        -0.0054974 -0.0037481 0.0275591
        -0.0053038 -0.0040174 0.0275591
        -0.0050969 -0.0042768 0.0275591
        -0.0048774 -0.0045256 0.0275591
        -0.0046457 -0.0047631 0.0275591
        -0.0044026 -0.0049887 0.0275591
        -0.0041484 -0.0052019 0.0275591
        -0.0038840 -0.0054023 0.0275591
        -0.0036099 -0.0055891 0.0275591
        -0.0033268 -0.0057621 0.0275591
        -0.0030354 -0.0059208 0.0275591
        -0.0027365 -0.0060647 0.0275591
        -0.0024308 -0.0061936 0.0275591
        -0.0021191 -0.0063071 0.0275591
        -0.0018020 -0.0064049 0.0275591
        -0.0014806 -0.0064867 0.0275591
        -0.0011554 -0.0065525 0.0275591
        -0.0008273 -0.0066019 0.0275591
        -0.0004972 -0.0066349 0.0275591
        -0.0001659 -0.0066515 0.0275591
        0.0001659 -0.0066515 0.0275591
        0.0004972 -0.0066349 0.0275591
        0.0008273 -0.0066019 0.0275591
        0.0011554 -0.0065525 0.0275591
        0.0014806 -0.0064867 0.0275591
        0.0018020 -0.0064049 0.0275591
        0.0021191 -0.0063071 0.0275591
        0.0024308 -0.0061936 0.0275591
        0.0027365 -0.0060647 0.0275591
        0.0030354 -0.0059208 0.0275591
        0.0033268 -0.0057621 0.0275591
        0.0036099 -0.0055891 0.0275591
        0.0038840 -0.0054023 0.0275591
        0.0041484 -0.0052019 0.0275591
        0.0044026 -0.0049887 0.0275591
        0.0046457 -0.0047631 0.0275591
        0.0048774 -0.0045256 0.0275591
        0.0050969 -0.0042768 0.0275591
        0.0053038 -0.0040174 0.0275591
        0.0054974 -0.0037481 0.0275591
        0.0056774 -0.0034694 0.0275591
        0.0058433 -0.0031821 0.0275591
        0.0059946 -0.0028869 0.0275591
        0.0061311 -0.0025845 0.0275591
        0.0062523 -0.0022756 0.0275591
        0.0063579 -0.0019612 0.0275591
        0.0064478 -0.0016418 0.0275591
        0.0065216 -0.0013184 0.0275591
        0.0065792 -0.0009917 0.0275591
        0.0066205 -0.0006625 0.0275591
        0.0066453 -0.0003317 0.0275591
        0.0066535 0.0000000 0.0275591
        0.0066535 0.0000000 0.0000000
        0.0066453 0.0003317 0.0000000
        0.0066205 0.0006625 0.0000000
        0.0065792 0.0009917 0.0000000
        0.0065216 0.0013184 0.0000000
        0.0064478 0.0016418 0.0000000
        0.0063579 0.0019612 0.0000000
        0.0062523 0.0022756 0.0000000
        0.0061311 0.0025845 0.0000000
        0.0059946 0.0028869 0.0000000
        0.0058433 0.0031821 0.0000000
        0.0056774 0.0034694 0.0000000
        0.0054974 0.0037481 0.0000000
        0.0053038 0.0040174 0.0000000
        0.0050969 0.0042768 0.0000000
        0.0048774 0.0045256 0.0000000
        0.0046457 0.0047631 0.0000000
        0.0044026 0.0049887 0.0000000
        0.0041484 0.0052019 0.0000000
        0.0038840 0.0054023 0.0000000
        0.0036099 0.0055891 0.0000000
        0.0033268 0.0057621 0.0000000
        0.0030354 0.0059208 0.0000000
        0.0027365 0.0060647 0.0000000
        0.0024308 0.0061936 0.0000000
        0.0021191 0.0063071 0.0000000
        0.0018020 0.0064049 0.0000000
        0.0014806 0.0064867 0.0000000
        0.0011554 0.0065525 0.0000000
        0.0008273 0.0066019 0.0000000
        0.0004972 0.0066349 0.0000000
        0.0001659 0.0066515 0.0000000
        -0.0001659 0.0066515 0.0000000
        -0.0004972 0.0066349 0.0000000
        -0.0008273 0.0066019 0.0000000
        -0.0011554 0.0065525 0.0000000
        -0.0014806 0.0064867 0.0000000
        -0.0018020 0.0064049 0.0000000
        -0.0021191 0.0063071 0.0000000
        -0.0024308 0.0061936 0.0000000
        -0.0027365 0.0060647 0.0000000
        -0.0030354 0.0059208 0.0000000
        -0.0033268 0.0057621 0.0000000
        -0.0036099 0.0055891 0.0000000
        -0.0038840 0.0054023 0.0000000
        -0.0041484 0.0052019 0.0000000
        -0.0044026 0.0049887 0.0000000
        -0.0046457 0.0047631 0.0000000
        -0.0048774 0.0045256 0.0000000
        -0.0050969 0.0042768 0.0000000
        -0.0053038 0.0040174 0.0000000
        -0.0054974 0.0037481 0.0000000
        -0.0056774 0.0034694 0.0000000
        -0.0058433 0.0031821 0.0000000
        -0.0059946 0.0028869 0.0000000
        -0.0061311 0.0025845 0.0000000
        -0.0062523 0.0022756 0.0000000
        -0.0063579 0.0019612 0.0000000
        -0.0064478 0.0016418 0.0000000
        -0.0065216 0.0013184 0.0000000
        -0.0065792 0.0009917 0.0000000
        -0.0066205 0.0006625 0.0000000
        -0.0066453 0.0003317 0.0000000
        -0.0066535 -0.0000000 0.0000000
        -0.0066453 -0.0003317 0.0000000
        -0.0066205 -0.0006625 0.0000000
        -0.0065792 -0.0009917 0.0000000
        -0.0065216 -0.0013184 0.0000000
        -0.0064478 -0.0016418 0.0000000
        -0.0063579 -0.0019612 0.0000000
        -0.0062523 -0.0022756 0.0000000
        -0.0061311 -0.0025845 0.0000000
        -0.0059946 -0.0028869 0.0000000
        -0.0058433 -0.0031821 0.0000000
        -0.0056774 -0.0034694 0.0000000
        -0.0054974 -0.0037481 0.0000000
        -0.0053038 -0.0040174 0.0000000
        -0.0050969 -0.0042768 0.0000000
        -0.0048774 -0.0045256 0.0000000
        -0.0046457 -0.0047631 0.0000000
        -0.0044026 -0.0049887 0.0000000
        -0.0041484 -0.0052019 0.0000000
        -0.0038840 -0.0054023 0.0000000
        -0.0036099 -0.0055891 0.0000000
        -0.0033268 -0.0057621 0.0000000
        -0.0030354 -0.0059208 0.0000000
        -0.0027365 -0.0060647 0.0000000
        -0.0024308 -0.0061936 0.0000000
        -0.0021191 -0.0063071 0.0000000
        -0.0018020 -0.0064049 0.0000000
        -0.0014806 -0.0064867 0.0000000
        -0.0011554 -0.0065525 0.0000000
        -0.0008273 -0.0066019 0.0000000
        -0.0004972 -0.0066349 0.0000000
        -0.0001659 -0.0066515 0.0000000
        0.0001659 -0.0066515 0.0000000
        0.0004972 -0.0066349 0.0000000
        0.0008273 -0.0066019 0.0000000
        0.0011554 -0.0065525 0.0000000
        0.0014806 -0.0064867 0.0000000
        0.0018020 -0.0064049 0.0000000
        0.0021191 -0.0063071 0.0000000
        0.0024308 -0.0061936 0.0000000
        0.0027365 -0.0060647 0.0000000
        0.0030354 -0.0059208 0.0000000
        0.0033268 -0.0057621 0.0000000
        0.0036099 -0.0055891 0.0000000
        0.0038840 -0.0054023 0.0000000
        0.0041484 -0.0052019 0.0000000
        0.0044026 -0.0049887 0.0000000
        0.0046457 -0.0047631 0.0000000
        0.0048774 -0.0045256 0.0000000
        0.0050969 -0.0042768 0.0000000
        0.0053038 -0.0040174 0.0000000
        0.0054974 -0.0037481 0.0000000
        0.0056774 -0.0034694 0.0000000
        0.0058433 -0.0031821 0.0000000
        0.0059946 -0.0028869 0.0000000
        0.0061311 -0.0025845 0.0000000
        0.0062523 -0.0022756 0.0000000
        0.0063579 -0.0019612 0.0000000
        0.0064478 -0.0016418 0.0000000
        0.0065216 -0.0013184 0.0000000
        0.0065792 -0.0009917 0.0000000
        0.0066205 -0.0006625 0.0000000
        0.0066453 -0.0003317 0.0000000
        0.0057579 -0.0000000 0.0000000
        0.0057579 -0.0000000 0.0275591
        0.0057507 0.0002870 0.0275591
        0.0057293 0.0005733 0.0275591
        0.0056936 0.0008582 0.0275591
        0.0056437 0.0011409 0.0275591
        0.0055798 0.0014208 0.0275591
        0.0055021 0.0016972 0.0275591
        0.0054106 0.0019693 0.0275591
        0.0053057 0.0022366 0.0275591
        0.0051877 0.0024982 0.0275591
        0.0050567 0.0027537 0.0275591
        0.0049131 0.0030024 0.0275591
        0.0047574 0.0032435 0.0275591
        0.0045898 0.0034766 0.0275591
        0.0044108 0.0037011 0.0275591
        0.0042208 0.0039163 0.0275591
        0.0040204 0.0041219 0.0275591
        0.0038099 0.0043171 0.0275591
        0.0035900 0.0045017 0.0275591
        0.0033611 0.0046750 0.0275591
        0.0031239 0.0048368 0.0275591
        0.0028789 0.0049865 0.0275591
        0.0026268 0.0051238 0.0275591
        0.0023681 0.0052483 0.0275591
        0.0021036 0.0053599 0.0275591
        0.0018338 0.0054580 0.0275591
        0.0015595 0.0055427 0.0275591
        0.0012812 0.0056135 0.0275591
        0.0009998 0.0056704 0.0275591
        0.0007160 0.0057132 0.0275591
        0.0004303 0.0057418 0.0275591
        0.0001435 0.0057561 0.0275591
        -0.0001435 0.0057561 0.0275591
        -0.0004303 0.0057418 0.0275591
        -0.0007160 0.0057132 0.0275591
        -0.0009998 0.0056704 0.0275591
        -0.0012812 0.0056135 0.0275591
        -0.0015595 0.0055427 0.0275591
        -0.0018338 0.0054580 0.0275591
        -0.0021036 0.0053599 0.0275591
        -0.0023681 0.0052483 0.0275591
        -0.0026268 0.0051238 0.0275591
        -0.0028789 0.0049865 0.0275591
        -0.0031239 0.0048368 0.0275591
        -0.0033611 0.0046750 0.0275591
        -0.0035900 0.0045017 0.0275591
        -0.0038099 0.0043171 0.0275591
        -0.0040204 0.0041219 0.0275591
        -0.0042208 0.0039163 0.0275591
        -0.0044108 0.0037011 0.0275591
        -0.0045898 0.0034766 0.0275591
        -0.0047574 0.0032435 0.0275591
        -0.0049131 0.0030024 0.0275591
        -0.0050567 0.0027537 0.0275591
        -0.0051877 0.0024982 0.0275591
        -0.0053057 0.0022366 0.0275591
        -0.0054106 0.0019693 0.0275591
        -0.0055021 0.0016972 0.0275591
        -0.0055798 0.0014208 0.0275591
        -0.0056437 0.0011409 0.0275591
        -0.0056936 0.0008582 0.0275591
        -0.0057293 0.0005733 0.0275591
        -0.0057507 0.0002870 0.0275591
        -0.0057579 -0.0000000 0.0275591
        -0.0057507 -0.0002870 0.0275591
        -0.0057293 -0.0005733 0.0275591
        -0.0056936 -0.0008582 0.0275591
        -0.0056437 -0.0011409 0.0275591
        -0.0055798 -0.0014208 0.0275591
        -0.0055021 -0.0016972 0.0275591
        -0.0054106 -0.0019693 0.0275591
        -0.0053057 -0.0022366 0.0275591
        -0.0051877 -0.0024982 0.0275591
        -0.0050567 -0.0027537 0.0275591
        -0.0049131 -0.0030024 0.0275591
        -0.0047574 -0.0032435 0.0275591
        -0.0045898 -0.0034766 0.0275591
        -0.0044108 -0.0037011 0.0275591
        -0.0042208 -0.0039163 0.0275591
        -0.0040204 -0.0041219 0.0275591
        -0.0038099 -0.0043171 0.0275591
        -0.0035900 -0.0045017 0.0275591
        -0.0033611 -0.0046750 0.0275591
        -0.0031239 -0.0048368 0.0275591
        -0.0028789 -0.0049865 0.0275591
        -0.0026268 -0.0051238 0.0275591
        -0.0023681 -0.0052483 0.0275591
        -0.0021036 -0.0053599 0.0275591
        -0.0018338 -0.0054580 0.0275591
        -0.0015595 -0.0055427 0.0275591
        -0.0012812 -0.0056135 0.0275591
        -0.0009998 -0.0056704 0.0275591
        -0.0007160 -0.0057132 0.0275591
        -0.0004303 -0.0057418 0.0275591
        -0.0001435 -0.0057561 0.0275591
        0.0001435 -0.0057561 0.0275591
        0.0004303 -0.0057418 0.0275591
        0.0007160 -0.0057132 0.0275591
        0.0009998 -0.0056704 0.0275591
        0.0012812 -0.0056135 0.0275591
        0.0015595 -0.0055427 0.0275591
        0.0018338 -0.0054580 0.0275591
        0.0021036 -0.0053599 0.0275591
        0.0023681 -0.0052483 0.0275591
        0.0026268 -0.0051238 0.0275591
        0.0028789 -0.0049865 0.0275591
        0.0031239 -0.0048368 0.0275591
        0.0033611 -0.0046750 0.0275591
        0.0035900 -0.0045017 0.0275591
        0.0038099 -0.0043171 0.0275591
        0.0040204 -0.0041219 0.0275591
        0.0042208 -0.0039163 0.0275591
        0.0044108 -0.0037011 0.0275591
        0.0045898 -0.0034766 0.0275591
        0.0047574 -0.0032435 0.0275591
        0.0049131 -0.0030024 0.0275591
        0.0050567 -0.0027537 0.0275591
        0.0051877 -0.0024982 0.0275591
        0.0053057 -0.0022366 0.0275591
        0.0054106 -0.0019693 0.0275591
        0.0055021 -0.0016972 0.0275591
        0.0055798 -0.0014208 0.0275591
        0.0056437 -0.0011409 0.0275591
        0.0056936 -0.0008582 0.0275591
        0.0057293 -0.0005733 0.0275591
        0.0057507 -0.0002870 0.0275591
        0.0057579 -0.0000000 0.0275591
        0.0057579 -0.0000000 0.0000000
        0.0057507 0.0002870 0.0000000
        0.0057293 0.0005733 0.0000000
        0.0056936 0.0008582 0.0000000
        0.0056437 0.0011409 0.0000000
        0.0055798 0.0014208 0.0000000
        0.0055021 0.0016972 0.0000000
        0.0054106 0.0019693 0.0000000
        0.0053057 0.0022366 0.0000000
        0.0051877 0.0024982 0.0000000
        0.0050567 0.0027537 0.0000000
        0.0049131 0.0030024 0.0000000
        0.0047574 0.0032435 0.0000000
        0.0045898 0.0034766 0.0000000
        0.0044108 0.0037011 0.0000000
        0.0042208 0.0039163 0.0000000
        0.0040204 0.0041219 0.0000000
        0.0038099 0.0043171 0.0000000
        0.0035900 0.0045017 0.0000000
        0.0033611 0.0046750 0.0000000
        0.0031239 0.0048368 0.0000000
        0.0028789 0.0049865 0.0000000
        0.0026268 0.0051238 0.0000000
        0.0023681 0.0052483 0.0000000
        0.0021036 0.0053599 0.0000000
        0.0018338 0.0054580 0.0000000
        0.0015595 0.0055427 0.0000000
        0.0012812 0.0056135 0.0000000
        0.0009998 0.0056704 0.0000000
        0.0007160 0.0057132 0.0000000
        0.0004303 0.0057418 0.0000000
        0.0001435 0.0057561 0.0000000
        -0.0001435 0.0057561 0.0000000
        -0.0004303 0.0057418 0.0000000
        -0.0007160 0.0057132 0.0000000
        -0.0009998 0.0056704 0.0000000
        -0.0012812 0.0056135 0.0000000
        -0.0015595 0.0055427 0.0000000
        -0.0018338 0.0054580 0.0000000
        -0.0021036 0.0053599 0.0000000
        -0.0023681 0.0052483 0.0000000
        -0.0026268 0.0051238 0.0000000
        -0.0028789 0.0049865 0.0000000
        -0.0031239 0.0048368 0.0000000
        -0.0033611 0.0046750 0.0000000
        -0.0035900 0.0045017 0.0000000
        -0.0038099 0.0043171 0.0000000
        -0.0040204 0.0041219 0.0000000
        -0.0042208 0.0039163 0.0000000
        -0.0044108 0.0037011 0.0000000
        -0.0045898 0.0034766 0.0000000
        -0.0047574 0.0032435 0.0000000
        -0.0049131 0.0030024 0.0000000
        -0.0050567 0.0027537 0.0000000
        -0.0051877 0.0024982 0.0000000
        -0.0053057 0.0022366 0.0000000
        -0.0054106 0.0019693 0.0000000
        -0.0055021 0.0016972 0.0000000
        -0.0055798 0.0014208 0.0000000
        -0.0056437 0.0011409 0.0000000
        -0.0056936 0.0008582 0.0000000
        -0.0057293 0.0005733 0.0000000
        -0.0057507 0.0002870 0.0000000
        -0.0057579 -0.0000000 0.0000000
        -0.0057507 -0.0002870 0.0000000
        -0.0057293 -0.0005733 0.0000000
        -0.0056936 -0.0008582 0.0000000
        -0.0056437 -0.0011409 0.0000000
        -0.0055798 -0.0014208 0.0000000
        -0.0055021 -0.0016972 0.0000000
        -0.0054106 -0.0019693 0.0000000
        -0.0053057 -0.0022366 0.0000000
        -0.0051877 -0.0024982 0.0000000
        -0.0050567 -0.0027537 0.0000000
        -0.0049131 -0.0030024 0.0000000
        -0.0047574 -0.0032435 0.0000000
        -0.0045898 -0.0034766 0.0000000
        -0.0044108 -0.0037011 0.0000000
        -0.0042208 -0.0039163 0.0000000
        -0.0040204 -0.0041219 0.0000000
        -0.0038099 -0.0043171 0.0000000
        -0.0035900 -0.0045017 0.0000000
        -0.0033611 -0.0046750 0.0000000
        -0.0031239 -0.0048368 0.0000000
        -0.0028789 -0.0049865 0.0000000
        -0.0026268 -0.0051238 0.0000000
        -0.0023681 -0.0052483 0.0000000
        -0.0021036 -0.0053599 0.0000000
        -0.0018338 -0.0054580 0.0000000
        -0.0015595 -0.0055427 0.0000000
        -0.0012812 -0.0056135 0.0000000
        -0.0009998 -0.0056704 0.0000000
        -0.0007160 -0.0057132 0.0000000
        -0.0004303 -0.0057418 0.0000000
        -0.0001435 -0.0057561 0.0000000
        0.0001435 -0.0057561 0.0000000
        0.0004303 -0.0057418 0.0000000
        0.0007160 -0.0057132 0.0000000
        0.0009998 -0.0056704 0.0000000
        0.0012812 -0.0056135 0.0000000
        0.0015595 -0.0055427 0.0000000
        0.0018338 -0.0054580 0.0000000
        0.0021036 -0.0053599 0.0000000
        0.0023681 -0.0052483 0.0000000
        0.0026268 -0.0051238 0.0000000
        0.0028789 -0.0049865 0.0000000
        0.0031239 -0.0048368 0.0000000
        0.0033611 -0.0046750 0.0000000
        0.0035900 -0.0045017 0.0000000
        0.0038099 -0.0043171 0.0000000
        0.0040204 -0.0041219 0.0000000
        0.0042208 -0.0039163 0.0000000
        0.0044108 -0.0037011 0.0000000
        0.0045898 -0.0034766 0.0000000
        0.0047574 -0.0032435 0.0000000
        0.0049131 -0.0030024 0.0000000
        0.0050567 -0.0027537 0.0000000
        0.0051877 -0.0024982 0.0000000
        0.0053057 -0.0022366 0.0000000
        0.0054106 -0.0019693 0.0000000
        0.0055021 -0.0016972 0.0000000
        0.0055798 -0.0014208 0.0000000
        0.0056437 -0.0011409 0.0000000
        0.0056936 -0.0008582 0.0000000
        0.0057293 -0.0005733 0.0000000
        0.0057507 -0.0002870 0.0000000
        0.0066535 0.0000000 0.0000000
        0.0066453 0.0003317 0.0000000
        0.0066205 0.0006625 0.0000000
        0.0065792 0.0009917 0.0000000
        0.0065216 0.0013184 0.0000000
        0.0064478 0.0016418 0.0000000
        0.0063579 0.0019612 0.0000000
        0.0062523 0.0022756 0.0000000
        0.0061311 0.0025845 0.0000000
        0.0059946 0.0028869 0.0000000
        0.0058433 0.0031821 0.0000000
        0.0056774 0.0034694 0.0000000
        0.0054974 0.0037481 0.0000000
        0.0053038 0.0040174 0.0000000
        0.0050969 0.0042768 0.0000000
        0.0048774 0.0045256 0.0000000
        0.0046457 0.0047631 0.0000000
        0.0044026 0.0049887 0.0000000
        0.0041484 0.0052019 0.0000000
        0.0038840 0.0054023 0.0000000
        0.0036099 0.0055891 0.0000000
        0.0033268 0.0057621 0.0000000
        0.0030354 0.0059208 0.0000000
        0.0027365 0.0060647 0.0000000
        0.0024308 0.0061936 0.0000000
        0.0021191 0.0063071 0.0000000
        0.0018020 0.0064049 0.0000000
        0.0014806 0.0064867 0.0000000
        0.0011554 0.0065525 0.0000000
        0.0008273 0.0066019 0.0000000
        0.0004972 0.0066349 0.0000000
        0.0001659 0.0066515 0.0000000
        -0.0001659 0.0066515 0.0000000
        -0.0004972 0.0066349 0.0000000
        -0.0008273 0.0066019 0.0000000
        -0.0011554 0.0065525 0.0000000
        -0.0014806 0.0064867 0.0000000
        -0.0018020 0.0064049 0.0000000
        -0.0021191 0.0063071 0.0000000
        -0.0024308 0.0061936 0.0000000
        -0.0027365 0.0060647 0.0000000
        -0.0030354 0.0059208 0.0000000
        -0.0033268 0.0057621 0.0000000
        -0.0036099 0.0055891 0.0000000
        -0.0038840 0.0054023 0.0000000
        -0.0041484 0.0052019 0.0000000
        -0.0044026 0.0049887 0.0000000
        -0.0046457 0.0047631 0.0000000
        -0.0048774 0.0045256 0.0000000
        -0.0050969 0.0042768 0.0000000
        -0.0053038 0.0040174 0.0000000
        -0.0054974 0.0037481 0.0000000
        -0.0056774 0.0034694 0.0000000
        -0.0058433 0.0031821 0.0000000
        -0.0059946 0.0028869 0.0000000
        -0.0061311 0.0025845 0.0000000
        -0.0062523 0.0022756 0.0000000
        -0.0063579 0.0019612 0.0000000
        -0.0064478 0.0016418 0.0000000
        -0.0065216 0.0013184 0.0000000
        -0.0065792 0.0009917 0.0000000
        -0.0066205 0.0006625 0.0000000
        -0.0066453 0.0003317 0.0000000
        -0.0066535 -0.0000000 0.0000000
        -0.0066453 -0.0003317 0.0000000
        -0.0066205 -0.0006625 0.0000000
        -0.0065792 -0.0009917 0.0000000
        -0.0065216 -0.0013184 0.0000000
        -0.0064478 -0.0016418 0.0000000
        -0.0063579 -0.0019612 0.0000000
        -0.0062523 -0.0022756 0.0000000
        -0.0061311 -0.0025845 0.0000000
        -0.0059946 -0.0028869 0.0000000
        -0.0058433 -0.0031821 0.0000000
        -0.0056774 -0.0034694 0.0000000
        -0.0054974 -0.0037481 0.0000000
        -0.0053038 -0.0040174 0.0000000
        -0.0050969 -0.0042768 0.0000000
        -0.0048774 -0.0045256 0.0000000
        -0.0046457 -0.0047631 0.0000000
        -0.0044026 -0.0049887 0.0000000
        -0.0041484 -0.0052019 0.0000000
        -0.0038840 -0.0054023 0.0000000
        -0.0036099 -0.0055891 0.0000000
        -0.0033268 -0.0057621 0.0000000
        -0.0030354 -0.0059208 0.0000000
        -0.0027365 -0.0060647 0.0000000
        -0.0024308 -0.0061936 0.0000000
        -0.0021191 -0.0063071 0.0000000
        -0.0018020 -0.0064049 0.0000000
        -0.0014806 -0.0064867 0.0000000
        -0.0011554 -0.0065525 0.0000000
        -0.0008273 -0.0066019 0.0000000
        -0.0004972 -0.0066349 0.0000000
        -0.0001659 -0.0066515 0.0000000
        0.0001659 -0.0066515 0.0000000
        0.0004972 -0.0066349 0.0000000
        0.0008273 -0.0066019 0.0000000
        0.0011554 -0.0065525 0.0000000
        0.0014806 -0.0064867 0.0000000
        0.0018020 -0.0064049 0.0000000
        0.0021191 -0.0063071 0.0000000
        0.0024308 -0.0061936 0.0000000
        0.0027365 -0.0060647 0.0000000
        0.0030354 -0.0059208 0.0000000
        0.0033268 -0.0057621 0.0000000
        0.0036099 -0.0055891 0.0000000
        0.0038840 -0.0054023 0.0000000
        0.0041484 -0.0052019 0.0000000
        0.0044026 -0.0049887 0.0000000
        0.0046457 -0.0047631 0.0000000
        0.0048774 -0.0045256 0.0000000
        0.0050969 -0.0042768 0.0000000
        0.0053038 -0.0040174 0.0000000
        0.0054974 -0.0037481 0.0000000
        0.0056774 -0.0034694 0.0000000
        0.0058433 -0.0031821 0.0000000
        0.0059946 -0.0028869 0.0000000
        0.0061311 -0.0025845 0.0000000
        0.0062523 -0.0022756 0.0000000
        0.0063579 -0.0019612 0.0000000
        0.0064478 -0.0016418 0.0000000
        0.0065216 -0.0013184 0.0000000
        0.0065792 -0.0009917 0.0000000
        0.0066205 -0.0006625 0.0000000
        0.0066453 -0.0003317 0.0000000
        0.0057579 -0.0000000 0.0000000
        0.0057507 0.0002870 0.0000000
        0.0057293 0.0005733 0.0000000
        0.0056936 0.0008582 0.0000000
        0.0056437 0.0011409 0.0000000
        0.0055798 0.0014208 0.0000000
        0.0055021 0.0016972 0.0000000
        0.0054106 0.0019693 0.0000000
        0.0053057 0.0022366 0.0000000
        0.0051877 0.0024982 0.0000000
        0.0050567 0.0027537 0.0000000
        0.0049131 0.0030024 0.0000000
        0.0047574 0.0032435 0.0000000
        0.0045898 0.0034766 0.0000000
        0.0044108 0.0037011 0.0000000
        0.0042208 0.0039163 0.0000000
        0.0040204 0.0041219 0.0000000
        0.0038099 0.0043171 0.0000000
        0.0035900 0.0045017 0.0000000
        0.0033611 0.0046750 0.0000000
        0.0031239 0.0048368 0.0000000
        0.0028789 0.0049865 0.0000000
        0.0026268 0.0051238 0.0000000
        0.0023681 0.0052483 0.0000000
        0.0021036 0.0053599 0.0000000
        0.0018338 0.0054580 0.0000000
        0.0015595 0.0055427 0.0000000
        0.0012812 0.0056135 0.0000000
        0.0009998 0.0056704 0.0000000
        0.0007160 0.0057132 0.0000000
        0.0004303 0.0057418 0.0000000
        0.0001435 0.0057561 0.0000000
        -0.0001435 0.0057561 0.0000000
        -0.0004303 0.0057418 0.0000000
        -0.0007160 0.0057132 0.0000000
        -0.0009998 0.0056704 0.0000000
        -0.0012812 0.0056135 0.0000000
        -0.0015595 0.0055427 0.0000000
        -0.0018338 0.0054580 0.0000000
        -0.0021036 0.0053599 0.0000000
        -0.0023681 0.0052483 0.0000000
        -0.0026268 0.0051238 0.0000000
        -0.0028789 0.0049865 0.0000000
        -0.0031239 0.0048368 0.0000000
        -0.0033611 0.0046750 0.0000000
        -0.0035900 0.0045017 0.0000000
        -0.0038099 0.0043171 0.0000000
        -0.0040204 0.0041219 0.0000000
        -0.0042208 0.0039163 0.0000000
        -0.0044108 0.0037011 0.0000000
        -0.0045898 0.0034766 0.0000000
        -0.0047574 0.0032435 0.0000000
        -0.0049131 0.0030024 0.0000000
        -0.0050567 0.0027537 0.0000000
        -0.0051877 0.0024982 0.0000000
        -0.0053057 0.0022366 0.0000000
        -0.0054106 0.0019693 0.0000000
        -0.0055021 0.0016972 0.0000000
        -0.0055798 0.0014208 0.0000000
        -0.0056437 0.0011409 0.0000000
        -0.0056936 0.0008582 0.0000000
        -0.0057293 0.0005733 0.0000000
        -0.0057507 0.0002870 0.0000000
        -0.0057579 -0.0000000 0.0000000
        -0.0057507 -0.0002870 0.0000000
        -0.0057293 -0.0005733 0.0000000
        -0.0056936 -0.0008582 0.0000000
        -0.0056437 -0.0011409 0.0000000
        -0.0055798 -0.0014208 0.0000000
        -0.0055021 -0.0016972 0.0000000
        -0.0054106 -0.0019693 0.0000000
        -0.0053057 -0.0022366 0.0000000
        -0.0051877 -0.0024982 0.0000000
        -0.0050567 -0.0027537 0.0000000
        -0.0049131 -0.0030024 0.0000000
        -0.0047574 -0.0032435 0.0000000
        -0.0045898 -0.0034766 0.0000000
        -0.0044108 -0.0037011 0.0000000
        -0.0042208 -0.0039163 0.0000000
        -0.0040204 -0.0041219 0.0000000
        -0.0038099 -0.0043171 0.0000000
        -0.0035900 -0.0045017 0.0000000
        -0.0033611 -0.0046750 0.0000000
        -0.0031239 -0.0048368 0.0000000
        -0.0028789 -0.0049865 0.0000000
        -0.0026268 -0.0051238 0.0000000
        -0.0023681 -0.0052483 0.0000000
        -0.0021036 -0.0053599 0.0000000
        -0.0018338 -0.0054580 0.0000000
        -0.0015595 -0.0055427 0.0000000
        -0.0012812 -0.0056135 0.0000000
        -0.0009998 -0.0056704 0.0000000
        -0.0007160 -0.0057132 0.0000000
        -0.0004303 -0.0057418 0.0000000
        -0.0001435 -0.0057561 0.0000000
        0.0001435 -0.0057561 0.0000000
        0.0004303 -0.0057418 0.0000000
        0.0007160 -0.0057132 0.0000000
        0.0009998 -0.0056704 0.0000000
        0.0012812 -0.0056135 0.0000000
        0.0015595 -0.0055427 0.0000000
        0.0018338 -0.0054580 0.0000000
        0.0021036 -0.0053599 0.0000000
        0.0023681 -0.0052483 0.0000000
        0.0026268 -0.0051238 0.0000000
        0.0028789 -0.0049865 0.0000000
        0.0031239 -0.0048368 0.0000000
        0.0033611 -0.0046750 0.0000000
        0.0035900 -0.0045017 0.0000000
        0.0038099 -0.0043171 0.0000000
        0.0040204 -0.0041219 0.0000000
        0.0042208 -0.0039163 0.0000000
        0.0044108 -0.0037011 0.0000000
        0.0045898 -0.0034766 0.0000000
        0.0047574 -0.0032435 0.0000000
        0.0049131 -0.0030024 0.0000000
        0.0050567 -0.0027537 0.0000000
        0.0051877 -0.0024982 0.0000000
        0.0053057 -0.0022366 0.0000000
        0.0054106 -0.0019693 0.0000000
        0.0055021 -0.0016972 0.0000000
        0.0055798 -0.0014208 0.0000000
        0.0056437 -0.0011409 0.0000000
        0.0056936 -0.0008582 0.0000000
        0.0057293 -0.0005733 0.0000000
        0.0057507 -0.0002870 0.0000000
        0.0066535 0.0000000 0.0275591
        0.0066453 0.0003317 0.0275591
        0.0066205 0.0006625 0.0275591
        0.0065792 0.0009917 0.0275591
        0.0065216 0.0013184 0.0275591
        0.0064478 0.0016418 0.0275591
        0.0063579 0.0019612 0.0275591
        0.0062523 0.0022756 0.0275591
        0.0061311 0.0025845 0.0275591
        0.0059946 0.0028869 0.0275591
        0.0058433 0.0031821 0.0275591
        0.0056774 0.0034694 0.0275591
        0.0054974 0.0037481 0.0275591
        0.0053038 0.0040174 0.0275591
        0.0050969 0.0042768 0.0275591
        0.0048774 0.0045256 0.0275591
        0.0046457 0.0047631 0.0275591
        0.0044026 0.0049887 0.0275591
        0.0041484 0.0052019 0.0275591
        0.0038840 0.0054023 0.0275591
        0.0036099 0.0055891 0.0275591
        0.0033268 0.0057621 0.0275591
        0.0030354 0.0059208 0.0275591
        0.0027365 0.0060647 0.0275591
        0.0024308 0.0061936 0.0275591
        0.0021191 0.0063071 0.0275591
        0.0018020 0.0064049 0.0275591
        0.0014806 0.0064867 0.0275591
        0.0011554 0.0065525 0.0275591
        0.0008273 0.0066019 0.0275591
        0.0004972 0.0066349 0.0275591
        0.0001659 0.0066515 0.0275591
        -0.0001659 0.0066515 0.0275591
        -0.0004972 0.0066349 0.0275591
        -0.0008273 0.0066019 0.0275591
        -0.0011554 0.0065525 0.0275591
        -0.0014806 0.0064867 0.0275591
        -0.0018020 0.0064049 0.0275591
        -0.0021191 0.0063071 0.0275591
        -0.0024308 0.0061936 0.0275591
        -0.0027365 0.0060647 0.0275591
        -0.0030354 0.0059208 0.0275591
        -0.0033268 0.0057621 0.0275591
        -0.0036099 0.0055891 0.0275591
        -0.0038840 0.0054023 0.0275591
        -0.0041484 0.0052019 0.0275591
        -0.0044026 0.0049887 0.0275591
        -0.0046457 0.0047631 0.0275591
        -0.0048774 0.0045256 0.0275591
        -0.0050969 0.0042768 0.0275591
        -0.0053038 0.0040174 0.0275591
        -0.0054974 0.0037481 0.0275591
        -0.0056774 0.0034694 0.0275591
        -0.0058433 0.0031821 0.0275591
        -0.0059946 0.0028869 0.0275591
        -0.0061311 0.0025845 0.0275591
        -0.0062523 0.0022756 0.0275591
        -0.0063579 0.0019612 0.0275591
        -0.0064478 0.0016418 0.0275591
        -0.0065216 0.0013184 0.0275591
        -0.0065792 0.0009917 0.0275591
        -0.0066205 0.0006625 0.0275591
        -0.0066453 0.0003317 0.0275591
        -0.0066535 -0.0000000 0.0275591
        -0.0066453 -0.0003317 0.0275591
        -0.0066205 -0.0006625 0.0275591
        -0.0065792 -0.0009917 0.0275591
        -0.0065216 -0.0013184 0.0275591
        -0.0064478 -0.0016418 0.0275591
        -0.0063579 -0.0019612 0.0275591
        -0.0062523 -0.0022756 0.0275591
        -0.0061311 -0.0025845 0.0275591
        -0.0059946 -0.0028869 0.0275591
        -0.0058433 -0.0031821 0.0275591
        -0.0056774 -0.0034694 0.0275591
        -0.0054974 -0.0037481 0.0275591
        -0.0053038 -0.0040174 0.0275591
        -0.0050969 -0.0042768 0.0275591
        -0.0048774 -0.0045256 0.0275591
        -0.0046457 -0.0047631 0.0275591
        -0.0044026 -0.0049887 0.0275591
        -0.0041484 -0.0052019 0.0275591
        -0.0038840 -0.0054023 0.0275591
        -0.0036099 -0.0055891 0.0275591
        -0.0033268 -0.0057621 0.0275591
        -0.0030354 -0.0059208 0.0275591
        -0.0027365 -0.0060647 0.0275591
        -0.0024308 -0.0061936 0.0275591
        -0.0021191 -0.0063071 0.0275591
        -0.0018020 -0.0064049 0.0275591
        -0.0014806 -0.0064867 0.0275591
        -0.0011554 -0.0065525 0.0275591
        -0.0008273 -0.0066019 0.0275591
        -0.0004972 -0.0066349 0.0275591
        -0.0001659 -0.0066515 0.0275591
        0.0001659 -0.0066515 0.0275591
        0.0004972 -0.0066349 0.0275591
        0.0008273 -0.0066019 0.0275591
        0.0011554 -0.0065525 0.0275591
        0.0014806 -0.0064867 0.0275591
        0.0018020 -0.0064049 0.0275591
        0.0021191 -0.0063071 0.0275591
        0.0024308 -0.0061936 0.0275591
        0.0027365 -0.0060647 0.0275591
        0.0030354 -0.0059208 0.0275591
        0.0033268 -0.0057621 0.0275591
        0.0036099 -0.0055891 0.0275591
        0.0038840 -0.0054023 0.0275591
        0.0041484 -0.0052019 0.0275591
        0.0044026 -0.0049887 0.0275591
        0.0046457 -0.0047631 0.0275591
        0.0048774 -0.0045256 0.0275591
        0.0050969 -0.0042768 0.0275591
        0.0053038 -0.0040174 0.0275591
        0.0054974 -0.0037481 0.0275591
        0.0056774 -0.0034694 0.0275591
        0.0058433 -0.0031821 0.0275591
        0.0059946 -0.0028869 0.0275591
        0.0061311 -0.0025845 0.0275591
        0.0062523 -0.0022756 0.0275591
        0.0063579 -0.0019612 0.0275591
        0.0064478 -0.0016418 0.0275591
        0.0065216 -0.0013184 0.0275591
        0.0065792 -0.0009917 0.0275591
        0.0066205 -0.0006625 0.0275591
        0.0066453 -0.0003317 0.0275591
        0.0057579 -0.0000000 0.0275591
        0.0057507 0.0002870 0.0275591
        0.0057293 0.0005733 0.0275591
        0.0056936 0.0008582 0.0275591
        0.0056437 0.0011409 0.0275591
        0.0055798 0.0014208 0.0275591
        0.0055021 0.0016972 0.0275591
        0.0054106 0.0019693 0.0275591
        0.0053057 0.0022366 0.0275591
        0.0051877 0.0024982 0.0275591
        0.0050567 0.0027537 0.0275591
        0.0049131 0.0030024 0.0275591
        0.0047574 0.0032435 0.0275591
        0.0045898 0.0034766 0.0275591
        0.0044108 0.0037011 0.0275591
        0.0042208 0.0039163 0.0275591
        0.0040204 0.0041219 0.0275591
        0.0038099 0.0043171 0.0275591
        0.0035900 0.0045017 0.0275591
        0.0033611 0.0046750 0.0275591
        0.0031239 0.0048368 0.0275591
        0.0028789 0.0049865 0.0275591
        0.0026268 0.0051238 0.0275591
        0.0023681 0.0052483 0.0275591
        0.0021036 0.0053599 0.0275591
        0.0018338 0.0054580 0.0275591
        0.0015595 0.0055427 0.0275591
        0.0012812 0.0056135 0.0275591
        0.0009998 0.0056704 0.0275591
        0.0007160 0.0057132 0.0275591
        0.0004303 0.0057418 0.0275591
        0.0001435 0.0057561 0.0275591
        -0.0001435 0.0057561 0.0275591
        -0.0004303 0.0057418 0.0275591
        -0.0007160 0.0057132 0.0275591
        -0.0009998 0.0056704 0.0275591
        -0.0012812 0.0056135 0.0275591
        -0.0015595 0.0055427 0.0275591
        -0.0018338 0.0054580 0.0275591
        -0.0021036 0.0053599 0.0275591
        -0.0023681 0.0052483 0.0275591
        -0.0026268 0.0051238 0.0275591
        -0.0028789 0.0049865 0.0275591
        -0.0031239 0.0048368 0.0275591
        -0.0033611 0.0046750 0.0275591
        -0.0035900 0.0045017 0.0275591
        -0.0038099 0.0043171 0.0275591
        -0.0040204 0.0041219 0.0275591
        -0.0042208 0.0039163 0.0275591
        -0.0044108 0.0037011 0.0275591
        -0.0045898 0.0034766 0.0275591
        -0.0047574 0.0032435 0.0275591
        -0.0049131 0.0030024 0.0275591
        -0.0050567 0.0027537 0.0275591
        -0.0051877 0.0024982 0.0275591
        -0.0053057 0.0022366 0.0275591
        -0.0054106 0.0019693 0.0275591
        -0.0055021 0.0016972 0.0275591
        -0.0055798 0.0014208 0.0275591
        -0.0056437 0.0011409 0.0275591
        -0.0056936 0.0008582 0.0275591
        -0.0057293 0.0005733 0.0275591
        -0.0057507 0.0002870 0.0275591
        -0.0057579 -0.0000000 0.0275591
        -0.0057507 -0.0002870 0.0275591
        -0.0057293 -0.0005733 0.0275591
        -0.0056936 -0.0008582 0.0275591
        -0.0056437 -0.0011409 0.0275591
        -0.0055798 -0.0014208 0.0275591
        -0.0055021 -0.0016972 0.0275591
        -0.0054106 -0.0019693 0.0275591
        -0.0053057 -0.0022366 0.0275591
        -0.0051877 -0.0024982 0.0275591
        -0.0050567 -0.0027537 0.0275591
        -0.0049131 -0.0030024 0.0275591
        -0.0047574 -0.0032435 0.0275591
        -0.0045898 -0.0034766 0.0275591
        -0.0044108 -0.0037011 0.0275591
        -0.0042208 -0.0039163 0.0275591
        -0.0040204 -0.0041219 0.0275591
        -0.0038099 -0.0043171 0.0275591
        -0.0035900 -0.0045017 0.0275591
        -0.0033611 -0.0046750 0.0275591
        -0.0031239 -0.0048368 0.0275591
        -0.0028789 -0.0049865 0.0275591
        -0.0026268 -0.0051238 0.0275591
        -0.0023681 -0.0052483 0.0275591
        -0.0021036 -0.0053599 0.0275591
        -0.0018338 -0.0054580 0.0275591
        -0.0015595 -0.0055427 0.0275591
        -0.0012812 -0.0056135 0.0275591
        -0.0009998 -0.0056704 0.0275591
        -0.0007160 -0.0057132 0.0275591
        -0.0004303 -0.0057418 0.0275591
        -0.0001435 -0.0057561 0.0275591
        0.0001435 -0.0057561 0.0275591
        0.0004303 -0.0057418 0.0275591
        0.0007160 -0.0057132 0.0275591
        0.0009998 -0.0056704 0.0275591
        0.0012812 -0.0056135 0.0275591
        0.0015595 -0.0055427 0.0275591
        0.0018338 -0.0054580 0.0275591
        0.0021036 -0.0053599 0.0275591
        0.0023681 -0.0052483 0.0275591
        0.0026268 -0.0051238 0.0275591
        0.0028789 -0.0049865 0.0275591
        0.0031239 -0.0048368 0.0275591
        0.0033611 -0.0046750 0.0275591
        0.0035900 -0.0045017 0.0275591
        0.0038099 -0.0043171 0.0275591
        0.0040204 -0.0041219 0.0275591
        0.0042208 -0.0039163 0.0275591
        0.0044108 -0.0037011 0.0275591
        0.0045898 -0.0034766 0.0275591
        0.0047574 -0.0032435 0.0275591
        0.0049131 -0.0030024 0.0275591
        0.0050567 -0.0027537 0.0275591
        0.0051877 -0.0024982 0.0275591
        0.0053057 -0.0022366 0.0275591
        0.0054106 -0.0019693 0.0275591
        0.0055021 -0.0016972 0.0275591
        0.0055798 -0.0014208 0.0275591
        0.0056437 -0.0011409 0.0275591
        0.0056936 -0.0008582 0.0275591
        0.0057293 -0.0005733 0.0275591
        0.0057507 -0.0002870 0.0275591
      ] }
      coordIndex [
        129 1 0 -1
        129 2 1 -1
        130 3 2 -1
        130 2 129 -1
        131 4 3 -1
        131 3 130 -1
        132 5 4 -1
        132 6 5 -1
        132 4 131 -1
        133 6 132 -1
        134 7 6 -1
        134 6 133 -1
        135 8 7 -1
        135 7 134 -1
        136 9 8 -1
        136 8 135 -1
        137 10 9 -1
        137 9 136 -1
        138 11 10 -1
        138 10 137 -1
        139 11 138 -1
        139 12 11 -1
        140 12 139 -1
        140 13 12 -1
        141 13 140 -1
        141 14 13 -1
        142 14 141 -1
        142 15 14 -1
        142 16 15 -1
        143 16 142 -1
        144 16 143 -1
        144 17 16 -1
        144 18 17 -1
        145 18 144 -1
        146 19 18 -1
        146 18 145 -1
        147 20 19 -1
        147 19 146 -1
        148 21 20 -1
        148 20 147 -1
        149 22 21 -1
        149 23 22 -1
        149 21 148 -1
        150 23 149 -1
        151 24 23 -1
        151 23 150 -1
        152 25 24 -1
        152 26 25 -1
        152 24 151 -1
        153 27 26 -1
        153 26 152 -1
        154 28 27 -1
        154 27 153 -1
        155 29 28 -1
        155 28 154 -1
        156 30 29 -1
        156 29 155 -1
        157 30 156 -1
        158 31 30 -1
        158 30 157 -1
        159 32 31 -1
        159 33 32 -1
        159 31 158 -1
        160 33 159 -1
        161 34 33 -1
        161 33 160 -1
        162 35 34 -1
        162 36 35 -1
        162 34 161 -1
        163 36 162 -1
        164 36 163 -1
        164 37 36 -1
        165 38 37 -1
        165 37 164 -1
        166 38 165 -1
        166 39 38 -1
        167 39 166 -1
        167 40 39 -1
        168 40 167 -1
        168 41 40 -1
        169 41 168 -1
        169 42 41 -1
        170 42 169 -1
        170 43 42 -1
        171 43 170 -1
        171 44 43 -1
        171 45 44 -1
        172 45 171 -1
        173 45 172 -1
        173 46 45 -1
        174 46 173 -1
        174 47 46 -1
        174 48 47 -1
        175 48 174 -1
        176 48 175 -1
        176 49 48 -1
        177 49 176 -1
        177 50 49 -1
        178 51 50 -1
        178 50 177 -1
        179 52 51 -1
        179 53 52 -1
        179 51 178 -1
        180 53 179 -1
        181 54 53 -1
        181 53 180 -1
        182 55 54 -1
        182 54 181 -1
        183 56 55 -1
        183 55 182 -1
        184 57 56 -1
        184 56 183 -1
        185 58 57 -1
        185 57 184 -1
        186 59 58 -1
        186 58 185 -1
        187 60 59 -1
        187 59 186 -1
        188 61 60 -1
        188 60 187 -1
        189 62 61 -1
        189 61 188 -1
        190 62 189 -1
        190 63 62 -1
        191 63 190 -1
        191 64 63 -1
        191 65 64 -1
        192 65 191 -1
        193 65 192 -1
        193 66 65 -1
        194 66 193 -1
        194 67 66 -1
        195 67 194 -1
        195 68 67 -1
        196 68 195 -1
        196 69 68 -1
        197 69 196 -1
        197 70 69 -1
        198 70 197 -1
        198 71 70 -1
        198 72 71 -1
        199 72 198 -1
        200 72 199 -1
        200 73 72 -1
        201 73 200 -1
        201 74 73 -1
        202 74 201 -1
        202 75 74 -1
        203 75 202 -1
        203 76 75 -1
        204 76 203 -1
        204 77 76 -1
        205 77 204 -1
        205 78 77 -1
        206 78 205 -1
        206 79 78 -1
        207 79 206 -1
        207 80 79 -1
        208 80 207 -1
        208 81 80 -1
        209 81 208 -1
        209 82 81 -1
        210 82 209 -1
        210 83 82 -1
        211 84 83 -1
        211 83 210 -1
        212 85 84 -1
        212 84 211 -1
        213 86 85 -1
        213 85 212 -1
        214 87 86 -1
        214 86 213 -1
        215 88 87 -1
        215 87 214 -1
        216 88 215 -1
        216 89 88 -1
        217 89 216 -1
        217 90 89 -1
        218 90 217 -1
        218 91 90 -1
        219 91 218 -1
        219 92 91 -1
        220 92 219 -1
        220 93 92 -1
        221 93 220 -1
        221 94 93 -1
        222 94 221 -1
        222 95 94 -1
        223 95 222 -1
        223 96 95 -1
        224 96 223 -1
        224 97 96 -1
        225 97 224 -1
        225 98 97 -1
        226 98 225 -1
        226 99 98 -1
        226 100 99 -1
        227 100 226 -1
        228 101 100 -1
        228 100 227 -1
        229 102 101 -1
        229 101 228 -1
        230 103 102 -1
        230 102 229 -1
        231 104 103 -1
        231 103 230 -1
        232 105 104 -1
        232 104 231 -1
        233 106 105 -1
        233 105 232 -1
        234 107 106 -1
        234 106 233 -1
        235 108 107 -1
        235 107 234 -1
        236 109 108 -1
        236 108 235 -1
        237 110 109 -1
        237 109 236 -1
        238 111 110 -1
        238 110 237 -1
        239 112 111 -1
        239 111 238 -1
        240 113 112 -1
        240 112 239 -1
        241 113 240 -1
        241 114 113 -1
        242 114 241 -1
        242 115 114 -1
        243 115 242 -1
        243 116 115 -1
        244 116 243 -1
        244 117 116 -1
        245 118 117 -1
        245 117 244 -1
        246 119 118 -1
        246 120 119 -1
        246 118 245 -1
        247 120 246 -1
        248 121 120 -1
        248 120 247 -1
        249 122 121 -1
        249 121 248 -1
        250 123 122 -1
        250 122 249 -1
        251 124 123 -1
        251 123 250 -1
        252 125 124 -1
        252 126 125 -1
        252 124 251 -1
        253 126 252 -1
        128 127 126 -1
        128 126 253 -1
        383 254 255 -1
        383 255 256 -1
        384 256 257 -1
        384 383 256 -1
        385 257 258 -1
        385 384 257 -1
        386 258 259 -1
        386 259 260 -1
        386 385 258 -1
        387 386 260 -1
        388 260 261 -1
        388 387 260 -1
        389 261 262 -1
        389 388 261 -1
        390 262 263 -1
        390 389 262 -1
        391 263 264 -1
        391 390 263 -1
        392 264 265 -1
        392 391 264 -1
        393 392 265 -1
        393 265 266 -1
        394 393 266 -1
        394 266 267 -1
        395 394 267 -1
        395 267 268 -1
        396 395 268 -1
        396 268 269 -1
        396 269 270 -1
        397 396 270 -1
        398 397 270 -1
        398 270 271 -1
        398 271 272 -1
        399 398 272 -1
        400 272 273 -1
        400 399 272 -1
        401 273 274 -1
        401 400 273 -1
        402 274 275 -1
        402 401 274 -1
        403 275 276 -1
        403 276 277 -1
        403 402 275 -1
        404 403 277 -1
        405 277 278 -1
        405 404 277 -1
        406 278 279 -1
        406 279 280 -1
        406 405 278 -1
        407 280 281 -1
        407 406 280 -1
        408 281 282 -1
        408 407 281 -1
        409 282 283 -1
        409 408 282 -1
        410 283 284 -1
        410 409 283 -1
        411 410 284 -1
        412 284 285 -1
        412 411 284 -1
        413 285 286 -1
        413 286 287 -1
        413 412 285 -1
        414 413 287 -1
        415 287 288 -1
        415 414 287 -1
        416 288 289 -1
        416 289 290 -1
        416 415 288 -1
        417 416 290 -1
        418 417 290 -1
        418 290 291 -1
        419 291 292 -1
        419 418 291 -1
        420 419 292 -1
        420 292 293 -1
        421 420 293 -1
        421 293 294 -1
        422 421 294 -1
        422 294 295 -1
        423 422 295 -1
        423 295 296 -1
        424 423 296 -1
        424 296 297 -1
        425 424 297 -1
        425 297 298 -1
        425 298 299 -1
        426 425 299 -1
        427 426 299 -1
        427 299 300 -1
        428 427 300 -1
        428 300 301 -1
        428 301 302 -1
        429 428 302 -1
        430 429 302 -1
        430 302 303 -1
        431 430 303 -1
        431 303 304 -1
        432 304 305 -1
        432 431 304 -1
        433 305 306 -1
        433 306 307 -1
        433 432 305 -1
        434 433 307 -1
        435 307 308 -1
        435 434 307 -1
        436 308 309 -1
        436 435 308 -1
        437 309 310 -1
        437 436 309 -1
        438 310 311 -1
        438 437 310 -1
        439 311 312 -1
        439 438 311 -1
        440 312 313 -1
        440 439 312 -1
        441 313 314 -1
        441 440 313 -1
        442 314 315 -1
        442 441 314 -1
        443 315 316 -1
        443 442 315 -1
        444 443 316 -1
        444 316 317 -1
        445 444 317 -1
        445 317 318 -1
        445 318 319 -1
        446 445 319 -1
        447 446 319 -1
        447 319 320 -1
        448 447 320 -1
        448 320 321 -1
        449 448 321 -1
        449 321 322 -1
        450 449 322 -1
        450 322 323 -1
        451 450 323 -1
        451 323 324 -1
        452 451 324 -1
        452 324 325 -1
        452 325 326 -1
        453 452 326 -1
        454 453 326 -1
        454 326 327 -1
        455 454 327 -1
        455 327 328 -1
        456 455 328 -1
        456 328 329 -1
        457 456 329 -1
        457 329 330 -1
        458 457 330 -1
        458 330 331 -1
        459 458 331 -1
        459 331 332 -1
        460 459 332 -1
        460 332 333 -1
        461 460 333 -1
        461 333 334 -1
        462 461 334 -1
        462 334 335 -1
        463 462 335 -1
        463 335 336 -1
        464 463 336 -1
        464 336 337 -1
        465 337 338 -1
        465 464 337 -1
        466 338 339 -1
        466 465 338 -1
        467 339 340 -1
        467 466 339 -1
        468 340 341 -1
        468 467 340 -1
        469 341 342 -1
        469 468 341 -1
        470 469 342 -1
        470 342 343 -1
        471 470 343 -1
        471 343 344 -1
        472 471 344 -1
        472 344 345 -1
        473 472 345 -1
        473 345 346 -1
        474 473 346 -1
        474 346 347 -1
        475 474 347 -1
        475 347 348 -1
        476 475 348 -1
        476 348 349 -1
        477 476 349 -1
        477 349 350 -1
        478 477 350 -1
        478 350 351 -1
        479 478 351 -1
        479 351 352 -1
        480 479 352 -1
        480 352 353 -1
        480 353 354 -1
        481 480 354 -1
        482 354 355 -1
        482 481 354 -1
        483 355 356 -1
        483 482 355 -1
        484 356 357 -1
        484 483 356 -1
        485 357 358 -1
        485 484 357 -1
        486 358 359 -1
        486 485 358 -1
        487 359 360 -1
        487 486 359 -1
        488 360 361 -1
        488 487 360 -1
        489 361 362 -1
        489 488 361 -1
        490 362 363 -1
        490 489 362 -1
        491 363 364 -1
        491 490 363 -1
        492 364 365 -1
        492 491 364 -1
        493 365 366 -1
        493 492 365 -1
        494 366 367 -1
        494 493 366 -1
        495 494 367 -1
        495 367 368 -1
        496 495 368 -1
        496 368 369 -1
        497 496 369 -1
        497 369 370 -1
        498 497 370 -1
        498 370 371 -1
        499 371 372 -1
        499 498 371 -1
        500 372 373 -1
        500 373 374 -1
        500 499 372 -1
        501 500 374 -1
        502 374 375 -1
        502 501 374 -1
        503 375 376 -1
        503 502 375 -1
        504 376 377 -1
        504 503 376 -1
        505 377 378 -1
        505 504 377 -1
        506 378 379 -1
        506 379 380 -1
        506 505 378 -1
        507 506 380 -1
        382 380 381 -1
        382 507 380 -1
        712 587 586 -1
        712 713 587 -1
        714 588 587 -1
        714 587 713 -1
        711 586 585 -1
        711 712 586 -1
        715 589 588 -1
        715 588 714 -1
        710 711 585 -1
        710 585 584 -1
        716 590 589 -1
        716 589 715 -1
        709 710 584 -1
        709 584 583 -1
        717 590 716 -1
        717 591 590 -1
        708 709 583 -1
        708 583 582 -1
        718 592 591 -1
        718 591 717 -1
        707 708 582 -1
        707 582 581 -1
        719 592 718 -1
        719 593 592 -1
        706 707 581 -1
        706 581 580 -1
        720 593 719 -1
        720 594 593 -1
        705 706 580 -1
        705 580 579 -1
        721 594 720 -1
        721 595 594 -1
        721 596 595 -1
        704 705 579 -1
        704 579 578 -1
        722 596 721 -1
        703 704 578 -1
        703 578 577 -1
        723 596 722 -1
        723 597 596 -1
        702 703 577 -1
        702 577 576 -1
        724 597 723 -1
        724 598 597 -1
        701 702 576 -1
        701 576 575 -1
        725 598 724 -1
        725 599 598 -1
        700 575 574 -1
        700 701 575 -1
        726 599 725 -1
        726 600 599 -1
        699 700 574 -1
        699 574 573 -1
        727 600 726 -1
        727 601 600 -1
        698 699 573 -1
        698 573 572 -1
        728 601 727 -1
        728 602 601 -1
        697 572 571 -1
        697 698 572 -1
        729 602 728 -1
        729 603 602 -1
        696 571 570 -1
        696 697 571 -1
        730 603 729 -1
        730 604 603 -1
        695 570 569 -1
        695 696 570 -1
        731 604 730 -1
        731 605 604 -1
        694 569 568 -1
        694 695 569 -1
        732 605 731 -1
        732 606 605 -1
        732 607 606 -1
        693 694 568 -1
        693 568 567 -1
        733 607 732 -1
        692 693 567 -1
        692 567 566 -1
        734 607 733 -1
        734 608 607 -1
        691 692 566 -1
        691 566 565 -1
        735 609 608 -1
        735 608 734 -1
        690 691 565 -1
        690 565 564 -1
        736 610 609 -1
        736 609 735 -1
        689 690 564 -1
        689 564 563 -1
        737 611 610 -1
        737 610 736 -1
        688 689 563 -1
        688 563 562 -1
        738 612 611 -1
        738 611 737 -1
        687 688 562 -1
        687 562 561 -1
        739 613 612 -1
        739 612 738 -1
        686 687 561 -1
        686 561 560 -1
        740 614 613 -1
        740 613 739 -1
        685 560 559 -1
        685 686 560 -1
        741 615 614 -1
        741 614 740 -1
        684 559 558 -1
        684 685 559 -1
        742 616 615 -1
        742 615 741 -1
        683 558 557 -1
        683 684 558 -1
        743 617 616 -1
        743 616 742 -1
        682 557 556 -1
        682 683 557 -1
        744 618 617 -1
        744 617 743 -1
        555 682 556 -1
        555 681 682 -1
        619 618 744 -1
        619 744 745 -1
        554 681 555 -1
        554 680 681 -1
        620 619 745 -1
        620 745 746 -1
        553 680 554 -1
        553 679 680 -1
        621 620 746 -1
        621 746 747 -1
        748 621 747 -1
        552 679 553 -1
        552 678 679 -1
        622 621 748 -1
        551 677 678 -1
        551 678 552 -1
        623 622 748 -1
        623 748 749 -1
        550 676 677 -1
        550 677 551 -1
        624 749 750 -1
        624 623 749 -1
        549 676 550 -1
        549 675 676 -1
        625 750 751 -1
        625 624 750 -1
        548 675 549 -1
        548 674 675 -1
        626 751 752 -1
        626 625 751 -1
        547 673 674 -1
        547 674 548 -1
        627 752 753 -1
        627 626 752 -1
        546 672 673 -1
        546 673 547 -1
        628 753 754 -1
        628 627 753 -1
        545 671 672 -1
        545 672 546 -1
        629 754 755 -1
        629 628 754 -1
        544 671 545 -1
        544 670 671 -1
        630 755 756 -1
        630 629 755 -1
        543 670 544 -1
        543 669 670 -1
        631 756 757 -1
        631 757 758 -1
        631 630 756 -1
        542 669 543 -1
        542 668 669 -1
        632 631 758 -1
        541 668 542 -1
        541 667 668 -1
        633 632 758 -1
        633 758 759 -1
        540 667 541 -1
        540 666 667 -1
        508 633 759 -1
        508 759 634 -1
        539 666 540 -1
        539 665 666 -1
        509 634 635 -1
        509 508 634 -1
        538 665 539 -1
        538 664 665 -1
        510 509 635 -1
        510 635 636 -1
        510 636 637 -1
        537 663 664 -1
        537 664 538 -1
        511 510 637 -1
        536 662 663 -1
        536 663 537 -1
        512 637 638 -1
        512 511 637 -1
        535 662 536 -1
        535 661 662 -1
        513 638 639 -1
        513 512 638 -1
        534 660 661 -1
        534 661 535 -1
        514 639 640 -1
        514 513 639 -1
        533 660 534 -1
        533 659 660 -1
        515 640 641 -1
        515 641 642 -1
        515 514 640 -1
        532 659 533 -1
        532 658 659 -1
        516 515 642 -1
        531 658 532 -1
        531 657 658 -1
        517 516 642 -1
        517 642 643 -1
        530 657 531 -1
        530 656 657 -1
        518 643 644 -1
        518 517 643 -1
        529 656 530 -1
        529 655 656 -1
        519 518 644 -1
        519 644 645 -1
        528 655 529 -1
        528 654 655 -1
        520 645 646 -1
        520 646 647 -1
        520 519 645 -1
        527 654 528 -1
        527 653 654 -1
        521 520 647 -1
        526 653 527 -1
        526 652 653 -1
        522 647 648 -1
        522 521 647 -1
        525 651 652 -1
        525 652 526 -1
        523 522 648 -1
        523 648 649 -1
        523 649 650 -1
        524 523 650 -1
        524 650 651 -1
        524 651 525 -1
        964 838 839 -1
        964 839 965 -1
        966 839 840 -1
        966 965 839 -1
        963 837 838 -1
        963 838 964 -1
        967 840 841 -1
        967 966 840 -1
        962 837 963 -1
        962 836 837 -1
        968 841 842 -1
        968 967 841 -1
        961 836 962 -1
        961 835 836 -1
        969 968 842 -1
        969 842 843 -1
        960 835 961 -1
        960 834 835 -1
        970 843 844 -1
        970 969 843 -1
        959 834 960 -1
        959 833 834 -1
        971 970 844 -1
        971 844 845 -1
        958 833 959 -1
        958 832 833 -1
        972 971 845 -1
        972 845 846 -1
        957 832 958 -1
        957 831 832 -1
        973 972 846 -1
        973 846 847 -1
        973 847 848 -1
        956 831 957 -1
        956 830 831 -1
        974 973 848 -1
        955 830 956 -1
        955 829 830 -1
        975 974 848 -1
        975 848 849 -1
        954 829 955 -1
        954 828 829 -1
        976 975 849 -1
        976 849 850 -1
        953 828 954 -1
        953 827 828 -1
        977 976 850 -1
        977 850 851 -1
        952 826 827 -1
        952 827 953 -1
        978 977 851 -1
        978 851 852 -1
        951 826 952 -1
        951 825 826 -1
        979 978 852 -1
        979 852 853 -1
        950 825 951 -1
        950 824 825 -1
        980 979 853 -1
        980 853 854 -1
        949 823 824 -1
        949 824 950 -1
        981 980 854 -1
        981 854 855 -1
        948 822 823 -1
        948 823 949 -1
        982 981 855 -1
        982 855 856 -1
        947 821 822 -1
        947 822 948 -1
        983 982 856 -1
        983 856 857 -1
        946 820 821 -1
        946 821 947 -1
        984 983 857 -1
        984 857 858 -1
        984 858 859 -1
        945 820 946 -1
        945 819 820 -1
        985 984 859 -1
        944 819 945 -1
        944 818 819 -1
        986 985 859 -1
        986 859 860 -1
        943 818 944 -1
        943 817 818 -1
        987 860 861 -1
        987 986 860 -1
        942 817 943 -1
        942 816 817 -1
        988 861 862 -1
        988 987 861 -1
        941 816 942 -1
        941 815 816 -1
        989 862 863 -1
        989 988 862 -1
        940 815 941 -1
        940 814 815 -1
        990 863 864 -1
        990 989 863 -1
        939 814 940 -1
        939 813 814 -1
        991 864 865 -1
        991 990 864 -1
        938 813 939 -1
        938 812 813 -1
        992 865 866 -1
        992 991 865 -1
        937 811 812 -1
        937 812 938 -1
        993 866 867 -1
        993 992 866 -1
        936 810 811 -1
        936 811 937 -1
        994 867 868 -1
        994 993 867 -1
        935 809 810 -1
        935 810 936 -1
        995 868 869 -1
        995 994 868 -1
        934 808 809 -1
        934 809 935 -1
        996 869 870 -1
        996 995 869 -1
        807 808 934 -1
        807 934 933 -1
        871 996 870 -1
        871 997 996 -1
        806 807 933 -1
        806 933 932 -1
        872 997 871 -1
        872 998 997 -1
        805 806 932 -1
        805 932 931 -1
        873 998 872 -1
        873 999 998 -1
        1000 999 873 -1
        804 805 931 -1
        804 931 930 -1
        874 1000 873 -1
        803 930 929 -1
        803 804 930 -1
        875 1000 874 -1
        875 1001 1000 -1
        802 929 928 -1
        802 803 929 -1
        876 1002 1001 -1
        876 1001 875 -1
        801 802 928 -1
        801 928 927 -1
        877 1003 1002 -1
        877 1002 876 -1
        800 801 927 -1
        800 927 926 -1
        878 1004 1003 -1
        878 1003 877 -1
        799 926 925 -1
        799 800 926 -1
        879 1005 1004 -1
        879 1004 878 -1
        798 925 924 -1
        798 799 925 -1
        880 1006 1005 -1
        880 1005 879 -1
        797 924 923 -1
        797 798 924 -1
        881 1007 1006 -1
        881 1006 880 -1
        796 797 923 -1
        796 923 922 -1
        882 1008 1007 -1
        882 1007 881 -1
        795 796 922 -1
        795 922 921 -1
        883 1009 1008 -1
        883 1010 1009 -1
        883 1008 882 -1
        794 795 921 -1
        794 921 920 -1
        884 1010 883 -1
        793 794 920 -1
        793 920 919 -1
        885 1010 884 -1
        885 1011 1010 -1
        792 793 919 -1
        792 919 918 -1
        760 1011 885 -1
        760 886 1011 -1
        791 792 918 -1
        791 918 917 -1
        761 887 886 -1
        761 886 760 -1
        790 791 917 -1
        790 917 916 -1
        762 887 761 -1
        762 888 887 -1
        762 889 888 -1
        789 916 915 -1
        789 790 916 -1
        763 889 762 -1
        788 915 914 -1
        788 789 915 -1
        764 890 889 -1
        764 889 763 -1
        787 788 914 -1
        787 914 913 -1
        765 891 890 -1
        765 890 764 -1
        786 913 912 -1
        786 787 913 -1
        766 892 891 -1
        766 891 765 -1
        785 786 912 -1
        785 912 911 -1
        767 893 892 -1
        767 894 893 -1
        767 892 766 -1
        784 785 911 -1
        784 911 910 -1
        768 894 767 -1
        783 784 910 -1
        783 910 909 -1
        769 894 768 -1
        769 895 894 -1
        782 783 909 -1
        782 909 908 -1
        770 896 895 -1
        770 895 769 -1
        781 782 908 -1
        781 908 907 -1
        771 896 770 -1
        771 897 896 -1
        780 781 907 -1
        780 907 906 -1
        772 898 897 -1
        772 899 898 -1
        772 897 771 -1
        779 780 906 -1
        779 906 905 -1
        773 899 772 -1
        778 779 905 -1
        778 905 904 -1
        774 900 899 -1
        774 899 773 -1
        777 904 903 -1
        777 778 904 -1
        775 900 774 -1
        775 901 900 -1
        775 902 901 -1
        776 902 775 -1
        776 903 902 -1
        776 777 903 -1
      ]
    }
  }
  # port_floor  material=port_black
  Shape {
    appearance Appearance {
      material Material {
        diffuseColor 0.0200 0.0200 0.0200
        specularColor 0.0500 0.0500 0.0500
        shininess 0.040
        ambientIntensity 0.080
        emissiveColor 0 0 0
        transparency 0.000
      }
    }
    geometry IndexedFaceSet {
      solid TRUE
      creaseAngle 0.9
      coord Coordinate { point [
        0.0062697 0.0000000 0.0273622
        0.0062697 0.0000000 0.0279528
        0.0062619 0.0003125 0.0279528
        0.0062385 0.0006243 0.0279528
        0.0061997 0.0009344 0.0279528
        0.0061454 0.0012423 0.0279528
        0.0060758 0.0015471 0.0279528
        0.0059911 0.0018480 0.0279528
        0.0058916 0.0021444 0.0279528
        0.0057774 0.0024354 0.0279528
        0.0056488 0.0027203 0.0279528
        0.0055062 0.0029985 0.0279528
        0.0053499 0.0032692 0.0279528
        0.0051803 0.0035318 0.0279528
        0.0049978 0.0037857 0.0279528
        0.0048029 0.0040301 0.0279528
        0.0045960 0.0042645 0.0279528
        0.0043777 0.0044883 0.0279528
        0.0041486 0.0047009 0.0279528
        0.0039091 0.0049018 0.0279528
        0.0036599 0.0050906 0.0279528
        0.0034016 0.0052667 0.0279528
        0.0031348 0.0054297 0.0279528
        0.0028603 0.0055792 0.0279528
        0.0025786 0.0057149 0.0279528
        0.0022906 0.0058363 0.0279528
        0.0019968 0.0059432 0.0279528
        0.0016981 0.0060354 0.0279528
        0.0013951 0.0061125 0.0279528
        0.0010887 0.0061744 0.0279528
        0.0007796 0.0062210 0.0279528
        0.0004685 0.0062522 0.0279528
        0.0001563 0.0062677 0.0279528
        -0.0001563 0.0062677 0.0279528
        -0.0004685 0.0062522 0.0279528
        -0.0007796 0.0062210 0.0279528
        -0.0010887 0.0061744 0.0279528
        -0.0013951 0.0061125 0.0279528
        -0.0016981 0.0060354 0.0279528
        -0.0019968 0.0059432 0.0279528
        -0.0022906 0.0058363 0.0279528
        -0.0025786 0.0057149 0.0279528
        -0.0028603 0.0055792 0.0279528
        -0.0031348 0.0054297 0.0279528
        -0.0034016 0.0052667 0.0279528
        -0.0036599 0.0050906 0.0279528
        -0.0039091 0.0049018 0.0279528
        -0.0041486 0.0047009 0.0279528
        -0.0043777 0.0044883 0.0279528
        -0.0045960 0.0042645 0.0279528
        -0.0048029 0.0040301 0.0279528
        -0.0049978 0.0037857 0.0279528
        -0.0051803 0.0035318 0.0279528
        -0.0053499 0.0032692 0.0279528
        -0.0055062 0.0029985 0.0279528
        -0.0056488 0.0027203 0.0279528
        -0.0057774 0.0024354 0.0279528
        -0.0058916 0.0021444 0.0279528
        -0.0059911 0.0018480 0.0279528
        -0.0060758 0.0015471 0.0279528
        -0.0061454 0.0012423 0.0279528
        -0.0061997 0.0009344 0.0279528
        -0.0062385 0.0006243 0.0279528
        -0.0062619 0.0003125 0.0279528
        -0.0062697 -0.0000000 0.0279528
        -0.0062619 -0.0003125 0.0279528
        -0.0062385 -0.0006243 0.0279528
        -0.0061997 -0.0009344 0.0279528
        -0.0061454 -0.0012423 0.0279528
        -0.0060758 -0.0015471 0.0279528
        -0.0059911 -0.0018480 0.0279528
        -0.0058916 -0.0021444 0.0279528
        -0.0057774 -0.0024354 0.0279528
        -0.0056488 -0.0027203 0.0279528
        -0.0055062 -0.0029985 0.0279528
        -0.0053499 -0.0032692 0.0279528
        -0.0051803 -0.0035318 0.0279528
        -0.0049978 -0.0037857 0.0279528
        -0.0048029 -0.0040301 0.0279528
        -0.0045960 -0.0042645 0.0279528
        -0.0043777 -0.0044883 0.0279528
        -0.0041486 -0.0047009 0.0279528
        -0.0039091 -0.0049018 0.0279528
        -0.0036599 -0.0050906 0.0279528
        -0.0034016 -0.0052667 0.0279528
        -0.0031348 -0.0054297 0.0279528
        -0.0028603 -0.0055792 0.0279528
        -0.0025786 -0.0057149 0.0279528
        -0.0022906 -0.0058363 0.0279528
        -0.0019968 -0.0059432 0.0279528
        -0.0016981 -0.0060354 0.0279528
        -0.0013951 -0.0061125 0.0279528
        -0.0010887 -0.0061744 0.0279528
        -0.0007796 -0.0062210 0.0279528
        -0.0004685 -0.0062522 0.0279528
        -0.0001563 -0.0062677 0.0279528
        0.0001563 -0.0062677 0.0279528
        0.0004685 -0.0062522 0.0279528
        0.0007796 -0.0062210 0.0279528
        0.0010887 -0.0061744 0.0279528
        0.0013951 -0.0061125 0.0279528
        0.0016981 -0.0060354 0.0279528
        0.0019968 -0.0059432 0.0279528
        0.0022906 -0.0058363 0.0279528
        0.0025786 -0.0057149 0.0279528
        0.0028603 -0.0055792 0.0279528
        0.0031348 -0.0054297 0.0279528
        0.0034016 -0.0052667 0.0279528
        0.0036599 -0.0050906 0.0279528
        0.0039091 -0.0049018 0.0279528
        0.0041486 -0.0047009 0.0279528
        0.0043777 -0.0044883 0.0279528
        0.0045960 -0.0042645 0.0279528
        0.0048029 -0.0040301 0.0279528
        0.0049978 -0.0037857 0.0279528
        0.0051803 -0.0035318 0.0279528
        0.0053499 -0.0032692 0.0279528
        0.0055062 -0.0029985 0.0279528
        0.0056488 -0.0027203 0.0279528
        0.0057774 -0.0024354 0.0279528
        0.0058916 -0.0021444 0.0279528
        0.0059911 -0.0018480 0.0279528
        0.0060758 -0.0015471 0.0279528
        0.0061454 -0.0012423 0.0279528
        0.0061997 -0.0009344 0.0279528
        0.0062385 -0.0006243 0.0279528
        0.0062619 -0.0003125 0.0279528
        0.0062697 0.0000000 0.0279528
        0.0062697 0.0000000 0.0273622
        0.0062619 0.0003125 0.0273622
        0.0062385 0.0006243 0.0273622
        0.0061997 0.0009344 0.0273622
        0.0061454 0.0012423 0.0273622
        0.0060758 0.0015471 0.0273622
        0.0059911 0.0018480 0.0273622
        0.0058916 0.0021444 0.0273622
        0.0057774 0.0024354 0.0273622
        0.0056488 0.0027203 0.0273622
        0.0055062 0.0029985 0.0273622
        0.0053499 0.0032692 0.0273622
        0.0051803 0.0035318 0.0273622
        0.0049978 0.0037857 0.0273622
        0.0048029 0.0040301 0.0273622
        0.0045960 0.0042645 0.0273622
        0.0043777 0.0044883 0.0273622
        0.0041486 0.0047009 0.0273622
        0.0039091 0.0049018 0.0273622
        0.0036599 0.0050906 0.0273622
        0.0034016 0.0052667 0.0273622
        0.0031348 0.0054297 0.0273622
        0.0028603 0.0055792 0.0273622
        0.0025786 0.0057149 0.0273622
        0.0022906 0.0058363 0.0273622
        0.0019968 0.0059432 0.0273622
        0.0016981 0.0060354 0.0273622
        0.0013951 0.0061125 0.0273622
        0.0010887 0.0061744 0.0273622
        0.0007796 0.0062210 0.0273622
        0.0004685 0.0062522 0.0273622
        0.0001563 0.0062677 0.0273622
        -0.0001563 0.0062677 0.0273622
        -0.0004685 0.0062522 0.0273622
        -0.0007796 0.0062210 0.0273622
        -0.0010887 0.0061744 0.0273622
        -0.0013951 0.0061125 0.0273622
        -0.0016981 0.0060354 0.0273622
        -0.0019968 0.0059432 0.0273622
        -0.0022906 0.0058363 0.0273622
        -0.0025786 0.0057149 0.0273622
        -0.0028603 0.0055792 0.0273622
        -0.0031348 0.0054297 0.0273622
        -0.0034016 0.0052667 0.0273622
        -0.0036599 0.0050906 0.0273622
        -0.0039091 0.0049018 0.0273622
        -0.0041486 0.0047009 0.0273622
        -0.0043777 0.0044883 0.0273622
        -0.0045960 0.0042645 0.0273622
        -0.0048029 0.0040301 0.0273622
        -0.0049978 0.0037857 0.0273622
        -0.0051803 0.0035318 0.0273622
        -0.0053499 0.0032692 0.0273622
        -0.0055062 0.0029985 0.0273622
        -0.0056488 0.0027203 0.0273622
        -0.0057774 0.0024354 0.0273622
        -0.0058916 0.0021444 0.0273622
        -0.0059911 0.0018480 0.0273622
        -0.0060758 0.0015471 0.0273622
        -0.0061454 0.0012423 0.0273622
        -0.0061997 0.0009344 0.0273622
        -0.0062385 0.0006243 0.0273622
        -0.0062619 0.0003125 0.0273622
        -0.0062697 -0.0000000 0.0273622
        -0.0062619 -0.0003125 0.0273622
        -0.0062385 -0.0006243 0.0273622
        -0.0061997 -0.0009344 0.0273622
        -0.0061454 -0.0012423 0.0273622
        -0.0060758 -0.0015471 0.0273622
        -0.0059911 -0.0018480 0.0273622
        -0.0058916 -0.0021444 0.0273622
        -0.0057774 -0.0024354 0.0273622
        -0.0056488 -0.0027203 0.0273622
        -0.0055062 -0.0029985 0.0273622
        -0.0053499 -0.0032692 0.0273622
        -0.0051803 -0.0035318 0.0273622
        -0.0049978 -0.0037857 0.0273622
        -0.0048029 -0.0040301 0.0273622
        -0.0045960 -0.0042645 0.0273622
        -0.0043777 -0.0044883 0.0273622
        -0.0041486 -0.0047009 0.0273622
        -0.0039091 -0.0049018 0.0273622
        -0.0036599 -0.0050906 0.0273622
        -0.0034016 -0.0052667 0.0273622
        -0.0031348 -0.0054297 0.0273622
        -0.0028603 -0.0055792 0.0273622
        -0.0025786 -0.0057149 0.0273622
        -0.0022906 -0.0058363 0.0273622
        -0.0019968 -0.0059432 0.0273622
        -0.0016981 -0.0060354 0.0273622
        -0.0013951 -0.0061125 0.0273622
        -0.0010887 -0.0061744 0.0273622
        -0.0007796 -0.0062210 0.0273622
        -0.0004685 -0.0062522 0.0273622
        -0.0001563 -0.0062677 0.0273622
        0.0001563 -0.0062677 0.0273622
        0.0004685 -0.0062522 0.0273622
        0.0007796 -0.0062210 0.0273622
        0.0010887 -0.0061744 0.0273622
        0.0013951 -0.0061125 0.0273622
        0.0016981 -0.0060354 0.0273622
        0.0019968 -0.0059432 0.0273622
        0.0022906 -0.0058363 0.0273622
        0.0025786 -0.0057149 0.0273622
        0.0028603 -0.0055792 0.0273622
        0.0031348 -0.0054297 0.0273622
        0.0034016 -0.0052667 0.0273622
        0.0036599 -0.0050906 0.0273622
        0.0039091 -0.0049018 0.0273622
        0.0041486 -0.0047009 0.0273622
        0.0043777 -0.0044883 0.0273622
        0.0045960 -0.0042645 0.0273622
        0.0048029 -0.0040301 0.0273622
        0.0049978 -0.0037857 0.0273622
        0.0051803 -0.0035318 0.0273622
        0.0053499 -0.0032692 0.0273622
        0.0055062 -0.0029985 0.0273622
        0.0056488 -0.0027203 0.0273622
        0.0057774 -0.0024354 0.0273622
        0.0058916 -0.0021444 0.0273622
        0.0059911 -0.0018480 0.0273622
        0.0060758 -0.0015471 0.0273622
        0.0061454 -0.0012423 0.0273622
        0.0061997 -0.0009344 0.0273622
        0.0062385 -0.0006243 0.0273622
        0.0062619 -0.0003125 0.0273622
        0.0062697 0.0000000 0.0273622
        0.0062619 0.0003125 0.0273622
        0.0062385 0.0006243 0.0273622
        0.0061997 0.0009344 0.0273622
        0.0061454 0.0012423 0.0273622
        0.0060758 0.0015471 0.0273622
        0.0059911 0.0018480 0.0273622
        0.0058916 0.0021444 0.0273622
        0.0057774 0.0024354 0.0273622
        0.0056488 0.0027203 0.0273622
        0.0055062 0.0029985 0.0273622
        0.0053499 0.0032692 0.0273622
        0.0051803 0.0035318 0.0273622
        0.0049978 0.0037857 0.0273622
        0.0048029 0.0040301 0.0273622
        0.0045960 0.0042645 0.0273622
        0.0043777 0.0044883 0.0273622
        0.0041486 0.0047009 0.0273622
        0.0039091 0.0049018 0.0273622
        0.0036599 0.0050906 0.0273622
        0.0034016 0.0052667 0.0273622
        0.0031348 0.0054297 0.0273622
        0.0028603 0.0055792 0.0273622
        0.0025786 0.0057149 0.0273622
        0.0022906 0.0058363 0.0273622
        0.0019968 0.0059432 0.0273622
        0.0016981 0.0060354 0.0273622
        0.0013951 0.0061125 0.0273622
        0.0010887 0.0061744 0.0273622
        0.0007796 0.0062210 0.0273622
        0.0004685 0.0062522 0.0273622
        0.0001563 0.0062677 0.0273622
        -0.0001563 0.0062677 0.0273622
        -0.0004685 0.0062522 0.0273622
        -0.0007796 0.0062210 0.0273622
        -0.0010887 0.0061744 0.0273622
        -0.0013951 0.0061125 0.0273622
        -0.0016981 0.0060354 0.0273622
        -0.0019968 0.0059432 0.0273622
        -0.0022906 0.0058363 0.0273622
        -0.0025786 0.0057149 0.0273622
        -0.0028603 0.0055792 0.0273622
        -0.0031348 0.0054297 0.0273622
        -0.0034016 0.0052667 0.0273622
        -0.0036599 0.0050906 0.0273622
        -0.0039091 0.0049018 0.0273622
        -0.0041486 0.0047009 0.0273622
        -0.0043777 0.0044883 0.0273622
        -0.0045960 0.0042645 0.0273622
        -0.0048029 0.0040301 0.0273622
        -0.0049978 0.0037857 0.0273622
        -0.0051803 0.0035318 0.0273622
        -0.0053499 0.0032692 0.0273622
        -0.0055062 0.0029985 0.0273622
        -0.0056488 0.0027203 0.0273622
        -0.0057774 0.0024354 0.0273622
        -0.0058916 0.0021444 0.0273622
        -0.0059911 0.0018480 0.0273622
        -0.0060758 0.0015471 0.0273622
        -0.0061454 0.0012423 0.0273622
        -0.0061997 0.0009344 0.0273622
        -0.0062385 0.0006243 0.0273622
        -0.0062619 0.0003125 0.0273622
        -0.0062697 -0.0000000 0.0273622
        -0.0062619 -0.0003125 0.0273622
        -0.0062385 -0.0006243 0.0273622
        -0.0061997 -0.0009344 0.0273622
        -0.0061454 -0.0012423 0.0273622
        -0.0060758 -0.0015471 0.0273622
        -0.0059911 -0.0018480 0.0273622
        -0.0058916 -0.0021444 0.0273622
        -0.0057774 -0.0024354 0.0273622
        -0.0056488 -0.0027203 0.0273622
        -0.0055062 -0.0029985 0.0273622
        -0.0053499 -0.0032692 0.0273622
        -0.0051803 -0.0035318 0.0273622
        -0.0049978 -0.0037857 0.0273622
        -0.0048029 -0.0040301 0.0273622
        -0.0045960 -0.0042645 0.0273622
        -0.0043777 -0.0044883 0.0273622
        -0.0041486 -0.0047009 0.0273622
        -0.0039091 -0.0049018 0.0273622
        -0.0036599 -0.0050906 0.0273622
        -0.0034016 -0.0052667 0.0273622
        -0.0031348 -0.0054297 0.0273622
        -0.0028603 -0.0055792 0.0273622
        -0.0025786 -0.0057149 0.0273622
        -0.0022906 -0.0058363 0.0273622
        -0.0019968 -0.0059432 0.0273622
        -0.0016981 -0.0060354 0.0273622
        -0.0013951 -0.0061125 0.0273622
        -0.0010887 -0.0061744 0.0273622
        -0.0007796 -0.0062210 0.0273622
        -0.0004685 -0.0062522 0.0273622
        -0.0001563 -0.0062677 0.0273622
        0.0001563 -0.0062677 0.0273622
        0.0004685 -0.0062522 0.0273622
        0.0007796 -0.0062210 0.0273622
        0.0010887 -0.0061744 0.0273622
        0.0013951 -0.0061125 0.0273622
        0.0016981 -0.0060354 0.0273622
        0.0019968 -0.0059432 0.0273622
        0.0022906 -0.0058363 0.0273622
        0.0025786 -0.0057149 0.0273622
        0.0028603 -0.0055792 0.0273622
        0.0031348 -0.0054297 0.0273622
        0.0034016 -0.0052667 0.0273622
        0.0036599 -0.0050906 0.0273622
        0.0039091 -0.0049018 0.0273622
        0.0041486 -0.0047009 0.0273622
        0.0043777 -0.0044883 0.0273622
        0.0045960 -0.0042645 0.0273622
        0.0048029 -0.0040301 0.0273622
        0.0049978 -0.0037857 0.0273622
        0.0051803 -0.0035318 0.0273622
        0.0053499 -0.0032692 0.0273622
        0.0055062 -0.0029985 0.0273622
        0.0056488 -0.0027203 0.0273622
        0.0057774 -0.0024354 0.0273622
        0.0058916 -0.0021444 0.0273622
        0.0059911 -0.0018480 0.0273622
        0.0060758 -0.0015471 0.0273622
        0.0061454 -0.0012423 0.0273622
        0.0061997 -0.0009344 0.0273622
        0.0062385 -0.0006243 0.0273622
        0.0062619 -0.0003125 0.0273622
        0.0062697 0.0000000 0.0279528
        0.0062619 0.0003125 0.0279528
        0.0062385 0.0006243 0.0279528
        0.0061997 0.0009344 0.0279528
        0.0061454 0.0012423 0.0279528
        0.0060758 0.0015471 0.0279528
        0.0059911 0.0018480 0.0279528
        0.0058916 0.0021444 0.0279528
        0.0057774 0.0024354 0.0279528
        0.0056488 0.0027203 0.0279528
        0.0055062 0.0029985 0.0279528
        0.0053499 0.0032692 0.0279528
        0.0051803 0.0035318 0.0279528
        0.0049978 0.0037857 0.0279528
        0.0048029 0.0040301 0.0279528
        0.0045960 0.0042645 0.0279528
        0.0043777 0.0044883 0.0279528
        0.0041486 0.0047009 0.0279528
        0.0039091 0.0049018 0.0279528
        0.0036599 0.0050906 0.0279528
        0.0034016 0.0052667 0.0279528
        0.0031348 0.0054297 0.0279528
        0.0028603 0.0055792 0.0279528
        0.0025786 0.0057149 0.0279528
        0.0022906 0.0058363 0.0279528
        0.0019968 0.0059432 0.0279528
        0.0016981 0.0060354 0.0279528
        0.0013951 0.0061125 0.0279528
        0.0010887 0.0061744 0.0279528
        0.0007796 0.0062210 0.0279528
        0.0004685 0.0062522 0.0279528
        0.0001563 0.0062677 0.0279528
        -0.0001563 0.0062677 0.0279528
        -0.0004685 0.0062522 0.0279528
        -0.0007796 0.0062210 0.0279528
        -0.0010887 0.0061744 0.0279528
        -0.0013951 0.0061125 0.0279528
        -0.0016981 0.0060354 0.0279528
        -0.0019968 0.0059432 0.0279528
        -0.0022906 0.0058363 0.0279528
        -0.0025786 0.0057149 0.0279528
        -0.0028603 0.0055792 0.0279528
        -0.0031348 0.0054297 0.0279528
        -0.0034016 0.0052667 0.0279528
        -0.0036599 0.0050906 0.0279528
        -0.0039091 0.0049018 0.0279528
        -0.0041486 0.0047009 0.0279528
        -0.0043777 0.0044883 0.0279528
        -0.0045960 0.0042645 0.0279528
        -0.0048029 0.0040301 0.0279528
        -0.0049978 0.0037857 0.0279528
        -0.0051803 0.0035318 0.0279528
        -0.0053499 0.0032692 0.0279528
        -0.0055062 0.0029985 0.0279528
        -0.0056488 0.0027203 0.0279528
        -0.0057774 0.0024354 0.0279528
        -0.0058916 0.0021444 0.0279528
        -0.0059911 0.0018480 0.0279528
        -0.0060758 0.0015471 0.0279528
        -0.0061454 0.0012423 0.0279528
        -0.0061997 0.0009344 0.0279528
        -0.0062385 0.0006243 0.0279528
        -0.0062619 0.0003125 0.0279528
        -0.0062697 -0.0000000 0.0279528
        -0.0062619 -0.0003125 0.0279528
        -0.0062385 -0.0006243 0.0279528
        -0.0061997 -0.0009344 0.0279528
        -0.0061454 -0.0012423 0.0279528
        -0.0060758 -0.0015471 0.0279528
        -0.0059911 -0.0018480 0.0279528
        -0.0058916 -0.0021444 0.0279528
        -0.0057774 -0.0024354 0.0279528
        -0.0056488 -0.0027203 0.0279528
        -0.0055062 -0.0029985 0.0279528
        -0.0053499 -0.0032692 0.0279528
        -0.0051803 -0.0035318 0.0279528
        -0.0049978 -0.0037857 0.0279528
        -0.0048029 -0.0040301 0.0279528
        -0.0045960 -0.0042645 0.0279528
        -0.0043777 -0.0044883 0.0279528
        -0.0041486 -0.0047009 0.0279528
        -0.0039091 -0.0049018 0.0279528
        -0.0036599 -0.0050906 0.0279528
        -0.0034016 -0.0052667 0.0279528
        -0.0031348 -0.0054297 0.0279528
        -0.0028603 -0.0055792 0.0279528
        -0.0025786 -0.0057149 0.0279528
        -0.0022906 -0.0058363 0.0279528
        -0.0019968 -0.0059432 0.0279528
        -0.0016981 -0.0060354 0.0279528
        -0.0013951 -0.0061125 0.0279528
        -0.0010887 -0.0061744 0.0279528
        -0.0007796 -0.0062210 0.0279528
        -0.0004685 -0.0062522 0.0279528
        -0.0001563 -0.0062677 0.0279528
        0.0001563 -0.0062677 0.0279528
        0.0004685 -0.0062522 0.0279528
        0.0007796 -0.0062210 0.0279528
        0.0010887 -0.0061744 0.0279528
        0.0013951 -0.0061125 0.0279528
        0.0016981 -0.0060354 0.0279528
        0.0019968 -0.0059432 0.0279528
        0.0022906 -0.0058363 0.0279528
        0.0025786 -0.0057149 0.0279528
        0.0028603 -0.0055792 0.0279528
        0.0031348 -0.0054297 0.0279528
        0.0034016 -0.0052667 0.0279528
        0.0036599 -0.0050906 0.0279528
        0.0039091 -0.0049018 0.0279528
        0.0041486 -0.0047009 0.0279528
        0.0043777 -0.0044883 0.0279528
        0.0045960 -0.0042645 0.0279528
        0.0048029 -0.0040301 0.0279528
        0.0049978 -0.0037857 0.0279528
        0.0051803 -0.0035318 0.0279528
        0.0053499 -0.0032692 0.0279528
        0.0055062 -0.0029985 0.0279528
        0.0056488 -0.0027203 0.0279528
        0.0057774 -0.0024354 0.0279528
        0.0058916 -0.0021444 0.0279528
        0.0059911 -0.0018480 0.0279528
        0.0060758 -0.0015471 0.0279528
        0.0061454 -0.0012423 0.0279528
        0.0061997 -0.0009344 0.0279528
        0.0062385 -0.0006243 0.0279528
        0.0062619 -0.0003125 0.0279528
      ] }
      coordIndex [
        129 1 0 -1
        129 2 1 -1
        130 3 2 -1
        130 2 129 -1
        131 4 3 -1
        131 3 130 -1
        132 5 4 -1
        132 4 131 -1
        133 6 5 -1
        133 5 132 -1
        134 7 6 -1
        134 6 133 -1
        135 8 7 -1
        135 7 134 -1
        136 9 8 -1
        136 8 135 -1
        137 10 9 -1
        137 9 136 -1
        138 11 10 -1
        138 10 137 -1
        139 11 138 -1
        139 12 11 -1
        140 12 139 -1
        140 13 12 -1
        141 13 140 -1
        141 14 13 -1
        142 14 141 -1
        142 15 14 -1
        143 16 15 -1
        143 15 142 -1
        144 17 16 -1
        144 16 143 -1
        145 18 17 -1
        145 17 144 -1
        146 19 18 -1
        146 18 145 -1
        147 20 19 -1
        147 19 146 -1
        148 21 20 -1
        148 20 147 -1
        149 22 21 -1
        149 21 148 -1
        150 23 22 -1
        150 22 149 -1
        151 24 23 -1
        151 23 150 -1
        152 25 24 -1
        152 24 151 -1
        153 26 25 -1
        153 25 152 -1
        154 27 26 -1
        154 26 153 -1
        155 28 27 -1
        155 27 154 -1
        156 29 28 -1
        156 28 155 -1
        157 30 29 -1
        157 29 156 -1
        158 31 30 -1
        158 30 157 -1
        159 32 31 -1
        159 31 158 -1
        160 33 32 -1
        160 32 159 -1
        161 34 33 -1
        161 33 160 -1
        162 35 34 -1
        162 34 161 -1
        163 36 35 -1
        163 35 162 -1
        164 37 36 -1
        164 36 163 -1
        165 37 164 -1
        165 38 37 -1
        166 38 165 -1
        166 39 38 -1
        167 39 166 -1
        167 40 39 -1
        168 40 167 -1
        168 41 40 -1
        169 41 168 -1
        169 42 41 -1
        170 42 169 -1
        170 43 42 -1
        171 43 170 -1
        171 44 43 -1
        172 44 171 -1
        172 45 44 -1
        173 45 172 -1
        173 46 45 -1
        174 46 173 -1
        174 47 46 -1
        175 47 174 -1
        175 48 47 -1
        176 49 48 -1
        176 48 175 -1
        177 50 49 -1
        177 49 176 -1
        178 51 50 -1
        178 50 177 -1
        179 52 51 -1
        179 51 178 -1
        180 53 52 -1
        180 52 179 -1
        181 54 53 -1
        181 53 180 -1
        182 55 54 -1
        182 54 181 -1
        183 56 55 -1
        183 55 182 -1
        184 57 56 -1
        184 58 57 -1
        184 56 183 -1
        185 58 184 -1
        186 59 58 -1
        186 58 185 -1
        187 60 59 -1
        187 61 60 -1
        187 59 186 -1
        188 61 187 -1
        189 62 61 -1
        189 61 188 -1
        190 62 189 -1
        190 63 62 -1
        191 63 190 -1
        191 64 63 -1
        192 64 191 -1
        192 65 64 -1
        193 65 192 -1
        193 66 65 -1
        194 66 193 -1
        194 67 66 -1
        195 67 194 -1
        195 68 67 -1
        196 68 195 -1
        196 69 68 -1
        197 69 196 -1
        197 70 69 -1
        197 71 70 -1
        198 71 197 -1
        199 71 198 -1
        199 72 71 -1
        199 73 72 -1
        200 73 199 -1
        201 73 200 -1
        201 74 73 -1
        201 75 74 -1
        202 75 201 -1
        203 75 202 -1
        203 76 75 -1
        203 77 76 -1
        204 77 203 -1
        205 77 204 -1
        205 78 77 -1
        205 79 78 -1
        206 79 205 -1
        207 79 206 -1
        207 80 79 -1
        207 81 80 -1
        208 81 207 -1
        208 82 81 -1
        209 82 208 -1
        210 82 209 -1
        210 83 82 -1
        210 84 83 -1
        211 84 210 -1
        212 85 84 -1
        212 86 85 -1
        212 84 211 -1
        213 86 212 -1
        214 87 86 -1
        214 88 87 -1
        214 86 213 -1
        215 88 214 -1
        216 88 215 -1
        216 89 88 -1
        216 90 89 -1
        217 90 216 -1
        218 90 217 -1
        218 91 90 -1
        218 92 91 -1
        219 92 218 -1
        220 92 219 -1
        220 93 92 -1
        220 94 93 -1
        221 94 220 -1
        222 94 221 -1
        222 95 94 -1
        222 96 95 -1
        223 96 222 -1
        224 96 223 -1
        224 97 96 -1
        225 97 224 -1
        225 98 97 -1
        225 99 98 -1
        226 99 225 -1
        227 99 226 -1
        227 100 99 -1
        228 101 100 -1
        228 100 227 -1
        229 102 101 -1
        229 101 228 -1
        230 103 102 -1
        230 102 229 -1
        231 104 103 -1
        231 103 230 -1
        232 105 104 -1
        232 104 231 -1
        233 106 105 -1
        233 105 232 -1
        234 107 106 -1
        234 106 233 -1
        235 108 107 -1
        235 107 234 -1
        236 109 108 -1
        236 108 235 -1
        237 110 109 -1
        237 111 110 -1
        237 109 236 -1
        238 111 237 -1
        239 112 111 -1
        239 111 238 -1
        240 113 112 -1
        240 114 113 -1
        240 112 239 -1
        241 114 240 -1
        242 114 241 -1
        242 115 114 -1
        242 116 115 -1
        243 116 242 -1
        244 116 243 -1
        244 117 116 -1
        244 118 117 -1
        245 118 244 -1
        246 119 118 -1
        246 120 119 -1
        246 118 245 -1
        247 120 246 -1
        248 121 120 -1
        248 120 247 -1
        249 122 121 -1
        249 121 248 -1
        250 123 122 -1
        250 124 123 -1
        250 122 249 -1
        251 124 250 -1
        252 125 124 -1
        252 126 125 -1
        252 124 251 -1
        253 126 252 -1
        128 127 126 -1
        128 126 253 -1
        263 259 258 -1
        263 262 261 -1
        263 261 259 -1
        276 278 277 -1
        265 264 263 -1
        274 276 275 -1
        270 255 254 -1
        270 256 255 -1
        270 257 256 -1
        270 258 257 -1
        270 266 265 -1
        270 267 266 -1
        270 268 267 -1
        270 269 268 -1
        270 272 271 -1
        270 273 272 -1
        270 274 273 -1
        270 279 278 -1
        270 280 279 -1
        270 281 280 -1
        270 282 281 -1
        270 283 282 -1
        270 284 283 -1
        270 285 284 -1
        270 286 285 -1
        270 287 286 -1
        270 288 287 -1
        270 289 288 -1
        270 290 289 -1
        270 291 290 -1
        270 292 291 -1
        270 293 292 -1
        270 294 293 -1
        270 295 294 -1
        270 296 295 -1
        270 297 296 -1
        270 298 297 -1
        270 299 298 -1
        270 300 299 -1
        270 301 300 -1
        270 302 301 -1
        270 303 302 -1
        270 306 305 -1
        270 307 306 -1
        270 308 307 -1
        270 309 308 -1
        270 310 309 -1
        270 311 310 -1
        270 312 311 -1
        270 313 312 -1
        270 314 313 -1
        270 315 314 -1
        270 316 315 -1
        270 317 316 -1
        270 318 317 -1
        270 319 318 -1
        270 320 319 -1
        270 321 320 -1
        270 322 321 -1
        270 323 322 -1
        270 324 323 -1
        270 325 324 -1
        270 326 325 -1
        303 305 304 -1
        270 327 326 -1
        270 328 327 -1
        270 329 328 -1
        270 330 329 -1
        270 331 330 -1
        270 332 331 -1
        270 333 332 -1
        270 334 333 -1
        270 335 334 -1
        270 336 335 -1
        270 337 336 -1
        270 338 337 -1
        270 339 338 -1
        270 340 339 -1
        270 341 340 -1
        270 342 341 -1
        270 343 342 -1
        270 344 343 -1
        270 345 344 -1
        270 346 345 -1
        270 347 346 -1
        270 348 347 -1
        270 349 348 -1
        270 350 349 -1
        270 351 350 -1
        270 352 351 -1
        270 353 352 -1
        270 354 353 -1
        270 355 354 -1
        270 356 355 -1
        270 357 356 -1
        270 358 357 -1
        270 359 358 -1
        270 360 359 -1
        270 361 360 -1
        270 372 370 -1
        270 254 376 -1
        270 276 274 -1
        270 365 361 -1
        270 305 303 -1
        270 370 365 -1
        270 376 372 -1
        270 278 276 -1
        270 263 258 -1
        270 265 263 -1
        365 362 361 -1
        365 363 362 -1
        365 364 363 -1
        369 368 367 -1
        370 366 365 -1
        370 367 366 -1
        370 369 367 -1
        372 371 370 -1
        376 373 372 -1
        376 374 373 -1
        376 375 374 -1
        379 378 377 -1
        254 377 376 -1
        254 379 377 -1
        261 260 259 -1
        389 384 385 -1
        389 387 388 -1
        389 385 387 -1
        402 403 404 -1
        391 389 390 -1
        400 401 402 -1
        396 380 381 -1
        396 381 382 -1
        396 382 383 -1
        396 383 384 -1
        396 391 392 -1
        396 392 393 -1
        396 393 394 -1
        396 394 395 -1
        396 397 398 -1
        396 398 399 -1
        396 399 400 -1
        396 404 405 -1
        396 405 406 -1
        396 406 407 -1
        396 407 408 -1
        396 408 409 -1
        396 409 410 -1
        396 410 411 -1
        396 411 412 -1
        396 412 413 -1
        396 413 414 -1
        396 414 415 -1
        396 415 416 -1
        396 416 417 -1
        396 417 418 -1
        396 418 419 -1
        396 419 420 -1
        396 420 421 -1
        396 421 422 -1
        396 422 423 -1
        396 423 424 -1
        396 424 425 -1
        396 425 426 -1
        396 426 427 -1
        396 427 428 -1
        396 428 429 -1
        396 431 432 -1
        396 432 433 -1
        396 433 434 -1
        396 434 435 -1
        396 435 436 -1
        396 436 437 -1
        396 437 438 -1
        396 438 439 -1
        396 439 440 -1
        396 440 441 -1
        396 441 442 -1
        396 442 443 -1
        396 443 444 -1
        396 444 445 -1
        396 445 446 -1
        396 446 447 -1
        396 447 448 -1
        396 448 449 -1
        396 449 450 -1
        396 450 451 -1
        396 451 452 -1
        429 430 431 -1
        396 452 453 -1
        396 453 454 -1
        396 454 455 -1
        396 455 456 -1
        396 456 457 -1
        396 457 458 -1
        396 458 459 -1
        396 459 460 -1
        396 460 461 -1
        396 461 462 -1
        396 462 463 -1
        396 463 464 -1
        396 464 465 -1
        396 465 466 -1
        396 466 467 -1
        396 467 468 -1
        396 468 469 -1
        396 469 470 -1
        396 470 471 -1
        396 471 472 -1
        396 472 473 -1
        396 473 474 -1
        396 474 475 -1
        396 475 476 -1
        396 476 477 -1
        396 477 478 -1
        396 478 479 -1
        396 479 480 -1
        396 480 481 -1
        396 481 482 -1
        396 482 483 -1
        396 483 484 -1
        396 484 485 -1
        396 485 486 -1
        396 486 487 -1
        396 496 498 -1
        396 502 380 -1
        396 400 402 -1
        396 487 491 -1
        396 429 431 -1
        396 491 496 -1
        396 498 502 -1
        396 402 404 -1
        396 384 389 -1
        396 389 391 -1
        491 487 488 -1
        491 488 489 -1
        491 489 490 -1
        495 493 494 -1
        496 491 492 -1
        496 492 493 -1
        496 493 495 -1
        498 496 497 -1
        502 498 499 -1
        502 499 500 -1
        502 500 501 -1
        505 503 504 -1
        380 502 503 -1
        380 503 505 -1
        387 385 386 -1
      ]
    }
  }
  # pin1_mark  material=pin1
  Shape {
    appearance Appearance {
      material Material {
        diffuseColor 0.8800 0.8800 0.9000
        specularColor 0.5500 0.5500 0.5800
        shininess 0.400
        ambientIntensity 0.220
        emissiveColor 0 0 0
        transparency 0.000
      }
    }
    geometry IndexedFaceSet {
      solid TRUE
      creaseAngle 0.9
      coord Coordinate { point [
        -0.0346457 -0.0874016 0.0377953
        -0.0346457 -0.0874016 0.0385827
        -0.0346515 -0.0871661 0.0385827
        -0.0346691 -0.0869312 0.0385827
        -0.0346984 -0.0866974 0.0385827
        -0.0347393 -0.0864655 0.0385827
        -0.0347918 -0.0862358 0.0385827
        -0.0348556 -0.0860090 0.0385827
        -0.0349306 -0.0857857 0.0385827
        -0.0350166 -0.0855664 0.0385827
        -0.0351135 -0.0853517 0.0385827
        -0.0352210 -0.0851421 0.0385827
        -0.0353388 -0.0849381 0.0385827
        -0.0354666 -0.0847402 0.0385827
        -0.0356041 -0.0845490 0.0385827
        -0.0357510 -0.0843648 0.0385827
        -0.0359068 -0.0841882 0.0385827
        -0.0360713 -0.0840195 0.0385827
        -0.0362440 -0.0838593 0.0385827
        -0.0364245 -0.0837079 0.0385827
        -0.0366122 -0.0835656 0.0385827
        -0.0368069 -0.0834329 0.0385827
        -0.0370079 -0.0833101 0.0385827
        -0.0372148 -0.0831975 0.0385827
        -0.0374270 -0.0830952 0.0385827
        -0.0376441 -0.0830037 0.0385827
        -0.0378654 -0.0829232 0.0385827
        -0.0380905 -0.0828537 0.0385827
        -0.0383188 -0.0827956 0.0385827
        -0.0385497 -0.0827489 0.0385827
        -0.0387826 -0.0827138 0.0385827
        -0.0390170 -0.0826904 0.0385827
        -0.0392523 -0.0826786 0.0385827
        -0.0394879 -0.0826786 0.0385827
        -0.0397231 -0.0826904 0.0385827
        -0.0399575 -0.0827138 0.0385827
        -0.0401905 -0.0827489 0.0385827
        -0.0404214 -0.0827956 0.0385827
        -0.0406496 -0.0828537 0.0385827
        -0.0408747 -0.0829232 0.0385827
        -0.0410961 -0.0830037 0.0385827
        -0.0413132 -0.0830952 0.0385827
        -0.0415254 -0.0831975 0.0385827
        -0.0417323 -0.0833101 0.0385827
        -0.0419333 -0.0834329 0.0385827
        -0.0421279 -0.0835656 0.0385827
        -0.0423157 -0.0837079 0.0385827
        -0.0424962 -0.0838593 0.0385827
        -0.0426688 -0.0840195 0.0385827
        -0.0428333 -0.0841882 0.0385827
        -0.0429892 -0.0843648 0.0385827
        -0.0431361 -0.0845490 0.0385827
        -0.0432736 -0.0847402 0.0385827
        -0.0434014 -0.0849381 0.0385827
        -0.0435192 -0.0851421 0.0385827
        -0.0436266 -0.0853517 0.0385827
        -0.0437235 -0.0855664 0.0385827
        -0.0438096 -0.0857857 0.0385827
        -0.0438846 -0.0860090 0.0385827
        -0.0439484 -0.0862358 0.0385827
        -0.0440008 -0.0864655 0.0385827
        -0.0440417 -0.0866974 0.0385827
        -0.0440710 -0.0869312 0.0385827
        -0.0440886 -0.0871661 0.0385827
        -0.0440945 -0.0874016 0.0385827
        -0.0440886 -0.0876371 0.0385827
        -0.0440710 -0.0878720 0.0385827
        -0.0440417 -0.0881057 0.0385827
        -0.0440008 -0.0883377 0.0385827
        -0.0439484 -0.0885674 0.0385827
        -0.0438846 -0.0887941 0.0385827
        -0.0438096 -0.0890174 0.0385827
        -0.0437235 -0.0892367 0.0385827
        -0.0436266 -0.0894514 0.0385827
        -0.0435192 -0.0896610 0.0385827
        -0.0434014 -0.0898650 0.0385827
        -0.0432736 -0.0900629 0.0385827
        -0.0431361 -0.0902542 0.0385827
        -0.0429892 -0.0904384 0.0385827
        -0.0428333 -0.0906150 0.0385827
        -0.0426688 -0.0907836 0.0385827
        -0.0424962 -0.0909438 0.0385827
        -0.0423157 -0.0910953 0.0385827
        -0.0421279 -0.0912375 0.0385827
        -0.0419333 -0.0913702 0.0385827
        -0.0417323 -0.0914930 0.0385827
        -0.0415254 -0.0916057 0.0385827
        -0.0413132 -0.0917079 0.0385827
        -0.0410961 -0.0917994 0.0385827
        -0.0408747 -0.0918800 0.0385827
        -0.0406496 -0.0919494 0.0385827
        -0.0404214 -0.0920075 0.0385827
        -0.0401905 -0.0920542 0.0385827
        -0.0399575 -0.0920893 0.0385827
        -0.0397231 -0.0921128 0.0385827
        -0.0394879 -0.0921245 0.0385827
        -0.0392523 -0.0921245 0.0385827
        -0.0390170 -0.0921128 0.0385827
        -0.0387826 -0.0920893 0.0385827
        -0.0385497 -0.0920542 0.0385827
        -0.0383188 -0.0920075 0.0385827
        -0.0380905 -0.0919494 0.0385827
        -0.0378654 -0.0918800 0.0385827
        -0.0376441 -0.0917994 0.0385827
        -0.0374270 -0.0917079 0.0385827
        -0.0372148 -0.0916057 0.0385827
        -0.0370079 -0.0914930 0.0385827
        -0.0368069 -0.0913702 0.0385827
        -0.0366122 -0.0912375 0.0385827
        -0.0364245 -0.0910953 0.0385827
        -0.0362440 -0.0909438 0.0385827
        -0.0360713 -0.0907836 0.0385827
        -0.0359068 -0.0906150 0.0385827
        -0.0357510 -0.0904384 0.0385827
        -0.0356041 -0.0902542 0.0385827
        -0.0354666 -0.0900629 0.0385827
        -0.0353388 -0.0898650 0.0385827
        -0.0352210 -0.0896610 0.0385827
        -0.0351135 -0.0894514 0.0385827
        -0.0350166 -0.0892367 0.0385827
        -0.0349306 -0.0890174 0.0385827
        -0.0348556 -0.0887941 0.0385827
        -0.0347918 -0.0885674 0.0385827
        -0.0347393 -0.0883377 0.0385827
        -0.0346984 -0.0881057 0.0385827
        -0.0346691 -0.0878720 0.0385827
        -0.0346515 -0.0876371 0.0385827
        -0.0346457 -0.0874016 0.0385827
        -0.0346457 -0.0874016 0.0377953
        -0.0346515 -0.0871661 0.0377953
        -0.0346691 -0.0869312 0.0377953
        -0.0346984 -0.0866974 0.0377953
        -0.0347393 -0.0864655 0.0377953
        -0.0347918 -0.0862358 0.0377953
        -0.0348556 -0.0860090 0.0377953
        -0.0349306 -0.0857857 0.0377953
        -0.0350166 -0.0855664 0.0377953
        -0.0351135 -0.0853517 0.0377953
        -0.0352210 -0.0851421 0.0377953
        -0.0353388 -0.0849381 0.0377953
        -0.0354666 -0.0847402 0.0377953
        -0.0356041 -0.0845490 0.0377953
        -0.0357510 -0.0843648 0.0377953
        -0.0359068 -0.0841882 0.0377953
        -0.0360713 -0.0840195 0.0377953
        -0.0362440 -0.0838593 0.0377953
        -0.0364245 -0.0837079 0.0377953
        -0.0366122 -0.0835656 0.0377953
        -0.0368069 -0.0834329 0.0377953
        -0.0370079 -0.0833101 0.0377953
        -0.0372148 -0.0831975 0.0377953
        -0.0374270 -0.0830952 0.0377953
        -0.0376441 -0.0830037 0.0377953
        -0.0378654 -0.0829232 0.0377953
        -0.0380905 -0.0828537 0.0377953
        -0.0383188 -0.0827956 0.0377953
        -0.0385497 -0.0827489 0.0377953
        -0.0387826 -0.0827138 0.0377953
        -0.0390170 -0.0826904 0.0377953
        -0.0392523 -0.0826786 0.0377953
        -0.0394879 -0.0826786 0.0377953
        -0.0397231 -0.0826904 0.0377953
        -0.0399575 -0.0827138 0.0377953
        -0.0401905 -0.0827489 0.0377953
        -0.0404214 -0.0827956 0.0377953
        -0.0406496 -0.0828537 0.0377953
        -0.0408747 -0.0829232 0.0377953
        -0.0410961 -0.0830037 0.0377953
        -0.0413132 -0.0830952 0.0377953
        -0.0415254 -0.0831975 0.0377953
        -0.0417323 -0.0833101 0.0377953
        -0.0419333 -0.0834329 0.0377953
        -0.0421279 -0.0835656 0.0377953
        -0.0423157 -0.0837079 0.0377953
        -0.0424962 -0.0838593 0.0377953
        -0.0426688 -0.0840195 0.0377953
        -0.0428333 -0.0841882 0.0377953
        -0.0429892 -0.0843648 0.0377953
        -0.0431361 -0.0845490 0.0377953
        -0.0432736 -0.0847402 0.0377953
        -0.0434014 -0.0849381 0.0377953
        -0.0435192 -0.0851421 0.0377953
        -0.0436266 -0.0853517 0.0377953
        -0.0437235 -0.0855664 0.0377953
        -0.0438096 -0.0857857 0.0377953
        -0.0438846 -0.0860090 0.0377953
        -0.0439484 -0.0862358 0.0377953
        -0.0440008 -0.0864655 0.0377953
        -0.0440417 -0.0866974 0.0377953
        -0.0440710 -0.0869312 0.0377953
        -0.0440886 -0.0871661 0.0377953
        -0.0440945 -0.0874016 0.0377953
        -0.0440886 -0.0876371 0.0377953
        -0.0440710 -0.0878720 0.0377953
        -0.0440417 -0.0881057 0.0377953
        -0.0440008 -0.0883377 0.0377953
        -0.0439484 -0.0885674 0.0377953
        -0.0438846 -0.0887941 0.0377953
        -0.0438096 -0.0890174 0.0377953
        -0.0437235 -0.0892367 0.0377953
        -0.0436266 -0.0894514 0.0377953
        -0.0435192 -0.0896610 0.0377953
        -0.0434014 -0.0898650 0.0377953
        -0.0432736 -0.0900629 0.0377953
        -0.0431361 -0.0902542 0.0377953
        -0.0429892 -0.0904384 0.0377953
        -0.0428333 -0.0906150 0.0377953
        -0.0426688 -0.0907836 0.0377953
        -0.0424962 -0.0909438 0.0377953
        -0.0423157 -0.0910953 0.0377953
        -0.0421279 -0.0912375 0.0377953
        -0.0419333 -0.0913702 0.0377953
        -0.0417323 -0.0914930 0.0377953
        -0.0415254 -0.0916057 0.0377953
        -0.0413132 -0.0917079 0.0377953
        -0.0410961 -0.0917994 0.0377953
        -0.0408747 -0.0918800 0.0377953
        -0.0406496 -0.0919494 0.0377953
        -0.0404214 -0.0920075 0.0377953
        -0.0401905 -0.0920542 0.0377953
        -0.0399575 -0.0920893 0.0377953
        -0.0397231 -0.0921128 0.0377953
        -0.0394879 -0.0921245 0.0377953
        -0.0392523 -0.0921245 0.0377953
        -0.0390170 -0.0921128 0.0377953
        -0.0387826 -0.0920893 0.0377953
        -0.0385497 -0.0920542 0.0377953
        -0.0383188 -0.0920075 0.0377953
        -0.0380905 -0.0919494 0.0377953
        -0.0378654 -0.0918800 0.0377953
        -0.0376441 -0.0917994 0.0377953
        -0.0374270 -0.0917079 0.0377953
        -0.0372148 -0.0916057 0.0377953
        -0.0370079 -0.0914930 0.0377953
        -0.0368069 -0.0913702 0.0377953
        -0.0366122 -0.0912375 0.0377953
        -0.0364245 -0.0910953 0.0377953
        -0.0362440 -0.0909438 0.0377953
        -0.0360713 -0.0907836 0.0377953
        -0.0359068 -0.0906150 0.0377953
        -0.0357510 -0.0904384 0.0377953
        -0.0356041 -0.0902542 0.0377953
        -0.0354666 -0.0900629 0.0377953
        -0.0353388 -0.0898650 0.0377953
        -0.0352210 -0.0896610 0.0377953
        -0.0351135 -0.0894514 0.0377953
        -0.0350166 -0.0892367 0.0377953
        -0.0349306 -0.0890174 0.0377953
        -0.0348556 -0.0887941 0.0377953
        -0.0347918 -0.0885674 0.0377953
        -0.0347393 -0.0883377 0.0377953
        -0.0346984 -0.0881057 0.0377953
        -0.0346691 -0.0878720 0.0377953
        -0.0346515 -0.0876371 0.0377953
        -0.0346457 -0.0874016 0.0377953
        -0.0346515 -0.0871661 0.0377953
        -0.0346691 -0.0869312 0.0377953
        -0.0346984 -0.0866974 0.0377953
        -0.0347393 -0.0864655 0.0377953
        -0.0347918 -0.0862358 0.0377953
        -0.0348556 -0.0860090 0.0377953
        -0.0349306 -0.0857857 0.0377953
        -0.0350166 -0.0855664 0.0377953
        -0.0351135 -0.0853517 0.0377953
        -0.0352210 -0.0851421 0.0377953
        -0.0353388 -0.0849381 0.0377953
        -0.0354666 -0.0847402 0.0377953
        -0.0356041 -0.0845490 0.0377953
        -0.0357510 -0.0843648 0.0377953
        -0.0359068 -0.0841882 0.0377953
        -0.0360713 -0.0840195 0.0377953
        -0.0362440 -0.0838593 0.0377953
        -0.0364245 -0.0837079 0.0377953
        -0.0366122 -0.0835656 0.0377953
        -0.0368069 -0.0834329 0.0377953
        -0.0370079 -0.0833101 0.0377953
        -0.0372148 -0.0831975 0.0377953
        -0.0374270 -0.0830952 0.0377953
        -0.0376441 -0.0830037 0.0377953
        -0.0378654 -0.0829232 0.0377953
        -0.0380905 -0.0828537 0.0377953
        -0.0383188 -0.0827956 0.0377953
        -0.0385497 -0.0827489 0.0377953
        -0.0387826 -0.0827138 0.0377953
        -0.0390170 -0.0826904 0.0377953
        -0.0392523 -0.0826786 0.0377953
        -0.0394879 -0.0826786 0.0377953
        -0.0397231 -0.0826904 0.0377953
        -0.0399575 -0.0827138 0.0377953
        -0.0401905 -0.0827489 0.0377953
        -0.0404214 -0.0827956 0.0377953
        -0.0406496 -0.0828537 0.0377953
        -0.0408747 -0.0829232 0.0377953
        -0.0410961 -0.0830037 0.0377953
        -0.0413132 -0.0830952 0.0377953
        -0.0415254 -0.0831975 0.0377953
        -0.0417323 -0.0833101 0.0377953
        -0.0419333 -0.0834329 0.0377953
        -0.0421279 -0.0835656 0.0377953
        -0.0423157 -0.0837079 0.0377953
        -0.0424962 -0.0838593 0.0377953
        -0.0426688 -0.0840195 0.0377953
        -0.0428333 -0.0841882 0.0377953
        -0.0429892 -0.0843648 0.0377953
        -0.0431361 -0.0845490 0.0377953
        -0.0432736 -0.0847402 0.0377953
        -0.0434014 -0.0849381 0.0377953
        -0.0435192 -0.0851421 0.0377953
        -0.0436266 -0.0853517 0.0377953
        -0.0437235 -0.0855664 0.0377953
        -0.0438096 -0.0857857 0.0377953
        -0.0438846 -0.0860090 0.0377953
        -0.0439484 -0.0862358 0.0377953
        -0.0440008 -0.0864655 0.0377953
        -0.0440417 -0.0866974 0.0377953
        -0.0440710 -0.0869312 0.0377953
        -0.0440886 -0.0871661 0.0377953
        -0.0440945 -0.0874016 0.0377953
        -0.0440886 -0.0876371 0.0377953
        -0.0440710 -0.0878720 0.0377953
        -0.0440417 -0.0881057 0.0377953
        -0.0440008 -0.0883377 0.0377953
        -0.0439484 -0.0885674 0.0377953
        -0.0438846 -0.0887941 0.0377953
        -0.0438096 -0.0890174 0.0377953
        -0.0437235 -0.0892367 0.0377953
        -0.0436266 -0.0894514 0.0377953
        -0.0435192 -0.0896610 0.0377953
        -0.0434014 -0.0898650 0.0377953
        -0.0432736 -0.0900629 0.0377953
        -0.0431361 -0.0902542 0.0377953
        -0.0429892 -0.0904384 0.0377953
        -0.0428333 -0.0906150 0.0377953
        -0.0426688 -0.0907836 0.0377953
        -0.0424962 -0.0909438 0.0377953
        -0.0423157 -0.0910953 0.0377953
        -0.0421279 -0.0912375 0.0377953
        -0.0419333 -0.0913702 0.0377953
        -0.0417323 -0.0914930 0.0377953
        -0.0415254 -0.0916057 0.0377953
        -0.0413132 -0.0917079 0.0377953
        -0.0410961 -0.0917994 0.0377953
        -0.0408747 -0.0918800 0.0377953
        -0.0406496 -0.0919494 0.0377953
        -0.0404214 -0.0920075 0.0377953
        -0.0401905 -0.0920542 0.0377953
        -0.0399575 -0.0920893 0.0377953
        -0.0397231 -0.0921128 0.0377953
        -0.0394879 -0.0921245 0.0377953
        -0.0392523 -0.0921245 0.0377953
        -0.0390170 -0.0921128 0.0377953
        -0.0387826 -0.0920893 0.0377953
        -0.0385497 -0.0920542 0.0377953
        -0.0383188 -0.0920075 0.0377953
        -0.0380905 -0.0919494 0.0377953
        -0.0378654 -0.0918800 0.0377953
        -0.0376441 -0.0917994 0.0377953
        -0.0374270 -0.0917079 0.0377953
        -0.0372148 -0.0916057 0.0377953
        -0.0370079 -0.0914930 0.0377953
        -0.0368069 -0.0913702 0.0377953
        -0.0366122 -0.0912375 0.0377953
        -0.0364245 -0.0910953 0.0377953
        -0.0362440 -0.0909438 0.0377953
        -0.0360713 -0.0907836 0.0377953
        -0.0359068 -0.0906150 0.0377953
        -0.0357510 -0.0904384 0.0377953
        -0.0356041 -0.0902542 0.0377953
        -0.0354666 -0.0900629 0.0377953
        -0.0353388 -0.0898650 0.0377953
        -0.0352210 -0.0896610 0.0377953
        -0.0351135 -0.0894514 0.0377953
        -0.0350166 -0.0892367 0.0377953
        -0.0349306 -0.0890174 0.0377953
        -0.0348556 -0.0887941 0.0377953
        -0.0347918 -0.0885674 0.0377953
        -0.0347393 -0.0883377 0.0377953
        -0.0346984 -0.0881057 0.0377953
        -0.0346691 -0.0878720 0.0377953
        -0.0346515 -0.0876371 0.0377953
        -0.0346457 -0.0874016 0.0385827
        -0.0346515 -0.0871661 0.0385827
        -0.0346691 -0.0869312 0.0385827
        -0.0346984 -0.0866974 0.0385827
        -0.0347393 -0.0864655 0.0385827
        -0.0347918 -0.0862358 0.0385827
        -0.0348556 -0.0860090 0.0385827
        -0.0349306 -0.0857857 0.0385827
        -0.0350166 -0.0855664 0.0385827
        -0.0351135 -0.0853517 0.0385827
        -0.0352210 -0.0851421 0.0385827
        -0.0353388 -0.0849381 0.0385827
        -0.0354666 -0.0847402 0.0385827
        -0.0356041 -0.0845490 0.0385827
        -0.0357510 -0.0843648 0.0385827
        -0.0359068 -0.0841882 0.0385827
        -0.0360713 -0.0840195 0.0385827
        -0.0362440 -0.0838593 0.0385827
        -0.0364245 -0.0837079 0.0385827
        -0.0366122 -0.0835656 0.0385827
        -0.0368069 -0.0834329 0.0385827
        -0.0370079 -0.0833101 0.0385827
        -0.0372148 -0.0831975 0.0385827
        -0.0374270 -0.0830952 0.0385827
        -0.0376441 -0.0830037 0.0385827
        -0.0378654 -0.0829232 0.0385827
        -0.0380905 -0.0828537 0.0385827
        -0.0383188 -0.0827956 0.0385827
        -0.0385497 -0.0827489 0.0385827
        -0.0387826 -0.0827138 0.0385827
        -0.0390170 -0.0826904 0.0385827
        -0.0392523 -0.0826786 0.0385827
        -0.0394879 -0.0826786 0.0385827
        -0.0397231 -0.0826904 0.0385827
        -0.0399575 -0.0827138 0.0385827
        -0.0401905 -0.0827489 0.0385827
        -0.0404214 -0.0827956 0.0385827
        -0.0406496 -0.0828537 0.0385827
        -0.0408747 -0.0829232 0.0385827
        -0.0410961 -0.0830037 0.0385827
        -0.0413132 -0.0830952 0.0385827
        -0.0415254 -0.0831975 0.0385827
        -0.0417323 -0.0833101 0.0385827
        -0.0419333 -0.0834329 0.0385827
        -0.0421279 -0.0835656 0.0385827
        -0.0423157 -0.0837079 0.0385827
        -0.0424962 -0.0838593 0.0385827
        -0.0426688 -0.0840195 0.0385827
        -0.0428333 -0.0841882 0.0385827
        -0.0429892 -0.0843648 0.0385827
        -0.0431361 -0.0845490 0.0385827
        -0.0432736 -0.0847402 0.0385827
        -0.0434014 -0.0849381 0.0385827
        -0.0435192 -0.0851421 0.0385827
        -0.0436266 -0.0853517 0.0385827
        -0.0437235 -0.0855664 0.0385827
        -0.0438096 -0.0857857 0.0385827
        -0.0438846 -0.0860090 0.0385827
        -0.0439484 -0.0862358 0.0385827
        -0.0440008 -0.0864655 0.0385827
        -0.0440417 -0.0866974 0.0385827
        -0.0440710 -0.0869312 0.0385827
        -0.0440886 -0.0871661 0.0385827
        -0.0440945 -0.0874016 0.0385827
        -0.0440886 -0.0876371 0.0385827
        -0.0440710 -0.0878720 0.0385827
        -0.0440417 -0.0881057 0.0385827
        -0.0440008 -0.0883377 0.0385827
        -0.0439484 -0.0885674 0.0385827
        -0.0438846 -0.0887941 0.0385827
        -0.0438096 -0.0890174 0.0385827
        -0.0437235 -0.0892367 0.0385827
        -0.0436266 -0.0894514 0.0385827
        -0.0435192 -0.0896610 0.0385827
        -0.0434014 -0.0898650 0.0385827
        -0.0432736 -0.0900629 0.0385827
        -0.0431361 -0.0902542 0.0385827
        -0.0429892 -0.0904384 0.0385827
        -0.0428333 -0.0906150 0.0385827
        -0.0426688 -0.0907836 0.0385827
        -0.0424962 -0.0909438 0.0385827
        -0.0423157 -0.0910953 0.0385827
        -0.0421279 -0.0912375 0.0385827
        -0.0419333 -0.0913702 0.0385827
        -0.0417323 -0.0914930 0.0385827
        -0.0415254 -0.0916057 0.0385827
        -0.0413132 -0.0917079 0.0385827
        -0.0410961 -0.0917994 0.0385827
        -0.0408747 -0.0918800 0.0385827
        -0.0406496 -0.0919494 0.0385827
        -0.0404214 -0.0920075 0.0385827
        -0.0401905 -0.0920542 0.0385827
        -0.0399575 -0.0920893 0.0385827
        -0.0397231 -0.0921128 0.0385827
        -0.0394879 -0.0921245 0.0385827
        -0.0392523 -0.0921245 0.0385827
        -0.0390170 -0.0921128 0.0385827
        -0.0387826 -0.0920893 0.0385827
        -0.0385497 -0.0920542 0.0385827
        -0.0383188 -0.0920075 0.0385827
        -0.0380905 -0.0919494 0.0385827
        -0.0378654 -0.0918800 0.0385827
        -0.0376441 -0.0917994 0.0385827
        -0.0374270 -0.0917079 0.0385827
        -0.0372148 -0.0916057 0.0385827
        -0.0370079 -0.0914930 0.0385827
        -0.0368069 -0.0913702 0.0385827
        -0.0366122 -0.0912375 0.0385827
        -0.0364245 -0.0910953 0.0385827
        -0.0362440 -0.0909438 0.0385827
        -0.0360713 -0.0907836 0.0385827
        -0.0359068 -0.0906150 0.0385827
        -0.0357510 -0.0904384 0.0385827
        -0.0356041 -0.0902542 0.0385827
        -0.0354666 -0.0900629 0.0385827
        -0.0353388 -0.0898650 0.0385827
        -0.0352210 -0.0896610 0.0385827
        -0.0351135 -0.0894514 0.0385827
        -0.0350166 -0.0892367 0.0385827
        -0.0349306 -0.0890174 0.0385827
        -0.0348556 -0.0887941 0.0385827
        -0.0347918 -0.0885674 0.0385827
        -0.0347393 -0.0883377 0.0385827
        -0.0346984 -0.0881057 0.0385827
        -0.0346691 -0.0878720 0.0385827
        -0.0346515 -0.0876371 0.0385827
      ] }
      coordIndex [
        129 1 0 -1
        129 2 1 -1
        130 3 2 -1
        130 2 129 -1
        131 4 3 -1
        131 3 130 -1
        132 5 4 -1
        132 4 131 -1
        133 6 5 -1
        133 5 132 -1
        134 7 6 -1
        134 6 133 -1
        135 8 7 -1
        135 7 134 -1
        136 9 8 -1
        136 8 135 -1
        137 10 9 -1
        137 9 136 -1
        138 11 10 -1
        138 10 137 -1
        139 11 138 -1
        139 12 11 -1
        140 12 139 -1
        140 13 12 -1
        141 13 140 -1
        141 14 13 -1
        142 14 141 -1
        142 15 14 -1
        143 16 15 -1
        143 15 142 -1
        144 17 16 -1
        144 16 143 -1
        145 18 17 -1
        145 17 144 -1
        146 19 18 -1
        146 18 145 -1
        147 20 19 -1
        147 19 146 -1
        148 21 20 -1
        148 20 147 -1
        149 22 21 -1
        149 21 148 -1
        150 23 22 -1
        150 22 149 -1
        151 24 23 -1
        151 23 150 -1
        152 25 24 -1
        152 24 151 -1
        153 26 25 -1
        153 25 152 -1
        154 27 26 -1
        154 26 153 -1
        155 28 27 -1
        155 27 154 -1
        156 29 28 -1
        156 28 155 -1
        157 30 29 -1
        157 29 156 -1
        158 31 30 -1
        158 30 157 -1
        159 32 31 -1
        159 31 158 -1
        160 33 32 -1
        160 32 159 -1
        161 34 33 -1
        161 33 160 -1
        162 35 34 -1
        162 34 161 -1
        163 36 35 -1
        163 35 162 -1
        164 37 36 -1
        164 36 163 -1
        165 37 164 -1
        165 38 37 -1
        166 38 165 -1
        166 39 38 -1
        167 39 166 -1
        167 40 39 -1
        168 40 167 -1
        168 41 40 -1
        169 41 168 -1
        169 42 41 -1
        170 42 169 -1
        170 43 42 -1
        171 43 170 -1
        171 44 43 -1
        172 44 171 -1
        172 45 44 -1
        173 45 172 -1
        173 46 45 -1
        174 46 173 -1
        174 47 46 -1
        175 47 174 -1
        175 48 47 -1
        176 49 48 -1
        176 48 175 -1
        177 50 49 -1
        177 49 176 -1
        178 51 50 -1
        178 50 177 -1
        179 52 51 -1
        179 51 178 -1
        180 53 52 -1
        180 52 179 -1
        181 54 53 -1
        181 53 180 -1
        182 55 54 -1
        182 54 181 -1
        183 56 55 -1
        183 55 182 -1
        184 57 56 -1
        184 56 183 -1
        185 58 57 -1
        185 57 184 -1
        186 59 58 -1
        186 58 185 -1
        187 60 59 -1
        187 59 186 -1
        188 61 60 -1
        188 60 187 -1
        189 62 61 -1
        189 61 188 -1
        190 62 189 -1
        190 63 62 -1
        191 63 190 -1
        191 64 63 -1
        192 64 191 -1
        192 65 64 -1
        193 65 192 -1
        193 66 65 -1
        194 66 193 -1
        194 67 66 -1
        195 67 194 -1
        195 68 67 -1
        196 68 195 -1
        196 69 68 -1
        197 69 196 -1
        197 70 69 -1
        198 70 197 -1
        198 71 70 -1
        199 71 198 -1
        199 72 71 -1
        200 72 199 -1
        200 73 72 -1
        201 73 200 -1
        201 74 73 -1
        202 74 201 -1
        202 75 74 -1
        203 75 202 -1
        203 76 75 -1
        203 77 76 -1
        204 77 203 -1
        205 77 204 -1
        205 78 77 -1
        206 78 205 -1
        206 79 78 -1
        206 80 79 -1
        207 80 206 -1
        208 80 207 -1
        208 81 80 -1
        208 82 81 -1
        209 82 208 -1
        210 82 209 -1
        210 83 82 -1
        211 84 83 -1
        211 83 210 -1
        211 85 84 -1
        212 85 211 -1
        213 86 85 -1
        213 85 212 -1
        214 87 86 -1
        214 88 87 -1
        214 86 213 -1
        215 88 214 -1
        215 89 88 -1
        216 89 215 -1
        217 89 216 -1
        217 90 89 -1
        218 90 217 -1
        218 91 90 -1
        219 91 218 -1
        219 92 91 -1
        220 92 219 -1
        220 93 92 -1
        221 93 220 -1
        221 94 93 -1
        221 95 94 -1
        222 95 221 -1
        222 96 95 -1
        223 96 222 -1
        224 96 223 -1
        224 97 96 -1
        225 97 224 -1
        225 98 97 -1
        226 98 225 -1
        226 99 98 -1
        227 99 226 -1
        227 100 99 -1
        228 101 100 -1
        228 100 227 -1
        229 102 101 -1
        229 101 228 -1
        230 103 102 -1
        230 102 229 -1
        231 104 103 -1
        231 103 230 -1
        232 105 104 -1
        232 104 231 -1
        233 106 105 -1
        233 105 232 -1
        234 107 106 -1
        234 106 233 -1
        235 108 107 -1
        235 107 234 -1
        236 109 108 -1
        236 108 235 -1
        237 110 109 -1
        237 109 236 -1
        238 111 110 -1
        238 110 237 -1
        239 112 111 -1
        239 111 238 -1
        240 113 112 -1
        240 112 239 -1
        241 113 240 -1
        241 114 113 -1
        242 114 241 -1
        242 115 114 -1
        242 116 115 -1
        243 116 242 -1
        243 117 116 -1
        244 117 243 -1
        245 118 117 -1
        245 117 244 -1
        246 119 118 -1
        246 118 245 -1
        247 120 119 -1
        247 119 246 -1
        248 121 120 -1
        248 120 247 -1
        249 122 121 -1
        249 121 248 -1
        250 123 122 -1
        250 122 249 -1
        251 124 123 -1
        251 123 250 -1
        252 125 124 -1
        252 124 251 -1
        253 126 125 -1
        253 125 252 -1
        128 126 253 -1
        128 127 126 -1
        261 259 258 -1
        261 260 259 -1
        358 357 356 -1
        265 264 263 -1
        363 362 361 -1
        365 364 363 -1
        272 274 273 -1
        297 299 298 -1
        270 257 256 -1
        270 258 257 -1
        270 262 261 -1
        270 263 262 -1
        270 266 265 -1
        270 267 266 -1
        270 268 267 -1
        270 269 268 -1
        270 272 271 -1
        270 275 274 -1
        270 276 275 -1
        270 277 276 -1
        270 278 277 -1
        270 279 278 -1
        270 280 279 -1
        270 281 280 -1
        270 282 281 -1
        270 283 282 -1
        270 284 283 -1
        270 285 284 -1
        270 286 285 -1
        270 287 286 -1
        270 288 287 -1
        270 289 288 -1
        270 290 289 -1
        270 291 290 -1
        270 292 291 -1
        270 293 292 -1
        270 294 293 -1
        270 295 294 -1
        270 296 295 -1
        270 297 296 -1
        270 300 299 -1
        270 301 300 -1
        270 302 301 -1
        270 303 302 -1
        270 304 303 -1
        270 305 304 -1
        270 306 305 -1
        270 307 306 -1
        270 308 307 -1
        270 309 308 -1
        270 310 309 -1
        270 311 310 -1
        270 312 311 -1
        270 313 312 -1
        270 314 313 -1
        270 315 314 -1
        270 316 315 -1
        270 317 316 -1
        270 318 317 -1
        270 319 318 -1
        270 320 319 -1
        270 321 320 -1
        270 322 321 -1
        270 323 322 -1
        270 324 323 -1
        270 325 324 -1
        270 326 325 -1
        270 327 326 -1
        270 328 327 -1
        270 329 328 -1
        270 330 329 -1
        270 331 330 -1
        270 332 331 -1
        270 333 332 -1
        270 334 333 -1
        270 335 334 -1
        270 336 335 -1
        270 337 336 -1
        270 338 337 -1
        270 339 338 -1
        270 340 339 -1
        270 341 340 -1
        270 342 341 -1
        270 343 342 -1
        270 344 343 -1
        270 345 344 -1
        270 346 345 -1
        270 347 346 -1
        270 348 347 -1
        270 349 348 -1
        270 350 349 -1
        270 351 350 -1
        270 352 351 -1
        270 353 352 -1
        270 354 353 -1
        270 355 354 -1
        270 356 355 -1
        270 359 358 -1
        270 360 359 -1
        270 361 360 -1
        270 366 365 -1
        270 367 366 -1
        270 368 367 -1
        270 369 368 -1
        270 370 369 -1
        270 371 370 -1
        270 372 371 -1
        270 373 372 -1
        270 374 373 -1
        270 375 374 -1
        270 376 375 -1
        270 377 376 -1
        270 378 377 -1
        270 379 378 -1
        270 363 361 -1
        270 299 297 -1
        270 365 363 -1
        270 358 356 -1
        270 261 258 -1
        270 256 379 -1
        270 274 272 -1
        270 265 263 -1
        256 255 254 -1
        256 254 379 -1
        387 384 385 -1
        387 385 386 -1
        484 482 483 -1
        391 389 390 -1
        489 487 488 -1
        491 489 490 -1
        398 399 400 -1
        423 424 425 -1
        396 382 383 -1
        396 383 384 -1
        396 387 388 -1
        396 388 389 -1
        396 391 392 -1
        396 392 393 -1
        396 393 394 -1
        396 394 395 -1
        396 397 398 -1
        396 400 401 -1
        396 401 402 -1
        396 402 403 -1
        396 403 404 -1
        396 404 405 -1
        396 405 406 -1
        396 406 407 -1
        396 407 408 -1
        396 408 409 -1
        396 409 410 -1
        396 410 411 -1
        396 411 412 -1
        396 412 413 -1
        396 413 414 -1
        396 414 415 -1
        396 415 416 -1
        396 416 417 -1
        396 417 418 -1
        396 418 419 -1
        396 419 420 -1
        396 420 421 -1
        396 421 422 -1
        396 422 423 -1
        396 425 426 -1
        396 426 427 -1
        396 427 428 -1
        396 428 429 -1
        396 429 430 -1
        396 430 431 -1
        396 431 432 -1
        396 432 433 -1
        396 433 434 -1
        396 434 435 -1
        396 435 436 -1
        396 436 437 -1
        396 437 438 -1
        396 438 439 -1
        396 439 440 -1
        396 440 441 -1
        396 441 442 -1
        396 442 443 -1
        396 443 444 -1
        396 444 445 -1
        396 445 446 -1
        396 446 447 -1
        396 447 448 -1
        396 448 449 -1
        396 449 450 -1
        396 450 451 -1
        396 451 452 -1
        396 452 453 -1
        396 453 454 -1
        396 454 455 -1
        396 455 456 -1
        396 456 457 -1
        396 457 458 -1
        396 458 459 -1
        396 459 460 -1
        396 460 461 -1
        396 461 462 -1
        396 462 463 -1
        396 463 464 -1
        396 464 465 -1
        396 465 466 -1
        396 466 467 -1
        396 467 468 -1
        396 468 469 -1
        396 469 470 -1
        396 470 471 -1
        396 471 472 -1
        396 472 473 -1
        396 473 474 -1
        396 474 475 -1
        396 475 476 -1
        396 476 477 -1
        396 477 478 -1
        396 478 479 -1
        396 479 480 -1
        396 480 481 -1
        396 481 482 -1
        396 484 485 -1
        396 485 486 -1
        396 486 487 -1
        396 491 492 -1
        396 492 493 -1
        396 493 494 -1
        396 494 495 -1
        396 495 496 -1
        396 496 497 -1
        396 497 498 -1
        396 498 499 -1
        396 499 500 -1
        396 500 501 -1
        396 501 502 -1
        396 502 503 -1
        396 503 504 -1
        396 504 505 -1
        396 487 489 -1
        396 423 425 -1
        396 489 491 -1
        396 482 484 -1
        396 384 387 -1
        396 505 382 -1
        396 398 400 -1
        396 389 391 -1
        382 380 381 -1
        382 505 380 -1
      ]
    }
  }
] }
